pca_1,pca_2,cluster
-1.6836487915335967,-1.0722414849702824,0
-1.1340849338928733,2.509149806907927,4
0.9693949881955953,-0.38357690259020444,1
-0.8882203933584536,0.004648422505490306,0
-1.6000209527055862,-0.6837952385254024,0
0.25296133640780716,-0.7763781138146596,1
6.350168698529906,-0.7045601665736897,2
0.2760802328972654,-1.2881453645406122,1
-0.44216972843857355,-0.4594962408531706,1
-0.5638290416090295,-0.36672094793050325,0
0.5412243386462222,-1.309473844454396,1
-0.6860707804980907,-0.7836631362346027,1
1.9785453477493224,-1.3236240584287375,1
1.5592611874235118,-0.8806174603109731,1
-1.586504612885382,0.23823479574699644,0
0.7952326246689948,1.8483049587987783,4
-2.095808186439573,0.9594123107442608,0
-0.9590851980608458,-1.5757743967185436,1
0.5009050066538854,-0.09518659540234815,1
0.7978026846707673,0.06168003620584392,1
-0.12716607339797592,-0.05405362637439073,1
5.528002479957899,1.7343578704202738,2
0.41506038605747414,-1.7388763867301769,1
2.8075028959807544,3.694182760548333,4
-1.4207512147115355,1.9315859216501028,0
0.16263382463230058,-1.6310025262215877,1
-1.4420878020444876,0.4354277730966401,0
-0.05063148606448498,-1.7705273031474398,1
-0.005996130748907182,4.131105025478635,4
-0.7716181604000305,-0.8628181368044049,0
3.7644917021812194,4.2939890605459485,4
1.409325389937779,-0.6867292166929531,1
-0.5644573526646794,2.1393114843229792,4
0.3724880034661838,-1.4611912881391784,1
2.032723142172891,1.426967735433518,2
-1.7597171841358081,-0.17472485614038127,0
-1.4149648379145332,5.479818456347458,4
1.8466985644507365,1.2535500981384864,2
-0.9517340961140657,3.1478065910106645,4
0.6684435451586869,3.512300750781142,4
-1.7522811093257191,0.7081708723651107,0
0.44741759382815766,0.6536245138816832,1
-1.1120842562344013,0.3099857461701568,0
-1.812703566641051,0.017368236168957777,0
1.8916858128709726,-0.08378939644855014,2
-0.8932037348736028,-0.1295837374661958,0
-1.795788435290722,-0.7379576069610589,0
-1.798102040086007,2.0318175543786388,0
3.5428746842883942,-2.0131517171139683,2
-1.0852504706414128,-0.12049399253675154,0
0.36880812479481584,7.147456036312234,4
1.5428992982206549,-0.832333987658264,1
-1.725547736609642,0.47628217001157763,0
0.47014262044858357,-0.10395588073005,1
-0.7346705448951739,-1.65415329865547,1
-0.47160410677487885,-0.35189220344516436,0
-1.1229456614168578,1.2646224786487512,0
4.007176261101993,0.05864977780490474,2
-1.5738471521393138,0.8910006226549103,0
-0.4853164772076033,1.647262939613611,0
-0.905706263041005,-0.049542736574976314,0
-1.5357553771830124,-0.4988534659369975,0
-1.6579896693862013,2.1868709505854964,4
-1.8086795808462064,-1.3280135105522848,0
2.151041159169984,-0.16761244869336356,2
-0.39972355159468614,-0.7256795021624727,1
-2.1830075149062527,-0.20658137240100516,0
-1.899054277460925,0.9418263345282347,0
0.5543458733703037,0.25972124837830923,1
-0.38750981529880696,-0.40851837707280875,1
0.39626690914181867,1.070244379640597,0
4.767085626318398,10.953197935307463,4
-1.6448651304204709,0.3366971783327129,0
-0.5311485219343741,-0.7287656564688995,1
-0.6500180802195716,-0.5718003241462174,0
0.7738071613666235,0.1656325607363373,1
1.3623708425636538,-0.10987553189011932,1
-0.3295233814049379,-1.2667683829301637,1
-1.6393330962771302,0.20868111756702828,0
0.021995876143792358,3.112653981827093,4
-0.14898246066317053,-1.3508225429242264,1
-1.888992445885539,0.5963259860728237,0
-0.39372101298300827,-0.9569317178036093,1
-0.4876374889926379,-2.130991855690624,1
3.9323500267302265,0.31647322434552344,2
2.224329955411983,-0.8591790255774555,2
2.2988514323168845,4.983204571664299,4
3.267496245924661,5.00236668387281,4
-1.2278403599504282,0.5100122354312342,0
-1.3695992130147474,3.331150026534042,4
4.938175264237411,2.1681686021994855,2
0.4248373419771163,2.544819874050368,4
-1.5979110078003154,-0.2152500984483199,0
-1.245765862461142,-0.5893349557791776,0
-1.1083001997503679,-0.4475588026002962,0
-1.7769140233379461,-0.1627989333658976,0
0.18882696651410635,-0.5085236938250375,1
-1.819562330904105,1.8229001537375467,0
-0.9847188705643029,-1.66642776487631,1
-2.6370064933532587,-0.8712476277395722,0
-1.9873244232305716,-1.0830123272162824,0
0.30502991871783164,-2.094183812956176,1
4.229993629683108,0.17098946285098063,2
0.05669368863961926,-2.0933980941795642,1
-1.4796036852563512,0.06960970372113952,0
-0.8871802497435959,1.1034478200934283,0
0.5706250569453079,-1.593617093475592,1
-1.686595373841265,5.615120099448382,4
-0.35056659758419784,-0.6556349758456054,1
5.004906160913489,5.189707215378955,2
1.2096930331294342,-1.4097618496984965,1
-1.5930694511002146,0.5165715958082016,0
3.2219517099585406,1.6777444880170624,2
-1.2589964235296116,2.9925362937303763,4
0.9277958152503025,-1.6018525648061148,1
1.255587866912621,-1.5081968671581716,1
0.8244470883792214,-1.3077165124053798,1
-1.8159540532528058,1.0258147349489677,0
-0.7138975472951051,-1.510417699044181,1
-1.72142531156531,0.9685502217988917,0
6.237999735913106,3.356393224986199,2
-0.3019446123229662,-0.1338369377951329,0
4.816621214059427,-0.6269902472178089,2
-1.5854483835423234,0.7038806586881051,0
-0.034740701506882625,5.81002190188474,4
9.504391117272748,0.8983108294578896,3
-2.199294181573043,-0.6684832434881851,0
1.1331350152800013,-0.26241768903320334,1
-0.2816114599149281,6.424541883612262,4
-1.7319241524972506,0.37986535436551866,0
-1.124925013543021,-0.7756559939061921,0
1.5087755210388907,-0.09606800878172582,1
-0.8611267373873761,-1.4229121514052856,1
0.2808472568562367,8.09869370820002,4
0.31137795855522094,-1.4530576449206156,1
-0.22054800679391717,-0.6804554112435173,1
4.949365990307987,-0.15504531082004655,2
0.47970353842743774,-0.6342766320235763,1
19.168002729231155,6.659170894124739,3
0.6346690501439217,-0.32694089400448,1
-0.9921226961846967,-0.8694787193435723,0
-1.5286038038204013,0.5551974350307048,0
-1.6008430838048422,3.0401178278587198,4
2.7167542516791006,2.471009655323003,2
5.661005334557356,-0.5582664072339203,2
-0.6855140193457592,0.2620958353063624,0
0.453690917417194,-1.039407577297593,1
-1.1282978963820802,0.0342564992971561,0
-0.06473964086849847,-0.8871916102251411,1
1.1282761300680386,-0.2707714794323168,1
2.7179873005115143,2.6364176733412217,2
3.4435610937513226,-0.8387846971007833,2
1.4111317378277073,-1.930824512265163,1
11.093941611280474,7.280958842785019,3
2.599476713827808,-2.006381488354172,2
0.8561840450820195,-0.12059140058862969,1
2.62281476556911,3.340262712565782,4
-1.738886364600698,0.2358474686269186,0
7.030622356711312,0.8696517145716927,2
-1.5249217862111952,-0.375374387500429,0
-1.774648949129658,1.196012462334195,0
-1.1886210641317811,1.0049449390947813,0
0.6153929409289254,-1.5411445445248666,1
-0.8779633642333584,-0.4718146756292492,0
-0.25246971588639633,-1.9907953554483597,1
-1.158486423136709,1.1786455894894243,0
0.2614881802102109,-1.2840061122067656,1
4.480921160364481,-0.08188305219019336,2
0.5234889542492973,-1.374842669274743,1
0.8000421807650792,-0.883876887887869,1
-1.8622967924626888,1.1888645844139076,0
8.65029149388138,2.4935236240004195,3
-0.9026916421094504,-0.7710122258188217,0
-2.04272534304642,1.6239410089913209,0
6.206030703906683,3.0123167791127528,2
-1.80232254798027,0.0747465597960853,0
0.11275368954384148,0.22966391913490955,1
-1.733052669427554,2.645082437453393,4
4.215838619650315,-0.8317926383071986,2
-0.9156937599536492,-1.3142645477516097,1
2.335657224310775,-1.420313323070276,2
-2.0060379766279763,-1.236825758735297,0
-0.14721982745620216,8.242424764289163,4
-1.3682517245683696,-0.7245328889534981,0
0.43954222375318974,-0.7438917361254218,1
1.011750400017767,-1.5477298020486074,1
-1.1913368227308623,0.880650335558172,0
0.7171048062028851,-1.5496706978433816,1
-0.5803372317015126,-0.44656890850786307,0
-0.8799469251772695,-0.354899004481154,0
-1.056230996566175,-0.8492534773150265,0
-1.375922520647033,-0.5448809323333619,0
-1.7140906965390492,-0.4009767949041465,0
1.3023920693489128,0.9536798397652757,1
0.05180227966257909,0.043778920365855095,1
3.063438579750614,0.31720094564798856,2
2.5529377040360064,-1.52229658356316,2
2.521264008013753,-1.014337802750454,2
-0.5902553402252934,0.010686589697521013,0
-1.1002614939369963,3.817826408251184,4
-0.2945155233548218,0.2983796173128731,0
-0.7108545454403109,0.252205416165099,0
0.19347705548156582,-2.004688640672955,1
1.3748582701366467,2.470478474675754,4
8.524286910662166,0.854769197559523,3
-1.9611038487453254,-1.3193960566300549,0
-1.1857093803061716,1.5076071937819797,0
0.18551768163916393,3.9704388563821307,4
1.6735764550165215,2.984111622034311,4
-0.8295065275350644,-1.1150183275255003,1
0.7523501745914222,4.86161644089701,4
0.28182223167309556,0.14356047742886294,1
-1.0948011083989737,0.6262636212377257,0
0.14715759017579283,-0.7050718572975339,1
-1.1327802405544434,-0.9745466943018726,0
-1.6780723910751891,-1.0125261611971565,0
0.8992065621140856,-1.199308502676058,1
-0.8018540037060693,-0.7481198721906704,0
-0.6385485767137166,2.8166823938441468,4
4.348353343779653,0.0726800059294689,2
10.337315797276014,2.370142107080795,3
1.5756933549867054,-0.23402500900681308,1
-1.8557452072419942,-0.8927890368148689,0
2.689641170802824,0.48091243108945225,2
4.348225073335188,2.3269493829955006,2
-1.4964671130972673,-0.7081778038177564,0
1.9502667563620448,-0.2770468362941838,2
1.9583277241815795,-0.2715310102879,2
-2.13786512332789,-1.0635140828863234,0
8.346829371929928,0.8233584028293263,3
0.17735366150219367,-1.198186700264172,1
2.0082997939117604,-1.2499738560312694,1
0.8962872293880109,-0.18051446473107138,1
-1.4454651275206758,-0.30734950753609475,0
2.2451349577251487,-0.4952193153703955,2
1.174047733729999,-0.11077534619885927,1
0.14097547788795278,2.495735758144328,4
-0.29401153309034866,0.6867236393823609,0
-0.9782577261462297,-0.6431129155831147,0
-0.48595275205325594,-0.7739987762734831,1
-0.7232033133515264,2.3698910228769403,4
0.9489182586238114,-1.464563084608408,1
5.445758701705878,-0.5187058448577634,2
-1.18695757518994,-0.4439191902988968,0
3.112452861455554,-0.6922792334233244,2
-1.5660094325157863,-1.4094665442192928,0
2.0491554436961232,-0.7947409190339673,2
-0.1286895847405594,-1.7787132219849289,1
1.7436773616719508,6.370714366826811,4
4.6331009011849105,1.1333873708354485,2
-0.452339050695308,1.9261838697572007,4
0.46396372473364317,-1.422814093046136,1
-0.8887093463772039,-1.3476265870855846,1
1.9932465434863644,-1.1273376309136747,1
-1.2746048538388597,1.2666500960900782,0
-1.2976816103432982,-1.772516354955504,1
-1.2740948870399296,-0.4312382538350589,0
1.363524254840623,0.5374904043990929,1
3.0339426032951997,0.3124112213279477,2
-1.6389419641678986,0.6950966514156564,0
0.5660681667594696,0.4371598347476353,1
3.8098003406474916,-0.6477270007951164,2
5.45438119873095,-0.3314697092833602,2
6.050597732631603,4.849414178764407,2
-0.12339966307906919,-0.6561224820461495,1
3.6908827601896803,1.386596433782178,2
2.9097011143914706,-1.1984085969344946,2
0.7411468323278072,-0.2917392665593329,1
-0.720616190616791,-0.3684077839755577,0
4.573863625033326,1.5957025758347088,2
5.367790771806921,-1.0560580171820595,2
-1.052211181476755,1.9296890506037896,4
2.131752336628287,-1.228389856577856,2
19.572419505763747,3.6508062393463967,3
2.0358595220872417,6.121901826003715,4
-2.065355729638778,-1.3196966850060365,0
-1.1628349436366936,-0.22295475975964005,0
-1.6604190669200705,-0.9798634038217875,0
0.9502376556860264,-0.41041458496867944,1
1.562007542206914,-0.4199089133600828,1
2.870422335924378,1.7811161805657492,2
0.20060944425806357,-1.1582083464766646,1
-0.22355303878699112,-0.6023657318224093,1
2.8104113944653504,-0.8731210446852834,2
-1.573335333761304,-0.22239262033821453,0
-1.2041215281358877,5.307532847372332,4
-1.6174070839447896,0.2558420604054248,0
-0.12831765769127215,0.9141065497074409,0
0.06996410641341731,-1.1752653519176495,1
-1.2535344974893494,1.42028724728233,0
3.207826976155714,-1.529473196537003,2
-0.21513778490415553,1.8305793713223053,4
-0.33990400171339663,0.21199104323674164,0
-1.7167333316439277,2.1570557285290364,4
0.5016393861781138,-1.6266065414815496,1
4.349173372741948,-1.3047281621929785,2
-1.041676960118271,1.1961871253136538,0
-0.8657974100662762,2.1579956179954136,4
0.8057675626377826,-0.574236338709226,1
0.562654410972359,-1.1045005918423982,1
-0.6394549040315622,1.312730040343828,0
3.029195758594709,0.11329741911059488,2
-0.592533830079396,1.9993826901623146,4
0.15616903737773077,-1.1506055601880898,1
-0.9574059746838662,5.240505672509245,4
2.414247612672442,-2.023380263809434,2
1.8412861569470333,-1.6462673304674098,1
1.319251416123099,-2.0223815026544525,1
-1.7887146382681796,0.5960115376737168,0
-0.32735675892494764,-1.2674137463442359,1
1.5191474995915764,-1.0039847423029078,1
2.30297086338249,0.35736871308203133,2
4.48927960834586,-1.3488707205886152,2
-1.9582264723369702,0.494645184747016,0
-1.5470196715015287,1.1733793186621602,0
-2.1482986681792493,0.5666169583428547,0
-1.7334888006750286,2.4490709599912597,4
-0.05023070863087354,-1.0252767273519214,1
0.05888680574618171,-1.8434673474372067,1
-0.03985706302624458,-1.6851741570273382,1
-1.373543585390932,2.493577897234014,4
1.0466792276620072,3.585305923643953,4
-1.2033602946034705,2.8181312712078292,4
-0.7237941582438602,0.06900569024172934,0
-1.9360453135642048,2.4572072296687297,4
0.5938864223766442,-1.9578284547882066,1
3.7892175355559554,2.2485162121224467,2
0.6447725357817532,0.4698971498425181,1
-1.7911959482101405,0.8631205491112557,0
2.6879162292213548,-1.149929520695965,2
-1.6446947513997894,0.41269481947014647,0
0.8747814272329744,-1.4891513419360698,1
2.5933944400558486,-0.8349912215198496,2
3.8263444767328627,-0.838815234637783,2
-2.066789956758956,3.0478843964319866,4
-0.15679151291467255,2.5814152250973446,4
-1.907225310090307,-1.398648175455782,0
4.248740342264282,-1.0865968731154865,2
-1.0904179741171798,-1.8111798003671291,1
1.442304346443355,0.1884895955285778,1
-1.3786476764312634,0.2737735962416139,0
2.6437476549771692,6.722078496648639,4
-1.3119184904862828,-0.32087238450379185,0
-1.804930614482473,-1.0354925303506048,0
3.6717362528912,-1.5867849807132812,2
-0.93687069835669,-1.5597688356974422,1
0.8931446346209767,-0.45608649134140417,1
1.333559744796201,-1.2593406751923921,1
3.1455984683392586,4.262462282744739,4
0.09881859010780872,-1.7824664768967073,1
-1.0313832291517495,1.0862234036491238,0
3.0284459448862715,0.0493191028843243,2
1.419110308492637,4.5886556343557245,4
-1.5172039573577139,-1.0984860303710893,0
-1.0692776028841644,-0.9342414019737894,0
4.343889034276269,-0.9572221073572205,2
2.3985539953414983,-1.1400795496620193,2
-0.8413109675721272,3.593553593332423,4
-1.6991133038364281,-0.33646143805721657,0
-1.7492722102045581,-0.19995333118906963,0
0.07124207444593775,-1.065053215978118,1
-1.84863628913068,0.3174493909090599,0
-0.18082135951521097,-0.7891105315964719,1
4.697774736248119,4.842629398689968,2
-1.6296109204975204,0.48731902941295213,0
1.4360627179928753,-1.3965211545985405,1
-1.1084782619752316,-0.5319443458505557,0
2.265989790826394,0.3160471109306689,2
-1.1052712728935237,3.9218627765555367,4
-0.23234963370894152,3.416278167327173,4
4.780696428621695,-0.49412167327060286,2
2.055336808548099,2.0276911802021016,2
-2.2385027980337258,-0.4031703525341322,0
4.732940104212985,-0.9777846524869432,2
1.1014226258106798,-0.9776242708759293,1
-1.3997183239381819,-0.8130543061355872,0
6.288218542459739,2.3383629433094915,2
0.6087741604247908,-1.9265960526368622,1
-1.3582736311483388,-0.8633723533131327,0
-1.8242126824788025,0.03981114423892624,0
0.15586250655788358,3.378832062333392,4
-1.7383140310968537,-0.31359731201824015,0
-1.3490916626089795,0.9531578340463382,0
-1.7920010816314604,-0.9991935368543929,0
4.5512506917585,-1.3757500988348201,2
-1.942599251501902,0.8137625382343388,0
-1.5386250090149687,-0.5066256580284617,0
-0.41745388904076247,5.057436535526806,4
0.7948218559784203,-2.0265211713985702,1
-0.5971142562234892,-1.0637746230985956,1
-1.291358766905444,-0.6128380568010906,0
1.1893154142497728,-0.46569534563956533,1
0.5777165290370643,0.11176857521584772,1
10.113637128088012,4.3314035551749495,3
-0.7327529203965606,-1.2461017058737436,1
-1.2525892178309457,1.0858685489805042,0
0.39622810747021026,0.14853945094587817,1
-1.0124845238874711,0.1310725927319066,0
-0.9531376619218656,2.439045390916274,4
0.5297965362444923,0.28648225746739947,1
0.8116335582736894,-1.033636918641316,1
0.6807223633805469,-1.0752545067061057,1
-0.16875120889794293,3.405678301393365,4
2.73189873928456,-0.9566934870398609,2
-1.3889759147014555,2.307659586654269,4
0.664660910524417,0.6244641070348366,1
-1.199519187135554,-1.3542675131700248,0
-1.7222057346746344,-0.09738714234281369,0
-1.3740076495470668,2.144693438808011,4
1.104391949484046,-0.7396244263022242,1
-1.5513157513973495,0.07814171151677653,0
2.1676030704695988,-1.255131849952439,2
-2.227482358401411,-1.440027651851164,0
-1.0232482613869263,2.4232691246272156,4
1.0560017566298157,-1.318547660515798,1
6.391113563792952,-1.1260179521961984,2
0.15578443391103658,2.2854181586548075,4
4.095127160192989,0.40447818224465654,2
0.21985232467966803,-1.1699245914527516,1
1.216431996330467,0.824627854684264,1
0.0067780443619191375,-0.5708949451537505,1
-1.8812363518413102,0.24094179638306837,0
-1.6316375343903233,1.327231187242139,0
6.998712350513627,0.8090664245820284,2
0.8356601800900079,1.4359107885166404,4
-0.018764058417746497,0.8897780412350911,0
-1.4946075897414113,0.7088745310409966,0
-1.8299500015661725,-0.10726735671911442,0
-1.0555503225557867,4.714752571104639,4
-1.0435998949847818,4.530135381472462,4
-0.6591047387375132,2.2852707391721925,4
0.653660870689127,4.171917831386671,4
-0.862375629131924,-0.9177494683006471,0
-1.1086058110936527,1.4794197887613207,0
-1.7252936632042541,-0.03932605255993489,0
-0.5936140946306215,4.56796146396933,4
0.12072523421063773,0.30463640984940393,1
2.231018494160831,0.31441669286124185,2
-1.8204013306874667,-0.30666601631141227,0
0.8480798458022992,1.4235534882535452,4
-1.7223579752160723,-1.318882257471659,0
-0.7475492261848506,5.835410330599872,4
-1.8612924724527562,0.8202010347529703,0
-0.1273303084593897,-1.1546432984378288,1
1.6648746892757682,-0.05162415542274761,2
1.6508856630661088,1.390781936194387,2
1.7222285364662901,-1.5828513259283608,1
-0.3969001460470486,-0.30321063779612956,0
-1.841397342832479,-0.34353948044089533,0
-0.6304999290953822,-1.8450602296913643,1
1.159849497714918,-0.8068857242653662,1
1.7651170013608852,0.5116635204456997,2
2.130402193477616,0.781672896552196,2
0.0763957109746749,4.993979180937938,4
0.8496486469603686,-0.09786394958527479,1
0.22182799122092067,-1.443040069934056,1
1.3386070921474975,-1.6791154944310442,1
0.22822348922064548,-1.2321844194951461,1
-1.072010003958993,-0.4676066780636125,0
3.3695757012545506,0.8386388834228333,2
1.525394858584701,-0.8862219416771563,1
2.8409423821424484,-1.6125186939282654,2
0.7001732501315717,-1.194429504728858,1
0.7049441525460449,-1.1229313423636664,1
-1.827088708239298,-0.3376118283506996,0
-1.5785607542820643,3.5442997665082387,4
1.6063799954464086,-1.0814117303432211,1
0.9060904599758709,-0.9659312969116096,1
4.9605481383765895,2.9405298076297464,2
-0.41474355883389225,-0.4351311369867971,1
-0.152669422942048,6.455890202162805,4
-1.6618470995318797,1.9261808593129672,0
2.121089349565267,-0.6399777461334374,2
-1.7509730498974438,-0.18745924184114174,0
-1.1960188809939558,-0.9110316632470301,0
-0.08033648837897063,0.9999632461175367,0
1.0505147517108768,0.7522412105524304,1
5.073237536559217,-0.8068270579101328,2
-1.7247747915405347,0.7323895867589756,0
-1.159625723460349,-0.19688836222662073,0
-0.2777276846428451,-1.4999278319686165,1
2.640361083107666,-1.2195772053917562,2
-0.5437150552841794,4.507789298807803,4
-2.114427461713055,0.8397859191088821,0
3.2604769888703284,-1.0597869879464517,2
5.008320809183207,-0.750064377789438,2
-1.7081035420228825,2.283968595831878,4
4.188363460693194,-1.1478790912500523,2
-0.4444079304434145,3.5986055514480135,4
1.6204521727122285,-0.8645518312493254,1
2.5369734536175224,1.0214946397960225,2
-0.32430412900838695,4.419259901804416,4
7.176243169362216,-0.821234213897086,2
-0.3110366318117496,-0.016920661135555473,0
1.0314978518621578,0.4203986123338009,1
-0.035383638954779396,6.246482085208772,4
-1.658301028835943,0.6745580399324642,0
-2.021333083018253,2.028569903446678,0
0.0788785269738319,-1.4825932836496305,1
0.4774766866367949,-0.5600741207546361,1
0.8728234642185771,-1.081958492965732,1
24.111237021469996,8.59302500159948,3
1.220705139627628,-0.42012445947538674,1
1.5447201303782627,-1.3066230388787992,1
0.026398904006820087,-1.5414065177591116,1
-0.23266873039489278,-2.06100558528211,1
0.280966688146795,-1.13801412979752,1
16.946384640177868,2.658326519107878,3
-1.6357690877294135,0.5607242208049877,0
2.5996007230947376,1.202570344406644,2
0.22122163015853163,-1.842381571194574,1
11.025939230256158,1.0561840374156326,3
-0.4257505048989175,4.757883403601222,4
1.2246954653382214,1.097042235236462,1
3.624646591046767,-0.6211296429841581,2
1.516848750101168,-1.333971681546488,1
-1.856169935982107,1.1797110062645417,0
-1.7116008869605366,1.1717394497975984,0
1.6493900793604082,-1.3801088042525018,1
0.08108337048414647,0.44918452721190516,0
0.5685632413217477,7.921489794787341,4
2.091917946511039,-0.09708932952475267,2
-2.056973238502541,0.6053486911104665,0
0.9664085794394882,-1.2373985238570888,1
3.934376591933348,0.08250980110611297,2
-1.9202663868246623,0.14196973145873013,0
-1.080922111019885,6.760980063972983,4
-0.4843312110776091,2.945823851983511,4
0.7765781658782277,-1.3921401407803866,1
0.4097447953839696,-0.9009218457073103,1
0.521787412336805,-1.672705090524423,1
2.1221909337082985,-0.6283762754890159,2
-0.7851052335239069,-0.7869282081770292,0
0.1973741220686883,0.4604520710332494,0
3.594431332091841,-0.04417240495332127,2
-0.06287348897226055,0.45458493622795054,0
5.025887263207856,0.10863542206599315,2
1.2946356539243629,4.567544380122854,4
-0.5785600415544162,-1.240560609028154,1
2.8742729751908924,3.954301057287417,4
1.3922447435312293,-0.6859352243363352,1
-0.49341214610675244,-1.6439915877752336,1
-2.5090749421979988,10.25158151390974,4
-0.9329063399166809,-0.7584197113167281,0
4.6490889222681595,0.24416679436545446,2
3.76530436361949,0.06665430827291818,2
4.293905703742551,-0.08410613671172527,2
1.0968968533696146,-1.4403121632744942,1
3.3936877951794315,-0.8047659795571449,2
-0.7719846168772561,-0.4227690059154712,0
29.43083133231824,8.562946125441034,3
4.018038596972377,2.877408398197291,2
0.14738286023051295,5.754271738139643,4
0.9215609351244471,0.9824979217108629,1
-0.32678119170401176,4.955202954074569,4
1.2440557615941803,-1.4561285292721076,1
-1.5087112050782776,1.0303982965129297,0
-0.9689239216174946,7.1310501095129375,4
-1.4724545362965775,2.9776422474231796,4
-1.318189645571633,-0.32722382752483,0
10.722764653972462,-0.8985607231146265,3
-1.8083031915788117,0.09040830848820834,0
-1.1640425472254634,-0.3184133232435447,0
8.464562789373685,-0.3268970641766988,3
-1.9148046909599483,0.17992771979991445,0
5.114281702811364,1.111848266378062,2
0.7508426103125736,-1.1689324920280573,1
2.4466193590993295,1.6971980109626814,2
-0.189762133544488,-0.7902248045838214,1
-0.006190307742266383,2.831566928302499,4
-0.10463393313689925,-0.20893329261191793,1
-1.4346499673961406,1.8521311538355867,0
-1.3864905610941465,0.8536232462519622,0
-1.2988556484123681,-0.48828624653929237,0
8.303624950555244,1.213643041464009,3
-0.7921941467270202,-0.7737126469375325,0
-1.0370717850069484,2.290809975047133,4
0.61119240485578,2.5360430208730436,4
0.30606287950924216,0.030726759629863612,1
-0.922496252849084,-0.24822668137939782,0
-1.5877667993229747,1.482559355551225,0
3.9487721370286044,-1.1090820109315462,2
-0.7745902123161301,2.429171498499072,4
-1.4509500565131335,1.7755140139909422,0
8.557593185942032,0.8058749306615178,3
7.601833001965166,4.793712765608285,3
-1.9431479660271205,-1.1769713590145263,0
17.21646356354149,2.1951038768749758,3
-0.9114003490337442,-1.2678183240071068,1
2.237676088366308,2.740573215355734,4
1.6946707662004534,-0.8803977745385583,1
9.370059078647515,2.3833737919252886,3
0.3128906392940122,-0.37042035627225434,1
-1.6245853133267867,1.848209352743712,0
-0.9206864113506917,-0.10381452955523816,0
-0.937857747661057,-1.4906448176999718,1
-1.6034116348921643,0.9549711108692398,0
2.626495807064325,0.6011964236056353,2
1.6186556636198566,-0.6549273190310598,1
-1.5555273236525349,-0.6330607682577605,0
-0.009695962738333064,2.0456898990040453,4
-1.9582955961496709,0.7049679395728025,0
-1.000611063065754,5.837238481697574,4
0.04972229395376667,-0.7532369438287844,1
0.4775145460714022,-0.23834545573413538,1
0.28332130231212943,-1.3766366977774371,1
0.13260631396555345,3.6034785379664,4
0.5497963024341745,-1.5577684502464195,1
0.24038835040856074,1.7908744847604205,4
2.5299841270055485,-1.2199065029027885,2
4.804095985036315,10.10949922568994,4
-0.7454286782569136,0.8199950485899845,0
2.2564341172462177,-1.8866398677244922,1
2.127112602476378,1.302733315127786,2
-1.3360887730172573,0.5886462510188877,0
-1.3511337261778242,8.152638354844711,4
7.19077622770072,-1.1512217936921916,2
0.5374024846583328,-0.39455425506218567,1
-1.4819883857659832,-1.5453504429878533,0
5.756183193189145,0.10780791254819035,2
9.842585490797584,-0.4163110568508082,3
-1.9807451865500334,-0.8900509045995748,0
6.857008878105803,3.617012578418409,2
0.2642400522559131,-1.69724546924698,1
7.76850898440887,0.6199223775507007,2
0.12770259131747946,-0.6600361678039749,1
0.7748668286547025,-1.6195719125426882,1
0.4921942665659461,-0.3485764617720687,1
4.8394017295768395,1.0420897558382214,2
6.327245326386116,-1.1574818520876484,2
1.498466638901176,-1.637175582888053,1
-1.583477947908288,0.4135218156061367,0
-0.790011448573823,-0.05483593685715848,0
0.7448883846739575,1.523603569486346,4
3.4714967667869883,7.070699522190309,4
-0.22931882725955738,-1.1253835694979384,1
-1.8522319568284804,0.0713493728307858,0
-1.0612404846469152,3.334556390548541,4
-1.6937488001680703,-0.3536353399575432,0
2.4903583569386054,-1.629955785448716,2
2.330978677178767,-1.162047212413042,2
-1.7450752532807414,2.3579056249979042,4
3.7834107471353473,-1.1099555932522356,2
7.025125948671849,3.233500392113376,2
6.414972752538263,1.283717446745469,2
14.171679368342499,-0.026631824031126614,3
-0.7388890756626263,3.3875796944829473,4
3.083422207457019,0.73250655769296,2
-0.3366083806299065,1.9809569116245807,4
-1.58050923306131,1.234901878792253,0
-0.45141501446839943,0.07346447067554394,0
1.7273211388399956,0.1488971849511333,2
11.092111831807495,1.9048377328674826,3
0.012590042770546594,-0.9046073632098194,1
-1.9733520805248363,-0.589719381408095,0
6.740204870468556,0.0870794617703235,2
3.0110712288193193,-1.3504588461454106,2
-1.7726858102707284,-1.2825147132781622,0
6.085022363013001,7.3309978899875485,4
-1.5301322508584714,-1.4674525845550053,0
0.8621928468300096,0.39290379510861834,1
2.999132413830403,-0.767416958363405,2
2.380379549077311,0.8604923126811806,2
-1.552274557409908,0.10524990760909764,0
2.2163016287460646,-0.22434276073075773,2
0.691159649231075,-0.8126574458933484,1
0.6607278646306487,-0.34557951520492614,1
-2.270279852871863,-1.3689644119314766,0
4.367217418968261,-1.6389757644505776,2
5.675333732136487,4.71140907072947,2
-0.6336707193611524,0.45351603105089683,0
-1.8461204239954512,1.7815079389056656,0
2.0768015955588357,-0.7084000503175607,2
-0.4078681585632751,-0.8342884759650151,1
-1.4708314040311823,2.4458098211907915,4
1.6841796811247471,-1.396936440240268,1
-1.1274357324622448,1.6098149872813206,0
6.766983490617125,-0.6443705648093676,2
-0.702709947708138,-0.6510854111641272,0
-0.41366633886046916,6.053097062524314,4
-1.5964175545372954,-1.4246599937602076,0
-1.4248615392197408,5.737162926268717,4
0.9090788095932956,0.1621011527882703,1
1.0982994180879397,-1.0039636136779397,1
1.4657113685004393,0.8293221410589877,2
-1.7278890008982828,0.997413700607278,0
1.1041977907586917,-0.3856351257571378,1
-1.6149846672075274,-0.3869199810963661,0
0.0727247059542898,-0.3487755313498608,1
1.2048637320576936,-0.7031738693684132,1
4.7659176809041774,-0.7335898348244989,2
0.6552055677284343,-0.25550600988500816,1
-0.5717855268728809,-0.7909527839203265,1
2.7450306357961907,-1.4957304917309544,2
-0.49521321630861426,-0.6909420006204392,1
0.8104146187962178,-1.0271981822272382,1
-1.3117010596116452,5.338264507453521,4
1.1292552328160586,1.0429469874558102,1
4.804649110300401,-1.891657420751889,2
0.00039665992754765034,-1.3727982162391108,1
-1.5196602426928787,1.421079792516241,0
-2.2497761868724724,0.6421368882576695,0
-1.8457363378586003,1.2815946646251961,0
-0.5217237789372277,-0.07470905154326778,0
2.756174508167416,-0.5294485204719361,2
-0.17208288842484093,-0.7438775649098448,1
-1.3831952714838485,0.3610234179564441,0
-1.7611366008970326,1.9670483355998762,0
9.962414608530374,5.378446378483635,3
6.587149940927342,1.5332534145287533,2
-0.8601186606411516,3.8748150762927676,4
-0.883308345493852,-0.1696225689682824,0
5.06749155857568,-1.4464505286868545,2
-0.022428959629436862,-1.088244898384285,1
-1.0577777906663395,-0.8060268958249289,0
1.163733892203244,1.6905706090997326,4
-0.6462469191153448,4.495878151408615,4
-1.4100791453408736,-0.6924808711816334,0
0.23687359590881152,0.569487013349641,0
-1.580207259223418,-0.7902213954570216,0
-0.04701313834838836,0.5863334878763041,0
-1.204908945258109,1.5192678394809924,0
-1.5585967414716058,-0.17557185845408294,0
0.2961596287723828,5.189575377351365,4
-1.81562529156385,-0.22027321447393663,0
5.519042565629103,-0.524728661252649,2
4.8398791999506185,2.4059968409579375,2
-1.6403013988092,1.580037599065157,0
1.5324092713585642,-1.187003486597121,1
2.2939690393864267,-1.5529904936675516,2
-1.1505650053017928,-0.7537152770466584,0
-1.4431249885569795,0.8326329223218769,0
-1.807810227231517,1.2440065907882567,0
5.776880391523971,-0.5055748149830992,2
1.9418179398984154,0.5144416510075667,2
-1.6213631695370818,8.904049711591103,4
-2.0304577351164586,-1.5145036694443499,0
-1.1377789398804534,-0.8812077236984427,0
-0.7912600587017499,-0.41142622298082693,0
-0.8712063739937199,3.2149071616947724,4
-2.3330350629997967,-0.04902670302280571,0
1.5946321323201402,-1.8392293356765197,1
-2.027917186220381,1.6558665063088327,0
-0.6656097378970907,2.6581004491292557,4
-2.08445020088618,0.2520244786349317,0
1.0811256735106833,-1.3375035469915644,1
0.01939582326665021,-0.29257489184772695,1
-0.2844523300539344,-0.6889388104400309,1
1.1243577338146602,-0.5687277130865891,1
2.6574033906517087,-0.7568916219756368,2
0.8758861764804058,1.8412007918793987,4
0.21632925372059233,-0.11438079785347931,1
-0.35080485551203505,1.4520376209581598,0
-2.309796988184927,1.216866340383111,0
-0.5442286721834944,1.5305841433079368,0
-0.50863930473224,4.161879635649213,4
1.5721345179275779,1.3435811776931499,2
-1.3205691452365125,2.0232888303374366,4
1.5233202410215492,-1.0596622110965106,1
1.634618194978132,-1.0289383952247149,1
-1.3257378406515992,2.1529138407837185,4
0.6181495178714578,-2.153479606615293,1
-0.45672253324103224,3.9521575428578726,4
-1.4032391653143539,4.321316540530636,4
-1.4617628312272481,-0.9712247432843713,0
-1.8288118116824692,0.8032709677929634,0
-1.4222358996367197,-0.6837481953972668,0
-1.8896673277479257,-0.053791126184005104,0
0.019892790242570346,3.434830097080657,4
3.2628457834048326,0.8761512074688623,2
-0.799669067476381,0.19144333659105842,0
5.030933111446563,-1.4193062854858116,2
-1.1517928323804092,0.2573335827421439,0
0.9538181432807186,-0.9575184571030324,1
-1.2568554168510986,-0.38625452364677315,0
-1.2102527834564079,-0.42736172740475253,0
7.286413876992199,2.6197324852361477,2
2.15032050674089,-0.3399657070394085,2
-1.6281087392173452,0.6662682538713258,0
1.3245092405610972,0.7891968080648529,1
-0.18064981338607453,6.21222939936327,4
-2.105530055036321,-0.35976962445746347,0
4.037731217831125,1.64153085982938,2
2.048180924411288,-0.34985641194651057,2
-0.19432305093916105,-1.4767187848335446,1
-0.42337371133804735,-1.53142302873927,1
-1.5055008288014065,2.6617263080189626,4
-1.9634178310255133,-0.2736481924921447,0
-2.0824683618400055,2.0462536200683408,0
-0.2833786616396842,6.3830688785205405,4
0.2881472650913477,-0.15771747193659072,1
0.3339592815045356,-1.9555510189405243,1
-1.6366415811687882,1.2337646469895713,0
-1.2286854254013002,0.9291204058036366,0
-1.8069938425464527,-1.0273958912208654,0
0.21318458269099114,-1.625640170291538,1
-2.10406887624536,0.18207078530917112,0
1.7039754759556738,-2.0152012378896327,1
0.3721704563235846,-1.2953972272003798,1
-0.4135859401034624,-1.6558887616768934,1
-1.0748254285015988,2.4275474727293576,4
7.799867532644529,-0.008677028811333032,2
-0.8056385184341611,0.6134283755150176,0
-1.5834613635931651,3.1602262631481746,4
0.8648673743580921,-1.172483644928838,1
-1.8924250209960745,0.5082114244126325,0
2.491585265729429,-0.3116871373405727,2
2.2988902251138965,-1.8750832754259026,2
-0.8004002196566871,-1.0550586898591843,1
1.1190567789676815,0.7095289651305183,1
0.9745236339825936,2.1682360047583606,4
0.9224866752099535,-0.0065802694647397976,1
-0.8583356949765837,2.4097345890249287,4
-1.4731897173061703,0.4100045789050484,0
-1.5472978075539359,-1.576417828959554,0
-0.7046471089600219,0.40187261402655494,0
1.5607533364768538,-1.0301371474388261,1
-1.8369422340642985,1.0424832910307633,0
0.9715563678479201,-1.2887715217356308,1
-1.5113866789950068,1.2868058328347403,0
-2.2910356668407856,0.25316270219947357,0
-0.9658552325723391,-0.7662609504621894,0
-0.8618185674968383,-0.4148859586222426,0
-0.3346383628307415,-0.8715969018297856,1
2.0490913195883103,-1.0992075587987444,2
-1.3507450424855876,-0.09453952535791578,0
0.007118160885566022,3.7819039131471643,4
0.5714760419420011,-1.2566338199170717,1
1.2678442608743545,-1.556744313746625,1
-1.4935215497195313,3.3948059060999363,4
-1.2632692563538614,1.4248922366779921,0
-1.8802917426915737,0.24201877003669497,0
-1.765934127978527,0.2111597493864833,0
-1.1606299858312654,-0.5476421508862994,0
0.5247953189325545,-0.4646902670670581,1
0.6881430261547403,0.0350994621687107,1
0.7384980635823678,-1.4403103918995972,1
1.1229695886420887,-2.0374641699991534,1
0.2513646422664553,-1.8169159238231578,1
-1.8231519191229395,0.22536204647900354,0
1.6776215867671782,-1.256629070883496,1
-1.956461271090258,2.8677491850211108,4
3.8667603204749663,9.579374279337186,4
1.0813846405679832,1.9654407205853965,4
3.0415382065272984,3.1186299443873704,2
-1.9291723920682464,3.769343057296626,4
-1.1051375542167599,-0.4304728431834928,0
0.478691909076501,-2.279820535207414,1
-1.351666912521904,2.0439927164164713,4
0.2454043589752873,-0.985674967397509,1
-1.4888768905317393,-0.708806472071415,0
1.4399510383687235,4.109037575654114,4
-1.719764890806163,-0.030182842745923307,0
-0.31185529418461094,3.873975422474471,4
11.257335663392352,8.572416668527081,3
-1.214714037186036,0.8674507098824199,0
3.0170997583722006,2.4719484553091666,2
4.06962678847052,-0.0765918128683843,2
-1.713526588754687,-0.5063703632796259,0
1.4623424086484966,-1.2565526739501505,1
-0.766009187649973,-1.9307871850292184,1
3.810691045271641,-0.7278620644089732,2
0.7182446026319362,-0.768455807536121,1
0.43955638874284003,-0.18252472409659382,1
0.1258012778558747,-0.4810214602111926,1
-1.7186403186279526,1.3051868070485821,0
0.6240790243170415,4.890759314173615,4
-1.0399808000569424,1.342384992113302,0
-0.9917173966680624,-0.044628206420405124,0
-1.847320102594464,-0.30296852791571094,0
0.11461113822062187,1.4936393114498259,0
4.020772721709792,0.10542368517533467,2
-2.013216943636871,0.9729542139384167,0
-1.3324175162189102,1.4430560009856144,0
1.7471215168238614,-1.2117718359824403,1
-1.1821728024145008,0.6137765431067935,0
0.6525796141836877,-2.2858618866637155,1
-1.3614887907375457,0.44285189778562883,0
-1.3865863490566734,3.6628899718516856,4
-2.4678360208904793,0.5120274337748201,0
-1.6564994838209606,1.1932168690119382,0
0.7842291484878015,-1.949599633081284,1
-0.5497726385275098,2.8015056064530492,4
1.088192961533872,13.733881661232846,4
1.6201823668640494,-0.4024643968550578,1
-0.26826177770515464,0.23614332379250533,0
5.961993193643744,1.860447401019058,2
2.273641186375935,-1.6927719704278232,2
0.7148346508560451,-0.9805999101045169,1
3.5181220513022233,-1.6529751100646468,2
1.462321587530934,-0.8549966160246862,1
4.181864490409469,-0.05830490697545789,2
-1.5923525973798078,0.2648019262156173,0
-0.23174260219368714,2.7560277208969124,4
1.7867601580700336,-1.6248424577533747,1
2.573332596298349,-0.7514967968127586,2
0.07760834668921358,-0.4045232242794404,1
-0.5944264775709168,-0.23599377383135975,0
-0.21319559128581286,5.151356391211257,4
-0.009072332043287251,-1.78616273530874,1
-1.717202967474879,-0.08458156463706716,0
-0.8521244270317829,0.1367980400134699,0
0.8090503593041746,4.02525539589619,4
-0.1519839483856548,3.5514195876741246,4
-1.6985443586837878,0.18389876279387782,0
0.6850889590829148,-1.0331681976481242,1
-0.7624777747973948,-0.40464145346532027,0
-0.9950654320678323,-0.7976796469661193,0
0.8498024589797066,0.09308220379339333,1
-0.1707339270997783,3.9948302335604833,4
-1.506444477002063,2.5256993012046722,4
-0.7895848543785292,-1.84746810131324,1
0.6982800637062043,-1.5264050305608194,1
0.1543924752773989,-1.3125745251755274,1
-0.5391479768045582,-1.836239143008486,1
-1.6440798772394456,-0.7043584829843524,0
6.5809482452913475,0.5345903808030869,2
3.194832901656133,-1.2425219735934843,2
-1.4400158218400116,-1.4316343118973909,0
4.6068257269490465,-1.2807912334308753,2
-1.3482154134562179,-1.1992013909096042,0
0.628722750072222,-0.7973866401387093,1
-0.5665530153970396,7.113568777782469,4
0.8322144250250714,-1.493273207302003,1
-1.857296367770556,3.0661216986758992,4
0.9462789751049081,-1.0971823096131799,1
2.9278259423417174,-1.8693031191414753,2
0.016822462692054826,-0.8801995108258223,1
-1.394772688533354,2.8451052171652993,4
-1.603933456947564,-0.6456978544899913,0
-1.4716497481395678,0.620224377482642,0
0.7129903760288782,-0.5266735290268059,1
0.5780818968531755,0.8214550428654502,1
-1.4420219974333786,1.4468480871958085,0
0.6724808110175803,-1.0778335839474555,1
-1.1813876794466582,-0.8124057228825822,0
1.3475675227816746,-0.6731499779103888,1
-1.4562555939394408,0.8551928072716742,0
5.14740645766317,-0.43563748574346106,2
0.9247589280191466,5.722712102205852,4
-1.1321480229855987,-0.8328599308940264,0
14.46867355050127,1.760793610648514,3
-1.7643059376104218,2.2098474002265873,4
-0.11567097256244446,1.54752058451873,0
1.0805884200807836,-1.2553777435645344,1
-1.4610806747319318,0.9002808177503306,0
-0.4357476776646024,-1.783027540550227,1
-1.5632206331952503,-0.8728978435792195,0
-1.5369756698783612,-0.70281733598562,0
0.2766068713951287,-1.3696920183584484,1
0.5014033306683615,-1.0075181308382766,1
1.0272084043285956,-1.0915860614083355,1
3.2663203299907497,-0.8528749544600566,2
-1.1843902538616526,-0.7375397092302564,0
0.4998008093444116,1.151966216511014,0
-1.5282433262790471,-1.2823972076948356,0
-1.651443908361831,0.34894414783521177,0
-0.18129741929087445,-0.5299230552698769,1
-1.184460412650915,-0.8063225399732405,0
-1.8628962772969544,0.25502830364827617,0
1.8937407566145448,0.3751840096785318,2
-0.6890476499312442,1.2484923978776588,0
-1.0091798115388986,4.3575236625958444,4
0.48415429825219536,-1.2315082501525427,1
0.32670182754479693,-2.133128767289399,1
-0.02207792147532111,-0.5458979293737914,1
0.7845533416487868,-0.3023053313973424,1
1.5785969899136743,-1.6524026232497333,1
-0.43120546976880675,-0.0571300386379393,0
-0.8009011116406229,1.6938083438044855,0
17.980320963735487,3.19875992450651,3
1.3907252889159625,-0.07661986113018916,1
-1.7603456734439333,0.1435663880460208,0
0.9738191873717975,2.0349409590988716,4
-1.1848673451425877,-0.11609269167743698,0
3.1209102030889473,-1.3717254425586454,2
1.886032941126093,-1.6069150886652344,1
0.8563562147919728,2.278802244119452,4
-1.5321404498009505,-0.2686248210870079,0
-0.3724261349539554,-0.8706254709374938,1
-1.1366227325111113,-1.173059049129058,0
2.1326926241550486,-0.16568549907611466,2
3.6409488512250223,-0.5510443503611482,2
-1.5735600807550205,0.30127166545516487,0
-0.8636224719574968,5.837561940087496,4
1.6433626438893112,-0.3492412313281323,1
-1.3409402604753904,-0.8256649353618649,0
-1.1312595023769922,0.9291623440324999,0
2.0410408901065082,-2.1507483367818696,1
-1.288318170183475,3.499113949992076,4
4.168032115963836,-0.9472206872625932,2
2.686992930289404,-0.7645100241728371,2
-1.822701000175036,-0.5026394586826303,0
0.6836259608946198,0.27752218702914794,1
0.9482251092087799,0.6465605010518373,1
-1.0468428782294334,-0.6110223513029502,0
0.3719696979470696,-1.65919307627293,1
-1.7522248147264399,0.6740595018684764,0
0.0870749800038604,0.1524939678099432,1
1.0692612226509897,-1.332090473141209,1
-0.3545345882128826,-0.08307681150946787,0
-0.2694492071870746,-0.7016497191866129,1
-1.5853156467629848,-0.7896154611977255,0
-1.025927738762474,0.7000223845973276,0
-1.8307666177284516,-0.3419147691712289,0
1.8829206608911258,-1.2627411017240517,1
0.7564530423111578,-2.1049482749494794,1
1.1538211772595588,5.743738576894446,4
1.5696902510950965,-0.9082126095162856,1
-2.4977728187027326,0.18147706090854465,0
2.0505624136001046,-0.10183783068767564,2
-0.03107573539919138,0.36378233190325704,0
2.043406108151562,9.400312951963345,4
-1.712108667357311,-0.07795319601424662,0
0.08665179910157202,-0.6399902314361178,1
1.0842765733699224,-0.5922673242814336,1
-1.3952718453815587,0.8163761333958824,0
-2.3776865229745856,1.3933469661663505,0
0.5410273228279653,-0.7612358869338575,1
1.9138046580752297,-1.125701902816334,1
-1.5953774770934332,-0.5165531605336801,0
-0.7504797658960761,-0.2936736258355344,0
-0.08361527294677802,-1.4290289421390405,1
1.3019226382110947,-2.121793431197782,1
-1.314018476377932,0.15279059664046124,0
0.7716663922969523,-1.2210241542342721,1
-1.6512736586021262,-0.4036108270575524,0
-1.1179479012890714,1.1784448867231117,0
-1.9074507618643595,-1.1443958004629549,0
-0.6012320316067116,3.239812714050358,4
-1.4170922436776228,2.7541058834484113,4
2.0985696560797513,-0.9526742454327237,2
-1.3283356907449761,1.904857457040446,0
1.4219691905622045,1.3477698975196242,2
-1.7885494731707674,-0.44238102181382083,0
-0.5502749647044954,1.9022973629261923,4
-1.6983573845101174,0.10778028026802462,0
-1.3925440457934173,3.8044988229440544,4
1.2300759946634365,-1.4600442933801354,1
-1.5076948081706119,-0.14311122485994143,0
-1.4044172616338706,-1.0417381938630828,0
0.4131294389125546,1.836256960346748,4
-0.49295887014026585,1.4673346476803693,0
1.534894034480411,-1.6081848160000587,1
-2.2914945305353314,0.9812267408771599,0
0.444554994964155,-1.1306402830652431,1
-0.8062279774558638,-0.8955726474888899,0
1.7226898917031264,-0.26407452244568863,1
-1.2812665946873543,-0.23587093390279637,0
-1.920816631176391,0.14094510347035827,0
0.25762868834848196,1.4589878457795415,0
-1.271195903176044,-0.37872045765571105,0
-0.005478906652323874,-1.9618264748344099,1
4.1158663086931595,1.0485251016721686,2
0.28716957867551174,-0.5027273074432276,1
0.4283339702848892,-1.8967623775885156,1
-0.43733156197621376,-1.6173173013749638,1
0.0839131691995322,-1.5031725479298703,1
2.4236500942468857,-1.678660412073259,2
6.441029768234179,12.480244066035139,4
-1.8316523365714121,-0.37247263712146156,0
3.8053356627293002,-1.569883097665585,2
0.2372818192447209,-0.7436115006976451,1
0.46049486396238637,3.0512507236971844,4
-1.658300077049184,-0.45066211855698396,0
-1.2595673551847562,-0.0586244716079334,0
-1.842907490486276,-1.2329097854705322,0
-1.0224499094601383,1.1087606679215993,0
-0.8531926216645831,2.06321487994419,4
-1.6685338101499845,-0.7936032942021877,0
-0.7952394287183904,-0.4813280955456795,0
1.0226168034340066,-2.3415427819510084,1
-2.1922337161806884,-0.15772526039603874,0
-1.0063827177187734,-0.1781855794079536,0
-0.550982188021775,-1.4041354823647174,1
-2.2739658114507604,-0.2180874790166941,0
-1.645785988823655,3.6102572089175475,4
-1.792370898814603,-1.2840795288695264,0
0.023144107692065277,-0.7256375773613579,1
2.1384132431766982,-0.2500765603414445,2
-1.1413918783019912,-1.1873693002149661,0
0.06011051423118791,-0.9309053371575016,1
-1.542478434710025,0.060402238592332035,0
-0.7352823971715863,0.5856610433231719,0
1.9106846963129567,-1.5064509370920096,1
-0.8200244041700632,-1.6084728529766392,1
-1.7997233825329084,2.878409753029803,4
2.4139722053591437,-0.382153735318403,2
-1.8846592476381614,1.7092528084709193,0
0.6407033755245529,3.6824825018121135,4
-0.2355943128016167,-1.3756058517503431,1
0.15535998874197876,2.7445574276944944,4
-0.9324649181453113,-1.6782128182162743,1
-0.05950420821874961,-0.33413769823864464,1
-1.9084439773071136,0.8662858058297033,0
0.5672140332812493,0.6711974118199796,1
-1.0022214989420322,3.764069970964342,4
-1.7331597745988812,-1.2266126052745918,0
2.3237917902982614,-0.22780466347134962,2
-1.7489893565185306,-0.9050387091892602,0
-0.5415359493661018,4.123511920751702,4
0.24148347444942284,-1.997022982950414,1
1.1166229788168514,-1.564555452176569,1
2.0264709097570406,-0.31919948917958657,2
-1.6832325091626352,1.367885692968713,0
-0.8205044807189215,-0.7248496183946745,0
-0.6322387726746018,-0.4403764526427387,0
-0.09115592815109912,-0.3375389347203089,1
-0.8895012981058895,1.5582146805845636,0
0.3337964513074011,1.2155422788638015,0
-1.589855987806689,5.4774827299897035,4
-0.3884650426826278,-1.3440172151681478,1
-0.9366627133324975,-1.1230085237767016,1
-1.4934547887223748,1.017091202567125,0
0.5853859281301331,3.595299752658281,4
-1.1791022711654802,-0.46609726498402476,0
0.2218796255541285,-1.9607312451824295,1
-0.8992893047548042,-0.38219313944322675,0
2.568909739533458,-0.9274188680854301,2
-1.58673447177732,1.348331154827835,0
-1.3710300760002174,1.0895768598158404,0
-0.7303083490155939,-0.25806737594922463,0
-0.47865703386984443,-0.10477344121918437,0
-0.10603605193227303,-0.1686817683366161,1
-1.4830881796779232,0.3121455910897105,0
4.190941542833856,-0.9987053889774116,2
2.076749191648507,0.23558588205253084,2
-2.00424631648425,-1.274261390470431,0
0.6514731392700615,-1.5548512308148692,1
-1.36758637590726,-0.5693650544814474,0
-0.0742281866505831,3.0349864119934526,4
-2.01188611180406,-1.2368001800855168,0
-1.83678736759217,-0.28329184368958826,0
-1.863963673299709,1.494480364006114,0
-1.356078483620819,1.0212571891904807,0
0.8288691369762339,0.47156004563788906,1
-1.8973328196125037,0.31263015412792516,0
3.6985234723139797,-1.109424162659134,2
0.8034144457507392,-0.36876284834263456,1
-0.19442732660844964,-0.7153974844277091,1
-1.135637700936397,0.798362439135476,0
-1.5917075487455612,0.2188255370407275,0
1.2646189440336117,-0.923287481519709,1
-1.3772740962230272,1.1449277030665637,0
-1.5345683438688682,-0.939243104635836,0
-0.4906054392020889,2.608341389811726,4
-1.4562202334899201,-0.3840672322940339,0
-0.2605521199524079,2.3156860223566427,4
1.2510809154965825,-1.2246097991818503,1
2.230352751187383,0.8699247725506708,2
6.6967472570518805,-1.1884568018602257,2
1.4339797757534816,-0.7257578496352624,1
0.2556058394740516,-0.8647154267143006,1
0.17491586001210704,-1.6939311718981225,1
-0.6261869937352907,-0.047612056215336145,0
2.0359101431615088,1.9146930616246498,2
1.0278179797931097,-1.8950277786632217,1
-1.2218883169148445,-0.9636826966070948,0
0.05368705598213585,-1.5744868912854115,1
1.0817161725238005,-1.596511192456765,1
-0.49084173909598416,-1.6836075974815092,1
0.8730140940133007,-0.535960959641604,1
-1.0881716243649695,1.012241587079219,0
-1.2480540081852503,3.516592022576986,4
-1.2088829521349358,-1.1117728761318626,0
-0.3927952997365056,-1.643228495608551,1
-1.5913814098317585,-1.360794448781528,0
-0.5850848003038628,-0.5539498754130893,0
-0.573680038559437,-0.7626827685050511,1
0.8964473728785822,-1.8902192660011676,1
-1.911647178796745,-0.1744060190367028,0
-0.19368936106553192,1.5155932902096394,0
-1.4340636876033892,0.5429058633905491,0
-0.3108177793219078,-0.6949462443945521,1
-1.3160667990412127,-0.6926189157658476,0
-1.5502042532128342,1.0894029712586226,0
3.028336814868198,-1.3758335610549846,2
0.8534201396420807,-1.9174960866270705,1
-1.6799512050101753,0.8732979962186163,0
-0.9078988429745669,-0.6300695365002608,0
-1.5918915754383436,1.2593446266497428,0
-1.1252355290185856,1.698949266969651,0
-1.169096198677498,1.3702337722091176,0
2.1112582744485233,-1.0748488783808732,2
0.16150818555401758,-1.5861429611183477,1
-0.1943097002171072,-1.6048441966655915,1
-0.8954751489757097,-0.00271542474670217,0
0.4756676039990291,-0.5334511008600737,1
-2.390216728394975,-0.8724116659820598,0
-2.256756489604752,-0.1005665703949714,0
16.67648247396544,1.7439269670074233,3
-1.9633887445338742,0.008597950335576827,0
-0.08450874401677909,0.04830030627554718,0
3.7178311831133195,2.3595250014363396,2
-1.1537333541346917,-0.6816439958278048,0
0.5644018395916,8.373959379790216,4
0.3788424687155596,-1.606706846622148,1
1.2947881243929402,-1.2842682528408496,1
0.93992510022013,-1.389516962049464,1
2.0887589086920193,-0.17861813107907895,2
0.19725617166319667,0.0987406220268652,1
1.0560220256087898,-2.3189090319655894,1
1.6594675182394987,0.26723924567186597,2
-1.5249091138421345,-1.8775534851621813,0
-1.1452949857583627,-0.6420107767207691,0
1.15022980572516,-1.3978003526323999,1
0.6116203239099565,-1.210157828369911,1
-0.6462594824014951,-0.15384987008071152,0
-0.658088682130082,4.7143879656501095,4
-1.4099759885870191,-0.8809681600400519,0
-2.052158570962788,-1.3149239015654,0
-0.650092104217697,3.945376143015275,4
2.1674364921101175,-1.2390036933182957,2
2.5403127116479,-1.7429793923173102,2
0.1711087919574196,0.21745375553963925,1
-1.2265253456125456,-0.7520534089051346,0
1.7756558979763364,1.8039279469382523,2
-1.1598943311973524,7.724728501918956,4
6.9127459145608725,-0.98938832485361,2
-1.3001264540950797,-1.8848817379419271,1
0.7744020256055956,-1.7037457951008965,1
1.4092366885999499,-1.373605997318118,1
0.17453727814774722,1.4393911084634932,0
-1.0210529248640823,-1.411177800718614,1
0.998065365396031,-1.880048194093679,1
0.810185031656331,4.847755160295534,4
3.659963560672864,-1.1155273621374862,2
-0.24161312483889014,1.021441487666344,0
-1.3120165345282768,-0.49946733053168774,0
-1.0707646453035384,3.837067332065652,4
0.24722948074676196,-1.5232669395126772,1
-1.6544165194330136,0.15164036012912255,0
1.3576328549774836,-0.3323021703855281,1
-0.629891961260214,-0.9894748134700546,1
0.22209055886025786,-2.172288618385346,1
-1.9213552855933227,-1.1538690575121897,0
-1.6980605004902323,3.5701302685384473,4
-2.070455575441804,-1.243172670741576,0
-1.2305386829316691,-0.4246493762091,0
-1.8033535056956023,0.04250853070500959,0
3.5621321366152796,-1.4588545339103525,2
2.3015123815863667,-1.4371766420942893,2
3.779218481130808,0.7944934920776406,2
-1.7786470619697412,-0.8372768493557485,0
-1.3069331249370213,1.8734245210655918,0
-1.9719658429900653,0.930502209563071,0
-0.7220067711043242,-1.7881904135064606,1
1.830005221857487,-1.430349407505929,1
1.7310433526385587,-1.0164732476886507,1
1.028233656385571,5.046862996455295,4
0.04559315831117144,-1.8991287821054517,1
-1.7932809615426442,-0.543316598946925,0
-1.4329557566999378,-0.5506217307797213,0
-1.1140282444628096,-0.7507559814295305,0
-2.065210772429882,0.577689614140416,0
1.4148165334280223,1.1846795716679555,2
29.603051870858188,3.475419020356961,3
1.4970044343638014,-1.1201028264740318,1
0.4349564231527089,-1.373784756826059,1
-1.6740875601239766,1.5647565164145898,0
-2.1465377797795626,-1.2019615533515127,0
-1.6227659502660974,0.4646711007509695,0
-0.4405212271315173,1.4492148278986265,0
3.9575362327650243,-0.32371998733510887,2
1.9068421026759357,3.035920032737044,4
0.14500758210418987,-1.885583016461362,1
0.3159173708553843,-0.19170087018521692,1
-1.924203065474364,0.41464158389408107,0
3.365454193069561,-1.3994904349944948,2
3.515436441231079,-0.2501464223409523,2
0.05725325320616825,-1.5344861273447383,1
3.2915216483679353,-1.7163678472280004,2
-1.140902184066273,-1.837702211474535,1
-0.46087201666671573,-0.7554070956372189,1
-0.2623721004491383,-0.8344399671115083,1
3.812705673717827,-0.7923586889306914,2
-0.16626927264240782,-1.182183999749396,1
1.596473035422813,-0.7924100948057944,1
-1.6194096058102319,0.1434670518159591,0
-0.2226682942926473,-1.8052600091376854,1
-0.7221171073512982,-0.8853548266966282,1
0.07536217414035201,-1.8593720113400531,1
-0.31373316517569794,4.54937212977069,4
-0.9205622957517786,-0.8097064461054436,0
-1.8127568388100812,-1.142021905415704,0
0.5644913880687014,-0.8260603024646198,1
5.296583277262856,-0.5949657444625549,2
2.822977459893584,-1.06073411472908,2
2.64023117482664,0.47266902372480885,2
-1.1627224827691527,1.0499084984863203,0
2.16762343547919,-0.06466698424056581,2
-0.24150535662778033,0.8979796102303043,0
2.989838526839686,-1.0401885238360957,2
0.7896204047257447,0.42327240895056806,1
0.2856884240691004,0.548468407136469,0
-1.7183125975564262,-1.0271619653816095,0
1.4353844617233356,-0.9335045017303198,1
1.2168109299185803,0.31657881929104403,1
-1.4293593172602959,-0.2994048812857608,0
0.1360731028708039,-1.0912104482385436,1
0.5479136233619223,2.3100384555048166,4
0.05616809378121007,-1.3571131479675311,1
6.815663590960293,-0.6720968351055635,2
-1.7906239666861905,-0.24076193005370952,0
2.428017086400278,-0.9769721796967624,2
3.7946585065237564,2.356695848963129,2
0.39856323025708484,-0.8516238672117942,1
-1.7938976663871757,4.311537251524622,4
3.247021048577806,-0.4170115644022417,2
-0.6557696525895937,-0.5981199722948544,0
-1.7956862366669286,-0.3754156202812217,0
3.0621673230013853,0.9773121606757568,2
0.1495597076860687,-0.8530671393763873,1
-1.6309547390722625,-0.3949087113552744,0
2.4285425642612557,-0.6589981822342751,2
-2.074912935614612,4.019900340826334,4
-0.3615914705811553,-0.21907646223922508,0
-0.5321924683406849,-0.7039263511484579,1
0.928390483791528,1.6197661884116938,4
-0.320197500328445,1.3255282877879864,0
-1.7350246389651467,0.3452181655619721,0
0.908926988167657,-0.6874345409309951,1
1.655597458672782,-0.8417991871285336,1
0.49742328007860837,1.0736094923566202,0
-0.5818926873599908,-1.708865902159193,1
0.8968775713339165,-1.0983797255443148,1
1.3737943077306087,-0.8855521128947594,1
-1.4746362830316824,0.7825251255989958,0
-1.7914929435998703,1.4855952707271916,0
1.212588640202862,-1.4076756690945331,1
-0.866802352027174,2.139911883719354,4
2.0511303429729413,-1.45368769084622,1
-1.1339824757198809,3.67200968739429,4
0.27705092869901815,3.8667063471525083,4
-1.0657130544924203,-2.1060257595594707,1
0.6834549022311212,2.717593158124142,4
-1.5318472866908561,1.474107599730174,0
-1.3542018660111472,-1.7228903500877477,1
4.03594855168907,-1.6726993152226224,2
0.8487846465267362,-1.4886665569045827,1
2.581022520503579,-2.1874222369916887,2
-0.6768501014534203,5.604462584300615,4
4.82524039152659,0.2619789407506344,2
2.294627990168232,-1.1691150420388594,2
-0.35717682939301637,-0.9517465579401507,1
-1.006858431627891,2.670890979081462,4
-0.28727841677836513,-0.7278192912253437,1
-0.3596776678580644,-0.8103322508186415,1
-1.253847259103421,2.8716719043992316,4
4.444336969574344,0.8436314675288464,2
1.827249904945392,3.4816709106386385,4
2.3546298586953527,-0.12504076935155772,2
0.07664871795402686,-1.8946849791877691,1
-0.7736445190749944,-0.7888291401237173,0
-1.195838216720987,-1.5085694141969024,1
-1.1190801422108996,-0.4950993962317166,0
0.17234642685860338,0.59861193398574,0
1.7593019401228804,1.4273231799465187,2
2.257903029690599,-1.6295885323719734,2
-0.5764653189554801,3.15021123056451,4
2.195138379339779,-0.6427229170454933,2
2.5661028251943288,-0.507041724674,2
0.8523810602193072,-1.0548183398989843,1
-0.5144382440689989,-1.2674891773454315,1
-1.799866308221081,-0.2630004479376896,0
-0.8799507193213505,2.6165375523313674,4
0.3927493433173428,-1.4920337140323163,1
1.1692693376395789,2.3299545241547173,4
1.3939462705250152,-0.8709081803149598,1
2.7810102855680756,-1.0528689585799298,2
1.2212075176051194,-1.02131789096635,1
0.5784329133639412,0.11270310156304966,1
-0.9725954631729585,-0.5966261836774411,0
4.062821384150962,1.0326922178082125,2
2.0442294640574086,-0.5518529983436402,2
-0.5034751709483396,-1.2674520220322212,1
-0.6840996833100312,-1.0680391871337214,1
0.2508717597453383,-0.8894621680700333,1
-1.3494002507007354,1.6456567778625724,0
-0.2992880483934672,-0.3745991478062364,1
0.15510769201133548,-0.7881882276402469,1
1.028923404021974,-0.323657112975142,1
1.7011460366473026,0.1789368075841882,2
-1.3447787920563692,0.08903535495431329,0
1.1507822738572462,-0.7413017809445848,1
-1.8609058561899743,-1.048402054984816,0
-1.9172733453693969,-0.8893511048167262,0
-0.9361283659211063,5.356110138945063,4
-1.1788891217204114,-0.816288160987932,0
-1.8425060741919013,1.929454846506811,0
0.4853894201010594,-2.342638240745706,1
-1.8674703009458893,0.3897219582226117,0
-0.4194660278151514,-0.6104093406403337,1
-1.307857515924694,0.49975779767333706,0
-0.736171215755697,-0.6419470916756336,0
1.4742303936819747,-1.0385680633489518,1
1.0714518372072859,-1.4412381523419286,1
-1.7164335179421912,0.6950796657395375,0
0.785234567002113,-1.4802643542525018,1
4.2324214718665445,-0.9622372511897576,2
-0.7704281404875601,1.121251423474753,0
0.8372881142508131,-0.45939005772401637,1
-1.8581148770803666,-0.3499538683309104,0
1.0920923241167955,0.00689935421306136,1
0.053103468661766844,-1.8744473316913022,1
-0.051302920731715836,-1.2758220431894667,1
3.2976021823273443,-1.292799113252366,2
-1.985370315761465,1.1361277158818568,0
-0.20377004465955756,-1.0342267211353717,1
0.8121069816363056,-1.388194256963218,1
-0.7320076020682227,3.9682563623662985,4
4.321427302950039,0.4390250824142987,2
10.841966225809202,-0.5929796366035803,3
-0.612628531169672,-0.8760237489196872,1
-0.2417804456806896,0.40165070017035037,0
1.1860771445393818,-0.8540269413395052,1
3.5433907806553613,0.5936134271503657,2
-1.1846562446451019,-1.5369998990731877,1
-0.4857520609576126,0.010181435699969783,0
-1.9524852004297704,-0.6459716239588258,0
1.5636958685350901,-1.075822019856217,1
-0.7791603337069541,-1.220051619178971,1
3.564914246293445,-0.47907368486254887,2
6.742075974845897,-0.9421292847641338,2
2.3246935678797596,4.960227573165668,4
-1.8247047305361068,-1.083365610936953,0
-1.584138608271887,-0.20130968054682644,0
2.6257384298390183,-0.4839380996935852,2
-1.7998588268759084,0.14712769514829357,0
-1.3833758704567858,0.5896786392867929,0
-0.31168548775431054,-0.5173868467646625,1
0.2753862449646467,-1.2211081428245105,1
1.7687759480742404,-1.2712828636827114,1
9.099578114111194,0.28085246198432173,3
3.0738327678483364,3.056120111792465,2
-0.6300352682987579,3.686858381416891,4
0.8153543020839124,-0.5401292476542477,1
1.4494935524016022,-1.1989087792002693,1
-0.06114033182182106,-0.9930926154052281,1
3.3875926780765853,-0.5983711521649312,2
-0.07970725260660405,0.10607029671358184,0
-0.9785165439138834,-1.3363227169184275,1
-0.5823654378778251,4.248627299743479,4
0.9400838923462056,-0.169616760291509,1
6.029526884790601,-0.9522252833922428,2
-0.13174325978386583,-0.5396814094754788,1
0.36982993641623807,-1.3422344043267829,1
14.628579425072438,3.9287547430795096,3
0.9425548861600737,-1.3822572565467734,1
-1.5333658635473961,1.1381181289493039,0
-0.6679689746067665,7.602900064940901,4
-0.5331548292184142,2.9329645386538163,4
0.661730014192635,-1.4605409962823956,1
0.4587498212618931,2.5901118464863546,4
5.703813547012091,-0.1022201380711344,2
0.9748974314517765,-2.3030478267961607,1
-1.2081871876045207,-0.7389480590208543,0
0.5571344072194938,-2.168384031446663,1
1.625173823595616,1.8064052701278837,2
1.4699355798974576,-0.9980980173755483,1
1.797347420705465,-1.3689237921097392,1
-0.8850872212765593,1.4888325635655413,0
-1.4514979270421267,6.075086183075086,4
5.024647576007417,-1.473270465805368,2
-1.0737944602808143,1.694675214931861,0
4.248597848366021,-0.2782493953636333,2
5.216838819289854,-0.008337391030215902,2
-0.8749575814257265,0.594153712713964,0
0.5867082713198307,-1.3653144946551883,1
-1.6213993917047917,0.8206472362361508,0
0.012657853976990482,-1.3674516796860774,1
2.447761050862704,-1.4478709330718686,2
-0.6683586114595054,-1.6118769388177416,1
-0.49914211622129767,-1.3612842747536924,1
2.2470368671691814,-1.0176854194305058,2
-2.201366388339058,3.2895480429385606,4
-0.5526899229546866,0.12234419309173374,0
3.4001537055123023,-0.6451113804194822,2
2.970940636130589,0.8175025944585858,2
2.961526684021784,-1.6051699078028363,2
-1.8578727731368208,-1.0747807943371361,0
-1.7977579719244594,2.436528064070214,4
3.0461151999974816,0.008852833007563333,2
0.5614743412254343,-0.9933760877189985,1
1.8428672373407042,-1.5134246793629071,1
-1.1287672593438363,0.6710185579237077,0
0.8413371141233293,3.439183217274125,4
1.2151983404770588,6.011748636614576,4
-0.34098615183158254,-0.7054996846051953,1
-1.5861341743465949,2.7272336521966527,4
5.662033755376986,-0.4395830221853594,2
-1.1231227907649053,5.6293969155522445,4
-1.1425620822923146,0.4129335033957792,0
-0.9801117244148805,1.7790385379007312,0
1.2249587840388996,-1.5351839717346412,1
-1.5700688713701594,-0.6521569593471856,0
0.5214807669824283,-1.7070278466654707,1
2.0729238999820057,-1.7417154611343768,1
3.0834867727022495,-0.6789376031884727,2
1.0190082094972852,-0.901196636221238,1
-1.8273942065924536,-1.3397991494305608,0
1.7251431814626788,-2.041936639322086,1
0.6942621504028672,-0.8391193597391885,1
2.1242506491905937,-0.3778361581930498,2
-1.1891954994712797,1.4788429443847497,0
-1.461002126214225,5.861473240406648,4
-1.6862069832124147,0.5763169329617426,0
-0.43269939105365307,-1.5543826107991394,1
-1.8317288955140016,0.24429608373344616,0
-1.6596503285497148,-1.033394040680578,0
3.3589376913643045,0.011090828190755856,2
-0.613800657867928,-0.6616022270279636,0
-0.8556732295016866,0.585330294662256,0
0.06849583487756936,1.407360957739986,0
3.61102365948067,-0.030551903313170134,2
0.6603665565490701,0.2923057316786513,1
-0.017283694215856855,0.613816288970478,0
-1.073423494397663,2.817106225519192,4
-1.3889428570029057,3.5754656102768174,4
1.7146760426248278,-1.117662183422527,1
-0.06932856738595004,-0.2717136665911668,1
-1.117683290259641,-0.4577041135572706,0
4.133809623140994,1.076207902460174,2
2.205977465209789,-1.1904548688113692,2
2.1338089415628083,-1.5574269616620737,1
-0.9215734119019581,2.2635628727099992,4
0.22914315719901135,-0.6915490138062287,1
1.7360809083419155,0.6676781355567784,2
-1.6436952632352901,0.4205636931874918,0
-1.6565628575212652,0.5771183456352664,0
-1.6018038178270981,-1.3922534774522828,0
-0.7079170449170951,0.45492134825648745,0
3.3257321418930887,2.6333831133609835,2
3.186279901858415,-0.7466538735945515,2
1.0533100088157077,-1.1260951093432114,1
-1.1590123268539052,0.11955193560059008,0
-1.2182175382253142,2.5238648904520495,4
-0.34641120184689306,1.056963159622519,0
-1.268655657581266,-1.7604370764634512,1
0.5401989103078023,-0.6137226468440934,1
-1.126490680546606,0.9833335303873068,0
0.706825788789025,-0.09468577940088306,1
-1.8817146883093747,-0.09379365979683725,0
-1.3395396040621146,-1.710404731973573,1
-1.8654198223172818,-1.368536007949441,0
1.535391521811856,0.5270152275013542,2
-1.4910820540859102,0.0730747751268017,0
-0.9991613283328917,3.777830188535964,4
-1.5731086461189698,-0.6530820817001033,0
3.4645809717374485,-0.5631036666305547,2
-0.6249967195675191,-0.37507680869362925,0
0.14488198568619595,1.7635448740117523,4
1.3821227504206648,-1.353689396600113,1
0.5158103224895009,-2.062360230115864,1
0.3777941256145624,-1.682674027199566,1
-0.15091957427299352,-0.6040179640738665,1
0.13602901336207351,-1.4534980275794356,1
0.08699862649556368,-1.7922528361961805,1
-1.6903578540037532,1.3257174640382001,0
2.396059610526778,-1.2571151627858523,2
13.012385448613813,3.2843212887270705,3
-0.8141703351323188,-0.13595182435156,0
-1.2214739390868223,5.3770447821885865,4
-0.3837736393510305,1.5449329025289669,0
-1.2551059038896506,-1.2665569102497647,0
-1.1047559495385746,-1.7106054396550356,1
0.7664750163905277,-1.503373848130049,1
4.217279812715557,-1.8861492862769917,2
1.2038055405540402,-1.199119164765792,1
7.961704368450657,3.9546870891943997,3
-0.6229256927260425,-0.587063272408898,0
-1.8255512563039846,-0.09162500137996789,0
6.69322704972154,-0.4798050308971655,2
-0.5595542237733837,-0.36402984720444886,0
-0.6755003077116342,-0.7962622433936515,1
1.8988034170312822,0.8456262873433572,2
-1.2952840588852967,-0.2401309997622277,0
0.7447834555603486,1.5816202037460363,4
0.02562871728580584,3.1764568591958833,4
-0.3688604167423889,-0.4678435524334706,1
-2.2234938973199143,-1.3381824395135233,0
-1.7052409655421044,-1.0412666721113164,0
10.451516960767435,-0.6035454931797976,3
-0.9312446806761299,-0.6747560400392417,0
0.17743259779166737,-0.4470282445604256,1
17.35600852251112,4.251962167834786,3
1.2592871005213349,-1.8430232206098651,1
-1.686327732513967,-0.4190951420800529,0
3.180914664523435,-0.9160376509998251,2
-0.7007383613837825,-1.0214196498913934,1
1.268240409768362,-1.8931841251584796,1
-0.389227330055236,-2.2233474135744804,1
-0.20893798809163355,-2.126277685602486,1
0.33865889915787467,-1.514533156098937,1
-0.694038474871672,-0.6552607537841965,0
0.6571370120277196,0.5841595440077847,1
0.9336868173519878,-0.20286780244272126,1
0.2976243892661371,-1.350262015735846,1
0.4784434033399274,-2.3360336714702052,1
-1.816074673711218,0.009208646127635374,0
-1.8381475831031717,1.96931913956047,0
0.39668808380309045,-0.9174770936271126,1
-1.4251861122671623,0.4608659535237019,0
1.9527023648451731,-1.3854064867810134,1
25.02257094361578,4.197092059119504,3
2.5027603494948885,1.0415272185750708,2
0.07445668653021124,-2.101894415839789,1
-0.08440934068979015,-0.646106999450382,1
-0.939130211747707,1.2637184977356195,0
1.9373706350947522,-0.9847986534702726,1
1.3787230472796876,-0.6020820145888311,1
-0.609621930406789,-1.9673390688087697,1
-0.4866700793563902,1.4707267545028768,0
0.6553137454627139,-0.4575994964701973,1
0.8313011377641015,-1.033664728894908,1
4.317457977471253,-0.9788736422465175,2
5.6054608129262045,-0.9938747472589717,2
3.7903524635091514,-0.41541713430677,2
3.2410819465921477,1.840948982904367,2
1.042559873981793,-0.9628042629583653,1
-0.6155973706464377,-1.3107090878847851,1
-1.7733122809874073,-0.04134558389658518,0
0.20659692882917174,0.2199954991630307,1
1.6053862163626986,-0.6377390486672088,1
3.5091381626829317,2.4135035917415215,2
-0.7318253483397863,-0.37625901271469714,0
-1.9389986809699487,4.5620716315154635,4
-1.9598121679787914,0.31228507095847846,0
0.037384763263496705,-0.8767709575389498,1
-1.5389560095949182,4.668207167641345,4
-0.7559813331631465,-0.7200952126928273,0
3.4351928350275003,5.31281551247994,4
-0.3971578476930138,-0.5899226947591796,1
-2.1031393905538165,3.4622390704889834,4
0.07488775449469785,-1.7642228194387082,1
-1.1223740680995753,-0.7419358310918972,0
-1.7656754209651504,1.1740540124021825,0
0.05210550834427919,0.5537188412269435,0
1.9900394114948348,-0.8773538089454685,2
3.243252053050302,-0.6421957482075386,2
-1.8177080962679697,-0.06011682366262044,0
19.525104398930104,1.960285543727615,3
1.0532278289818444,-1.8777624954782917,1
-1.886088602249165,0.5587349552744412,0
1.4228493496841994,-1.0858717020317123,1
-0.491188163550201,-0.9081593824417713,1
-1.6987340708783185,4.29997974806714,4
1.9664307103275236,-0.10296484568365032,2
-1.1964847763829158,0.8117347800109207,0
3.178484194495413,-1.7278998196746014,2
4.266870353776739,-0.5586034677919897,2
-2.395413959375798,-1.0052681250668076,0
-0.5901425057047704,2.6308632310343327,4
5.0831629449214955,0.3396701681901424,2
1.363076848586886,-0.5616426730898255,1
0.20636068881961458,1.7337636368186755,4
1.7478348805742314,1.4908113107657874,2
0.23125378235056515,1.362139840561198,0
-0.06719663193573397,-1.2861717741687955,1
-1.6865354310350962,0.6903496461191553,0
-1.0101153059642698,5.015273228632296,4
4.863857532584451,3.4065513374722984,2
-1.5354166183840903,-0.1295200262874416,0
3.024984224668564,-1.0217732076319173,2
0.4596640570834898,-1.4288286205876364,1
-1.6600372530606426,0.23815202809404523,0
0.591087746650136,-2.100011280477678,1
5.585097473129228,1.411598156596679,2
-0.9482873229488114,-0.4964531580442851,0
0.3155534736602779,-1.042372303164576,1
0.657446017763965,0.38130775544645024,1
-0.11566319311732501,-0.34823866164050205,1
0.2041750843476707,-2.0034178668855414,1
-0.5022190529113226,-1.5490196133099017,1
2.0658926978091876,-0.9837895817060737,2
0.01754859825714144,2.414327255963504,4
-0.33412077925304756,3.572817334198462,4
0.4281835206415075,-1.965785410152986,1
1.8497445299113098,-1.0196528761513988,1
-1.8958747791477022,0.1303966005115006,0
-0.9225525397225339,5.1139946167266634,4
1.4358082495379818,-0.9103877471168429,1
-1.9750998325708427,1.3540826139064854,0
-0.8313520529924924,2.278965099381394,4
0.7165103315385892,-0.6933355967200672,1
1.1695648665259704,-2.177414350475316,1
-1.6482388698755912,2.015403102390231,0
0.4554181941788016,-2.0505970824429776,1
-1.3233563867624143,2.1233612481693207,4
-1.3259673386412891,3.8646930440908087,4
1.0902021122698604,2.860980492103958,4
-0.4153296542051123,-1.373708808582411,1
-1.1081240971187913,-0.7273555144614375,0
-0.8043752897257913,0.03638279072107061,0
-1.2268071437817438,-1.6433179696057036,1
-1.034036130839416,-0.46583233842245436,0
-0.30330647024110324,-0.011895268284260525,0
5.075815339396291,2.225815287556932,2
-0.232586315953712,0.8086068713493323,0
-0.12552218100103937,1.117807364114223,0
-1.2770695848865365,1.5640787221985082,0
-1.519975666742635,1.5149650704102908,0
3.611752949588367,-0.7502512800659589,2
1.1662445653412046,-0.7045805996616645,1
4.362037541835764,0.4066058293793957,2
-1.5357995567339309,0.1989495847253707,0
-1.5727114125049173,4.340525346934377,4
3.251921532456339,-1.493727870588512,2
1.2921160298253926,-0.5013323083612282,1
8.179300335050575,1.0377212931449942,3
1.9441946580102691,9.306421595613555,4
1.5825345128715829,-1.849379608420784,1
-1.8342174763596688,1.7571934571969074,0
-1.7593573080718132,-0.4857165292306927,0
2.637140914873505,1.6467336796590843,2
0.5295761352033483,-1.2596433795029047,1
1.395179431685715,-0.5798191306697735,1
2.117176823986129,-0.7266552574058289,2
-1.9448279470212213,2.7804594007030543,4
2.32798295000702,-1.5188822048093396,2
1.1993518936640566,0.5050798130463744,1
1.7058475694112032,-0.6583323007099261,1
-0.3923660392499567,0.4865568392043849,0
1.5894458024075826,-2.0756332624680374,1
-1.6841847826117315,0.015293009268189139,0
-2.4010070497616067,-0.8271011279043939,0
-1.8845004252497026,-1.1450194498799038,0
2.333807892171205,-1.063599682871911,2
5.050723259164007,-0.6786419603516946,2
1.5002056320998907,-0.4673821663432678,1
-1.8799627180482872,0.3365330693464697,0
-0.98120452421507,-0.10466783302992304,0
-0.42249632603976917,0.03326318914914982,0
-2.4309102538633733,-0.9585555896644474,0
1.5570440671074686,-1.689741361405388,1
-1.8762564211185613,1.7077250067106235,0
1.2888034811765976,1.3529074174079239,2
-1.435391515318081,-0.7586831681051406,0
2.30639776552138,-1.386612310020386,2
3.409278728899412,-0.7554771079003783,2
-1.3409735476108666,1.4153185574640281,0
3.6580834656051775,3.106357553464772,2
2.1353058607918065,-1.0682572607949463,2
-1.0521924118132975,-0.6639068353945019,0
1.5428502198334286,-1.8292638254467268,1
0.39724518356811267,-1.510259782003684,1
1.0802674341449496,-0.8794899976770949,1
2.5429045525648672,-1.1437872443839998,2
-0.8585140560521688,-1.3990604669574753,1
0.640759554600823,-0.13681071682384796,1
-2.303040370499508,-0.3926647569433439,0
1.7446143655405937,-0.4572086336298004,1
-0.07751833238905266,-0.9181373722946918,1
4.2147806619622905,-1.5207990741499655,2
8.18748711530735,0.097565581864423,3
2.488200059901302,0.7022379431253254,2
3.3571341058649615,0.937974198987481,2
-1.113487009317795,-0.6110174718194213,0
0.20075679408625985,-1.3350484415724353,1
9.15249393228948,2.9954865368804913,3
-0.5687163873693581,6.645800462355063,4
-1.212989090012705,-1.4132072791422354,0
1.0145316460949372,0.22983083239054883,1
3.1708049897979835,-1.0183156972645868,2
1.8510285007535523,-1.718223533566326,1
10.45316702827263,0.6491897833765402,3
-1.3206162929004344,0.033989569530003254,0
7.743861433967642,1.59502401514657,3
0.3016891270579764,-0.871076223442892,1
0.4364132134536863,1.715554327370571,4
0.39599747342629626,-1.2860113781999336,1
1.7692126489110902,-0.7165199022531233,1
3.4699364786761273,1.4177555360932517,2
0.3389322320429346,-1.9172387359186271,1
-2.2369094067269986,4.043025124388777,4
3.369435237175868,-0.45356283469979547,2
-1.8302139833126352,0.5628905497823884,0
-1.322661385600191,2.371095658097164,4
-1.1936243077705566,8.9694388635852,4
-1.9611231644547555,-0.5996660129703136,0
-0.2888876120822788,-0.4098778618359555,1
2.4779437379589786,5.2335875111607395,4
3.129606491233031,-1.4973222159982145,2
-1.8297147889304592,-0.024748733606287775,0
3.5617623207136755,0.6190851117797632,2
-0.9791554277135859,-0.30181643339358233,0
-1.807812338335556,0.2038938565883351,0
-0.6993140474260122,1.7316279583698881,0
0.9019379324723986,0.2035731265828374,1
-1.378731434170735,0.19742406571867388,0
-0.056067470586796724,-1.3553979653638886,1
3.042740595169509,-1.2201708968743048,2
-0.36881526053590624,-0.4582275917243743,1
-1.3517078600064987,-1.3860996698169463,0
-0.1008389565166038,1.2698081620433093,0
-0.8631190695372316,3.088525104016405,4
0.9472865071999513,-1.3161540926098008,1
2.026622010768014,-0.110302186507328,2
-1.5520085707016236,0.5704211500149914,0
-1.2871702191268761,1.8375305267390065,0
-1.9228471390844315,0.5011288481047247,0
-1.2586317151501034,3.3607142707640403,4
-1.8100633979759846,0.1284313813138992,0
0.8809792030855135,-1.2557054584902505,1
-1.7352745908001623,0.39944484346221293,0
0.4892353252370438,-0.8395366204873644,1
1.0396068772258025,-1.4940854230946663,1
-1.6214138923115873,-0.6169692539537039,0
-1.0443576602045344,0.5886099880273228,0
-0.9705584691753151,-0.1841940545430125,0
-1.4323329837259626,2.961134183521272,4
-0.7314367778814714,2.5287587093370925,4
-1.4725078555304196,-0.6796232722026886,0
0.2748102341625935,0.030434046787037497,1
1.9142507393844919,-1.43552925981183,1
0.7063479699412287,-0.9228053125946813,1
-1.6609823610229413,0.7431691413519059,0
6.223847664661134,5.004298128216043,2
-1.5537774889922702,1.0056784550526876,0
-2.37899076620625,-1.0946131029337023,0
-0.3297222505861245,-0.6376340973588827,1
1.3613238297430337,-1.640140795473893,1
-0.04112118459976117,-0.5864541195891115,1
0.3955032287670212,-0.7305741534459376,1
4.102026883419515,-0.061699384354684465,2
-2.188491805247707,-0.19529956304192866,0
1.9433927235938875,-1.22440340917103,1
2.5029670430042845,-0.13696682806233915,2
-0.0722836776476901,-1.470586296491742,1
0.5737430904674217,1.2002190121141758,0
-1.809213538807577,-1.1091646000977964,0
-1.5215452647907373,2.0034219668140016,0
-0.7502520660301571,4.374869152721738,4
-0.3754006068743478,-1.4827775952493325,1
1.0611975396317617,-1.7055280603617047,1
0.9506897132976025,1.9830415678775692,4
4.889261051485382,-0.5069068036009923,2
0.2433922554546453,-0.6625046933596842,1
0.19405001692229606,-1.8118079613185694,1
-0.6414942268020672,-0.26583119153410556,0
0.32754214185965613,-0.42331572606641105,1
0.4013339304736762,0.9455800213875534,0
3.629776458404741,0.06183092790746174,2
-0.43480333716189506,-2.286457768839785,1
1.9766132152597187,-1.19354310933562,1
3.4902048747771652,1.6464351209755976,2
-2.2385146969170133,-0.6811538621965179,0
-0.27722112397460696,-1.1728674083562614,1
0.6364582700123869,-1.4727650602453337,1
-0.15700497968571406,-0.9902855642411623,1
-1.2166111645316666,-0.13252615694260023,0
7.380855210722367,4.240139175525093,3
0.1591852651642538,0.19201930173104223,1
-1.302900322461837,0.1956267463146349,0
-1.3862145790498799,1.0437945974555674,0
0.9394983448247713,-1.4154929323369532,1
-1.4557575189261873,3.1263853969695194,4
2.982605275038367,0.007184128719906913,2
-1.304530106448413,4.445575809441504,4
-0.3837685810057517,-0.6439454589343206,1
0.6048530980581467,-1.6004009106078139,1
2.4585926976307375,-1.9928911483552916,2
-0.11178423586480135,-0.5941902410682404,1
-1.0970353211717452,-1.2791808026852463,0
1.6355240188761822,2.191616895120881,4
0.0748899878333332,-1.6190695881934052,1
-2.0989158603888463,0.24585756239139242,0
2.89742525446592,2.148893746141661,2
-0.7225893074394293,-1.6950442948752016,1
-1.8444173924542804,-0.03033885821827406,0
1.065016714909907,0.061141360631370295,1
2.1564927287242117,-0.9559489447751363,2
-1.6027525133972014,0.40779882074169693,0
-0.18848997444713417,-1.6913083321965834,1
-1.828279192397293,0.12137535152067032,0
0.23042881071070562,-1.3528174212995487,1
-0.08189075028933847,-0.9229887635651928,1
-2.050764928731642,0.36856527412340045,0
0.664252137665612,-1.1636849834835137,1
-0.964454025336647,-1.2917514460574084,1
1.2668199245870482,-1.3536912590305348,1
1.454701910105547,1.1987495906454495,2
-1.3321644362677212,-0.5025367862702419,0
-1.4214144470077652,2.4215487175766555,4
1.0754760868409095,-0.9232540814216639,1
0.2829477029567403,0.41812296906064467,1
-1.378289123273627,0.30638934649947785,0
0.354064280525247,-0.5798732185963791,1
-0.712987581201305,-0.7905192065252812,0
-0.2024026850609024,-1.3374994510185854,1
-2.499930659867851,1.91715298428045,0
1.2267217904858667,-1.1863347306252998,1
-0.5784758238335852,-0.19194824479039133,0
4.827424333247636,-0.8210802581186831,2
-1.6129397182189553,1.2328676172183435,0
-1.7387882335596372,-0.14913644071140653,0
-0.59275650812027,-0.2960468542597285,0
-0.3433382726797108,0.058169223257362984,0
0.5362978133495663,-1.8305233725535444,1
-1.0412677422519525,-0.5791366630635828,0
-1.1148128816311296,-1.4675518670314749,1
-1.5070243484105572,2.722139892087192,4
2.551322545583098,-0.6434783773351141,2
3.7056697191358436,1.051186848805486,2
-1.2963540106905211,5.183870038679376,4
-0.8332528880007825,1.9211064976030274,4
2.8332957743437213,-1.5481810705578556,2
-0.6883812753173235,3.4843862984935083,4
0.6737080454720569,-1.4213101969433934,1
0.5951090808427558,3.8710987112810975,4
0.006733839431082231,-1.2408702328896462,1
-0.6973679061528949,-0.8112094624245256,1
8.483137588170413,-0.003626230816277813,3
-0.4218471573624614,9.441698599135481,4
0.5372406406629129,-1.72116708158272,1
2.583505268972111,0.7217695550844827,2
-1.6656700027196218,0.2593358210965892,0
0.21470903042191894,3.097622065339181,4
1.215095738805621,-1.0305327959426342,1
-1.5957989578007976,5.151370173040061,4
-0.5677608321545459,6.211174454706233,4
-0.14890933130929612,-0.0650403335060925,1
-0.6064459682693043,-0.533945767454942,0
0.07660338497280399,5.025416909813411,4
-0.8776093997403069,3.75379738070209,4
-1.8135355248533347,6.743107366704418,4
0.5984955509322535,-2.3501503378127198,1
-0.5123910570543231,-0.5658182435623368,1
-1.9252042326942422,0.5677707250066956,0
0.6035611940709377,-1.5594261452776013,1
0.2366153451280271,1.128281563241677,0
0.4253697443994341,-0.9801400134707412,1
-1.7846196897739097,0.13030926845985627,0
-2.0800651613391956,2.779070181394195,4
-1.802451461740394,1.4207699858127183,0
-1.8476783294358339,0.19309174787400285,0
1.715225564456517,4.0161365020949535,4
-2.111611167496236,4.033707016041282,4
-1.8557039036820764,-0.4244529320231028,0
-1.0187293342246395,-0.8004894430894212,0
-1.6028392062385362,0.4897896584419663,0
-1.4451830556911187,-0.2451294058002422,0
-0.9348799250478346,1.0830727900439332,0
6.219541680040724,8.734323501450579,4
1.7663273230051055,1.9654820945997857,2
0.009805731669553112,-0.8127701359760744,1
1.1830620726186356,-1.0955519039590411,1
-0.39696040929070925,-1.7631260079357336,1
1.463704507070177,-1.752936144875669,1
0.7509192267468157,0.6427351873115696,1
-1.8578129296595893,3.126846180946357,4
-1.4128122352129784,1.1342726689227056,0
0.796707438934068,-0.7130504888594837,1
5.440087710916315,-0.33327586931672937,2
1.6075314865290542,1.9189896111546318,4
-1.9253038925365817,0.20236814251623989,0
0.5147056721178545,-1.9952826146889693,1
1.7623031371885387,3.190544196481647,4
-0.16305411447987905,-0.5652157278645792,1
1.9753052082911327,0.4484443237788756,2
-0.7831444523877749,-1.0900123098240424,1
5.313646439013309,1.0176663472628378,2
-1.4542120466208088,3.278396643286485,4
0.015250945359147753,0.2656709016169803,0
0.4036507461721523,-0.8580060182849593,1
-1.837687097708758,-0.3721002983419526,0
-1.7247239560497827,0.19656257894743517,0
0.014237950385778292,-1.8066058118434667,1
1.2326210433886342,-0.47284339367829437,1
-0.9398533325634998,0.7370990397219195,0
-0.6377097591015889,-1.4200242623956016,1
-1.944731445100173,1.8712360744262009,0
0.04012136241905414,-0.08061561295898344,1
1.457756532967467,-0.9953727752973118,1
-2.030382977360534,1.401305232136503,0
1.2534358062856494,-0.8766438537340367,1
0.08037960303725625,0.9676718212363574,0
0.3542223950662312,-1.1303254960037592,1
-0.8153741443928296,-2.080737163079884,1
2.4389365188684278,-0.9277433025195776,2
-1.5038217777524419,0.6588595510949405,0
-0.8303198316979022,-0.2218918478431833,0
-0.7598190460986439,-0.9720418062647305,1
3.524275212333323,5.895313855698763,4
-1.270218160159193,1.5907652077054348,0
1.0722786921071845,-2.2520131397595518,1
3.404071668515812,-0.7348649933855015,2
-1.6494029911628576,0.3949859762815955,0
-0.2456915487890753,5.68747157683383,4
0.44884118799564177,-0.9706225748711585,1
0.1091760920007132,-0.7683300552974982,1
12.098417475290912,-0.15691241039217782,3
-1.5974597366449317,0.19736804166288927,0
0.349445787597748,-0.7381020528742135,1
-1.2049177689012331,0.3083587187331036,0
-1.6935676004686542,-0.8977031008617186,0
0.5174093354946101,-1.5779751689382924,1
1.790731814192648,-0.029517979464821233,2
-1.866673390566907,0.3518200633642003,0
-0.3631180398480631,-1.5815299542023555,1
-0.6286599827645574,1.6553898273866126,0
-0.7535055476139029,2.9922464171705054,4
-1.7363710469544749,-0.1431047067659431,0
-1.0547499542476062,4.862179071656484,4
0.6892698992355595,-0.23356877767542597,1
-1.1600643095346648,-0.6139953943356373,0
-0.6023310775672241,0.9354013687442553,0
0.38954822285004476,-1.1722172628427128,1
-2.075586338784623,1.7703490409276845,0
0.17267838736027516,-1.077550362476488,1
-0.7974236063969891,-0.2630326905752216,0
-0.6580256449873929,-0.32601226547133183,0
1.6035278529049986,-0.9783544352324484,1
-0.6404505309709898,-0.32806340023418895,0
-0.8371265093153385,2.210117195550106,4
9.589149298590026,1.0479206677691737,3
2.373088473914324,0.5525992432614597,2
-0.09239240889041922,-0.18543038948219723,1
1.9090848493856987,0.10735394482417342,2
-1.5138708019982072,1.3343778971114137,0
-0.04628863605910919,7.287341798470535,4
-0.43107948973005095,-1.124221156678477,1
0.6040090586875788,-0.950251004578528,1
1.779701961274776,-0.5625223930434172,1
6.752610847132691,-1.20669114716402,2
7.772956747954296,0.002707749458179494,2
-1.4322280798943867,-0.6147095478093791,0
-1.291515658250207,-0.469613116022439,0
0.47932604710146665,0.6639677063538078,1
1.7424725291249616,-0.8618400882135704,1
0.027278159942821477,-0.9188235638996318,1
0.7758518510867992,-1.383096444535332,1
0.3075238976167587,-0.48690061741324425,1
1.2533073645948436,-0.9315035232048051,1
-0.33485558758045714,4.80389616236335,4
-1.9082161288289496,0.42746275087020214,0
-1.3824434181308498,0.7350901605466255,0
0.29138294876007914,-0.8258879869621668,1
-1.0265658414633152,2.382340793135938,4
-1.9044149365078444,1.8674005032837917,0
2.972900339377665,0.5853205799847582,2
-1.051205713391307,-0.9380389056172536,0
0.1921738482350277,-1.5037029339737615,1
-1.7607657670485222,1.3964034158085283,0
-1.2846462317888372,1.8996719855357618,0
-1.0355745892901096,2.035217627741242,4
6.225258000616803,1.9156990344820137,2
1.8235831147589816,-1.6371034504798583,1
-1.2245543478604248,2.765628168324008,4
-1.8032539366715117,-0.28178304336629606,0
-1.1745797535432103,1.7675966371307705,0
8.056141351970151,1.648509374049943,3
-0.9765827766038977,-2.084918964791109,1
-0.28238437645296516,0.21861508793167836,0
5.060510119895736,-0.17798398880011376,2
2.7520464767113273,0.5445518919252871,2
-2.0752977539484454,0.050307588763333286,0
-0.9077108074220722,-0.726105581957365,0
-0.933555103232722,1.561809027455915,0
2.550801248709678,-1.0673407888837363,2
-2.049495848098916,-0.9866540368875188,0
-1.6230700535729539,0.4534335930563465,0
-1.874814455692316,2.6638864740119117,4
-1.216996432810083,0.04582587779058445,0
-1.149730423089814,-0.6130375519243211,0
-0.7464755624633121,2.888705147743143,4
-1.2839978221068107,-0.622106974143627,0
5.156954624993136,-2.0888239437400578,2
1.730557879496667,-0.5903600541153933,1
0.9315626467220808,-1.1976433809587164,1
-1.7983322758300557,4.973986602622339,4
3.503969698124576,-1.2771642482243957,2
-0.6108560364602881,1.0380372685270907,0
-1.905622140536881,-1.3959656327093526,0
3.6084069223608752,0.7044398864059425,2
-1.5086829372398323,2.167904386566085,4
0.39515810627065123,-2.1283124369890696,1
5.221030174114201,0.7670120056211258,2
-1.0856700766753051,-0.2983630471043731,0
1.6054253481734841,2.788330824857448,4
0.9531163478941456,3.768615040408697,4
1.6041443187492697,-0.4673379644176669,1
2.9246783411873003,-0.876159922759499,2
-1.5957124130738327,0.9962565868139759,0
1.722437123514755,-1.1675473390890359,1
-1.3972502836396297,-0.8144983998066643,0
0.8668174768440706,2.0026214116320924,4
-0.3986958964510259,1.232252693392896,0
5.4541323174526815,1.3883115895414266,2
-1.6886054367458532,1.3172654547554317,0
-0.037710970902275286,2.201848826633224,4
-2.0043500183848635,-0.4618575939151853,0
3.8916969038344633,4.9868377988464845,4
-0.017452661069237492,-1.5663793862672404,1
2.784497180162274,-1.5067236675634297,2
4.279035696296646,1.2883212418487198,2
-1.5239056119377983,0.4700331704262545,0
-2.5580120408183915,0.3188945348959671,0
-1.6595147189517905,-0.6491902243480749,0
-0.8601556303546594,-1.7260039361995063,1
-1.50209356613157,0.6699981519634153,0
0.4369630976979759,7.180576279137788,4
0.2138398770478202,-0.9836430624490069,1
-0.19014636656396997,-0.524282690075873,1
-1.5164058812166477,-0.6783409851629426,0
-1.712770986437054,0.6359371214346295,0
-1.3136200097070252,1.8172054761053413,0
2.3214130198795915,-0.9067210172500676,2
-2.0400807957421403,1.6857927053779533,0
3.247811071183972,-1.9207932429160401,2
1.14612536634803,-1.79700213854463,1
-1.8298313978776575,0.6910688929461771,0
1.2881573746701611,-1.2035982030403791,1
-0.9655998360087532,-0.24220120882104526,0
0.08704244076755453,0.9818708588309711,0
3.349613013546405,-1.1901040817202193,2
1.7774391015804583,-1.506721073242749,1
-1.9790271366854668,0.023816344944270134,0
-1.5898097930751942,0.29516604556175435,0
-1.9483539161140562,1.5685935374513778,0
-1.4648755733092687,2.3067870358418174,4
-1.762273830098188,0.16764564584158737,0
0.041769567482946364,-1.1551618974168063,1
-1.6374673037645309,0.5674137786198745,0
1.3241685556530614,-1.051133561727285,1
2.734302518403805,-1.5720522714965512,2
-0.1587980830196845,-1.6362156944167856,1
-0.9731269743518689,-0.7249046725140432,0
0.10139714402143518,-0.9984327872449701,1
5.208215171629974,-1.5770664015644793,2
-1.1729736056286788,0.26727793632012975,0
-1.2369371141094156,4.221256917380241,4
3.630483549440725,-1.6208669596306604,2
-1.598052469058168,-0.7678564179992465,0
-0.15025696444527206,-1.7987026371868209,1
-1.145263024877504,-1.0118555783126046,0
2.2176439069409692,-1.9899556064162915,1
-0.7818445732289522,-0.4393147543929528,0
1.8975195033660228,-0.7150420333733244,2
-1.6009763956620406,0.16426263026527313,0
2.3806784312141205,-0.2143276419397774,2
0.5988351186902638,-0.5714404989971675,1
-1.545364100225218,-0.9336338766420734,0
4.101874809147564,1.2702648965664611,2
-0.3720194343118003,-1.353018195898715,1
-0.21710902711175017,0.2617697026157505,0
2.226167854156322,-0.5688669621547254,2
-0.047246801133727596,-0.5500127216856613,1
-1.6307586917367083,1.335668720299937,0
-1.494219689865423,0.2574507500819241,0
0.9911852383467696,-0.6812204077178183,1
-0.8666416475864637,-1.680341521992775,1
2.4401675203116153,1.7028533263850865,2
0.8934577964002629,0.2524317081361165,1
1.539454068497402,-1.0133972619671126,1
-1.4953344921705145,0.7034976596758566,0
-1.6764682988638253,0.9127840880823859,0
2.5311155122887246,-1.0494141958243137,2
1.6575684530683272,-1.30867746070192,1
3.253583323941527,25.370343636034285,4
-1.4694588258764136,-1.1639580097431348,0
0.6174847459518054,-0.9644953474318696,1
2.1816528413027756,-1.289413511043009,2
-1.4367742773694985,0.5909757426489449,0
4.118891303652553,-0.8792571627069969,2
1.5801642809325547,-0.7380816008442752,1
-2.007765356407936,1.4022834591667037,0
-1.5243012944824887,0.5786417401619668,0
0.12289951352246449,-1.8113228902356266,1
-0.4868935456479031,-0.36580673938839625,0
-1.1278756464115456,-0.4557938924816935,0
-1.9762272902158637,2.869142572953911,4
1.3015161879657149,-0.830780214050214,1
-1.8260098804298295,-0.34242751077079986,0
-2.418231697144903,2.574325211450176,4
0.8105480531884329,-1.000177437849405,1
-0.037461093300860455,-1.5758884402620952,1
3.700657577936803,-1.8109039563883635,2
-0.439227284372342,-2.1606840269885685,1
-0.6699908531284899,1.3335668174958863,0
-1.7854622427866924,0.5069421059980925,0
-1.5127214239830034,1.5747553888317647,0
1.4947693104642752,0.06391035557538548,1
1.2046352890051404,-0.5489326093014714,1
-1.6048151233218362,0.14491829662626907,0
1.446344464154568,-0.36295027334785435,1
-1.4366823146817613,-0.91834156855202,0
0.1535056947197655,-0.9977716053959136,1
2.8176049159944094,-1.2749845406613,2
-1.257101291237268,1.8885579996626187,0
-1.6681843616962455,1.5796657106901746,0
-2.114448891587913,1.282124135613896,0
-1.6192055845075088,0.14053414682351428,0
-1.567718473086224,1.0018622222079832,0
-1.1451799230690203,0.8078871666423836,0
-0.6534928029764536,-1.0510205922021434,1
-1.06255360436571,4.059733330759367,4
0.7272419852598109,-1.0724024738690718,1
-1.224916395057421,2.080973328552522,4
-1.2957211907759245,-1.686782259403917,1
-1.7753147977495582,2.266923282380595,4
-0.7855525962009314,-1.1060969784689203,1
-1.3520512690984468,0.5574908970650019,0
2.030643337821081,-0.22991646298873178,2
4.440135251764801,0.7115289425107651,2
4.32479744843087,-0.3553783997678043,2
0.21927684998216304,3.9937868241826564,4
-0.36796013605280925,-1.5080660974510884,1
2.5336798343023683,0.23753700008285616,2
0.498944108458019,-2.189564228311158,1
-0.9131625272061634,4.440659528460976,4
-1.8381965664207727,0.02674978639189728,0
2.3239724151593837,2.7944692242505265,4
-1.0042604516519742,-0.04933329335575767,0
0.813672114171379,0.023333504622922583,1
-1.3727668008463156,3.272810010034735,4
0.5532738074659431,-1.2558421694793127,1
3.1163527642129507,-0.9985482937901476,2
2.7477691212321056,-0.8632639999133725,2
-0.8299181241158023,-0.4172098225441904,0
2.9081188259922,-0.7922784463409397,2
-1.1770063599076646,-0.8916001307993375,0
0.4872627631543413,-1.550976089411198,1
-1.9237549325925478,-1.068682090431888,0
-1.7488393326429137,-0.14215118692715947,0
3.027005644504306,-1.5243754278951076,2
0.20743042489798816,1.0003472729887917,0
-1.8517889064136381,0.04668337121178873,0
-1.400128637986244,-0.8583636935394401,0
-1.941154566639219,-0.6068119166713091,0
1.520890171313036,-1.4837179112180756,1
-0.7586509192315583,-1.028619243678735,1
2.010493836832826,1.523991610745387,2
-0.4812410147506968,-1.5835780794463359,1
-1.731069891154574,-0.12599185381922573,0
1.1069082096496388,1.4540011922197351,4
1.0134694692577313,-1.0344590973039822,1
-2.0619647216599044,-0.34694830627967027,0
0.7139103456825736,-0.8603031945725533,1
0.5791578497280474,-0.2471655997718093,1
-0.45073426950364076,10.8151261145936,4
1.9881602476373892,-1.4851073612972014,1
-0.5192703954682513,0.4789230950354456,0
-1.6005575205875187,-0.9187093894210887,0
1.0290046307663308,-0.41077779179653856,1
1.6406030362263573,-1.9405560216401627,1
-1.6284187339051917,1.3111143532050542,0
-1.207428265399921,-0.31935847479990426,0
-1.880740437422479,1.4689888338083,0
0.22026299900946641,3.0884957767265298,4
0.6017440512630329,-0.6507053018686851,1
3.9134026636164174,-1.0899457413180125,2
-0.1693547460828489,-0.4284123795185525,1
0.6161858272882913,-1.3015499222477724,1
-0.5204930148378033,0.9797355585153291,0
0.7452449606419032,-0.9215431026029899,1
0.3477910878677216,-0.7185662484724165,1
2.564966483058943,0.08133480304042975,2
-0.2641544323236859,3.82009660105404,4
5.202479111789021,-0.9810726456426495,2
-1.2999109717741484,-0.5907419902137026,0
10.383390868539129,-0.493628173422755,3
-0.20552325173557082,-1.212484116934997,1
-0.40288109552009765,2.799766238047528,4
-1.6642588080501513,-0.44161455154443613,0
6.334923470644943,-1.1908794919086263,2
-1.0854157066674521,1.3258639346904486,0
1.041705822059454,7.304122263169311,4
-1.189811632937909,-0.5739846656986047,0
-1.3210886145265621,-0.2968616055632688,0
-0.7568277708016526,-1.3986895438050906,1
-0.6964643600666007,2.100620973323221,4
1.4568307216244203,-1.1642525129281822,1
-1.8001976752557243,-0.27927003178445237,0
-0.198654164124996,-1.3791766180430012,1
-0.9079095092337216,-1.0899625896462772,1
5.22893884122868,6.9404954916630395,4
0.6496741521099251,0.029095144099738072,1
-0.726078954985539,1.6908834844826148,0
0.5525206406326891,-1.283645493616269,1
-0.164041976387524,-0.7000958885473918,1
-1.442934855745619,-0.2764650996758343,0
-0.8529290263741286,-0.7409054381695535,0
-1.2273744137843068,-0.48449718377875056,0
-0.6599561809341667,-0.2300580476308122,0
0.11966715281486635,-0.941644903610632,1
1.995704674266361,-1.287526909238229,1
1.2188795708273419,-1.1797277397781007,1
2.0467826553128585,4.364708149554462,4
-1.678929364197888,-1.1503540266406358,0
0.07118253309181019,-1.0722735487639434,1
2.19332356606468,-1.3006290716789264,2
-1.83784771227408,-0.019045574992509706,0
0.9031492164387799,-1.2142977292916715,1
-1.2011382708292613,-0.7425745091495715,0
-1.6992882419283468,-0.7007278904010397,0
4.25064132452588,2.03587603760001,2
-1.8391939614559047,-1.0728166939071762,0
0.07882784797655407,1.8028005668431566,4
-2.040504938084431,-0.22041015398669625,0
-1.8455825185079413,0.4892946453340593,0
1.7487260587927873,-1.1733042243686063,1
-1.5080321354014592,2.066432310309283,4
0.14340859067602701,-1.5077990929356186,1
-2.036323215369314,-0.2200483318756615,0
-1.6346742950138082,0.9399059309687039,0
-1.28543711421088,2.8475274885043813,4
-1.975079283133971,-1.0734611802834342,0
-0.3609025961857325,-2.1626910023129,1
2.489908428340297,0.13535705625720076,2
2.252824806027984,-0.28166982588126077,2
7.503539578558463,-0.21012793690932852,2
0.5047550827093582,0.6176511715014652,1
-1.6701177306544686,0.3339097770882416,0
1.4003447145187216,-1.3021938996757811,1
-1.1227256994942358,-0.2536352180789361,0
-0.22010236044749737,-0.6299206507945279,1
0.9078342270788081,-2.1451168224248836,1
0.08547217029338795,-0.3526457406196701,1
-1.8685693365141076,-0.4224484037534632,0
-1.9203000295414017,0.13730441510201066,0
-1.1385132532597364,-1.4914218942476865,1
-1.1254003954797502,0.9761953331835967,0
-1.4421123506288767,-0.8673973028936901,0
-1.1717753784460023,2.213121978966652,4
1.0324934116584454,-1.971622653808863,1
-0.6489917412100144,-0.5418423737698227,0
1.3717514701210831,-1.4749140047301714,1
-1.4425246930819733,-0.6289046293419218,0
-0.371147316285898,3.4701903537983503,4
0.06815855973757626,0.06653793004613766,1
2.188849536537135,-0.9727889246623144,2
2.7134288277207803,-0.3886662229023462,2
-0.831558900601841,-1.6114971194738548,1
2.721860607188144,-1.1972780813481358,2
-1.4042687340287916,0.6032649929932454,0
2.212981435484652,-1.2284684206043117,2
2.2165620500064223,4.913315665050648,4
-0.10975947327200739,1.0233064276147121,0
3.7423595702864576,1.1300238685936341,2
-0.4082925449943734,5.3583844210398786,4
0.23730778017616097,-0.07443093789883458,1
-0.001991648815868649,4.435296150589511,4
-1.2839705225214495,3.7363329826863763,4
-2.07562331427428,2.873606098449808,4
4.77160644781753,-0.07738233846874011,2
0.15713505741864597,-1.634027498456724,1
0.6334486405103271,-1.4025188595694391,1
-1.3261680460925653,2.2468103271803366,4
0.19156893618513673,3.668798751081247,4
-0.30298532959551017,-0.9051170514184046,1
0.3784173962643983,0.1650711857819829,1
-1.0831872743136841,1.2505000746021933,0
-1.7640855605796877,-0.18526192954710544,0
0.5646563935363387,0.07844348156465217,1
1.9367261076877678,-1.1867938818279937,1
-1.009607208174108,-0.6225113529111095,0
1.0759856703899342,-1.8681471307822288,1
-1.2771426604827243,1.0877843786780763,0
2.4549327068859204,-1.284161008830762,2
2.7005675404318445,-0.09369906288114606,2
2.2409307334926827,4.38547402561212,4
3.240575349121532,-1.728402518275173,2
8.52656021793754,-0.7800587421243745,3
0.07236661921965357,0.16088561203175486,1
-1.4230688494910972,0.3499160335999439,0
-0.2235368033112941,2.315741213215494,4
-0.5632897878204043,-1.246547109413206,1
1.0344858436565225,-1.4352881566509135,1
0.8510627715725595,-0.01677348337209636,1
-1.5205456040156506,-0.004478224293374037,0
-0.9161103813740887,-0.7025648975282416,0
0.574567902945391,-2.249610124633759,1
5.637134815159339,1.158521187446081,2
0.4960038381535745,0.9289983246539911,0
-1.7786420213693832,0.20050115890549133,0
0.469214723891549,-1.0915314334027344,1
-2.187464588296739,0.16930036463932746,0
-1.3491780833996907,0.3993070091919699,0
1.2944230400095107,-1.5137278080630392,1
-0.25947698036340494,-2.1151231431982676,1
0.14619127552926667,-1.2471211866441745,1
2.3022172248491612,0.6866216100188698,2
0.5051291887715021,1.465089821941368,0
2.837648024655439,-1.3822268483549907,2
-1.5833059585968068,3.664133694401116,4
-0.9901902084838217,-0.6240907838467776,0
-0.021688907099734984,7.51683507260459,4
0.3816604834105514,-0.6993014989980372,1
-1.2097543378103202,5.383215621375202,4
-1.5737318220125405,-0.8098398163397162,0
4.245736594869664,1.2478688777056002,2
1.0202520072725232,1.5694772332810927,4
-1.6892207064617382,0.7575221018872115,0
-1.151573169612951,0.6191818923116482,0
2.655802535611173,-1.1852785768452998,2
-1.7674950467974333,0.010540532121200489,0
-1.8342996659070845,2.7742863980243,4
4.438590031948962,-1.0605291154585126,2
-1.1645045621728893,1.393803412639614,0
6.810434138609462,0.010607190894013647,2
0.5059514771557977,0.1632178528489838,1
-0.8368842308240372,-1.1613278445183557,1
1.7028634404762322,4.647803731892784,4
0.6563170630142577,-0.35481137472062135,1
0.9034344288300182,-1.897689396008573,1
4.480628587099893,-1.2670550924030093,2
-1.4771042763265012,-0.6883575188454657,0
0.2012714057597059,3.5400202514998362,4
-0.25801936486695914,-1.958674246883964,1
-0.2666492661338172,-0.906643457412891,1
1.7924114831352358,-1.398325636841033,1
-2.0681450128228693,-0.08973350266003464,0
-1.2801353511758469,1.198532134055241,0
-1.799920518227646,-1.0260224351434666,0
1.2193942895483405,-1.6528008001664585,1
3.5017732055011805,1.828212070884903,2
0.2575144003775867,-1.8763409984346677,1
0.7302199503273525,-1.2028912364074604,1
-0.37099851550150165,-1.0145045897242921,1
1.646639166349912,-0.7945257778010575,1
2.185997916626931,-1.5971455683231848,2
1.0119879974833133,5.191819020429008,4
-0.9645016406738436,2.1151493889270574,4
-1.6575990613744156,0.4457842739467976,0
-0.29527596079122764,0.553391236727424,0
-1.4134076330296907,0.8637362383297684,0
-0.4971190208836048,1.6419111986103487,0
-1.5200551893786394,-0.86715292271213,0
-1.3133686315573954,0.1165275401921022,0
-1.611815066160964,-0.3835619529573301,0
3.9293340066765032,-1.4391938183374637,2
-0.41630751168099395,3.828002375925817,4
0.6578990887345676,0.14220603994771397,1
0.5202188628556689,-1.3445351104108703,1
-0.49834053379655274,-1.9834261520017644,1
0.8703627410884274,-1.2832793085440997,1
-0.6732413374355317,2.8467481151984035,4
-0.15688624751655145,-2.6799534435515944,1
-1.0098965577918333,2.4330315118271857,4
2.1131285346249418,-2.04183561442174,1
2.0717851391021735,5.386587855020904,4
0.4742687035629949,1.8628935223010687,4
2.989685883547393,-1.9966866918034958,2
2.470145859681615,-1.6833747448680576,2
0.6818261489802349,-0.7487583832977383,1
1.6297251097339105,4.541172323730126,4
-1.1661555011935019,0.5223873476194242,0
-1.0728931559641322,7.337460146839077,4
-1.4338279378254917,0.8316162027239228,0
-1.6315926717504499,0.8049882351067552,0
-1.927234930539595,0.009408599982438544,0
-0.4275657657068483,-1.8694330197471694,1
2.4182263133158908,-0.32413357528065156,2
0.5583037397719562,11.520554852234548,4
-1.7383799094642551,-0.5980347081907926,0
-1.0496615799722087,-0.9599317753303189,0
2.6574132612071026,-0.5966331085029691,2
-1.663113523131234,-1.5360502842841812,0
0.20396411198579928,-0.46703656736795873,1
-0.1680535081519813,-0.1125840303671705,1
-0.7332736896864535,0.26883899465495936,0
-2.2272100301846245,0.3560011000813709,0
0.08045701856224152,3.9030037460201616,4
2.032854298142681,-1.902654053938213,1
-1.2647302840709318,1.923161384344531,0
-0.978545740802877,-0.055225023472199396,0
1.1010156909622086,2.1112902997668868,4
4.048555166363914,-0.6841076113450764,2
1.3184325783902437,1.7222728797412352,4
0.26810490083849026,1.5595001769569994,4
1.7879736445695866,-1.3374745537714527,1
-0.06462636533862923,0.14902370376546914,0
3.6570946427878646,3.168243342165041,2
-0.13227872664747709,1.2033276592084075,0
0.12441911771352565,3.7726640366304873,4
0.8037685193000783,-1.2488387994247812,1
2.7931518511756677,0.23357432962322497,2
0.16630084380121157,-0.9771628044911722,1
-0.48141917929785455,-2.300704734029345,1
1.5434994779684155,-0.4413287761297954,1
-0.8585662352443902,-0.5589494343399964,0
-0.2524449885932755,-0.0886208817766822,0
-0.38820932570065986,-0.030477515825219903,0
1.3973019388066361,-1.541130210839137,1
1.60236095623752,2.150757240262394,4
-1.1399969913119155,-0.23774183936458468,0
-1.5007196280440012,3.7171925357656774,4
-1.3435383139445871,2.4671060151115722,4
-1.3926173688780321,1.6516681599216156,0
-0.8416710975430097,5.9061292487627375,4
-0.49170286015936243,-0.4999060897913137,0
0.6106594163520248,-1.0642881708046683,1
-1.4988155508447967,-0.9787378137309769,0
-1.5066538790056445,0.9654761790742361,0
-0.32979385682826085,2.0259927430462095,4
-2.2024129796384178,-0.38547053125308967,0
-0.20252426792499617,-0.5662673540741355,1
3.535128855309689,-0.8556198861190433,2
3.765064557229666,1.1911883942933408,2
3.0439021732108817,-0.3824826116945873,2
0.13640383041844595,-2.1622164535178996,1
0.7185186495624319,1.092150150085447,1
2.902827507302201,-1.959223257833873,2
-1.837069429386509,-0.35685717339408646,0
-2.342667992512036,0.43229288155877893,0
4.6642331310337894,-0.21603531366129117,2
-1.850771007643624,0.03390136751830453,0
0.6887617912609839,-2.0114285308543325,1
-0.1986274874829886,-2.1806614357497107,1
-1.4188170902865314,-0.9829545877088448,0
-0.9380063649215945,0.3579054563506748,0
-0.8061600891075799,0.3057717671152028,0
-1.6872398488601255,1.357989291956171,0
-1.4791205524255355,0.3542567557252062,0
7.073879497238477,1.3691730272438825,2
1.09691273439433,4.386165618183431,4
-1.9332853392043798,-0.10115339334425426,0
0.7736247264338059,-1.180302612486465,1
-1.4207111179835583,1.911638168019716,0
-0.6572394966070884,-0.9186238242940494,1
-0.4837255762871554,-1.7723935414719454,1
2.88808792607651,0.3926358103386625,2
7.796627893865285,-0.6836782397417586,2
0.3438380450342409,-1.249163253816228,1
-0.37225957713306845,-0.7114212854865801,1
-1.1627208727642675,0.542031722824804,0
2.7628695840118223,-1.338809483838254,2
1.3327735589693859,-1.0212337875230117,1
-0.4172460563888465,3.174618085139774,4
0.5215323111272234,-1.951976526297021,1
-2.131273682952038,4.150915384151044,4
-1.627685169444385,0.27203692992170736,0
-1.369140219284678,0.19528482463035432,0
1.9483453385978775,-1.8284389438808977,1
-0.9588950207750185,-1.877810382789757,1
-0.11262558094359953,-1.7658317900067118,1
0.5092158290329127,0.5345936390270912,1
-1.7462925685445598,-0.005636191388935388,0
1.355070142425989,-1.3883147311211912,1
-1.688808646909319,0.7093844052122941,0
-1.8028375526061,-0.10519514640613753,0
-1.7019493446738425,0.2888181332532082,0
-0.7139797906596659,-0.7735386146703414,0
0.28688417138608485,-0.9405947278781327,1
0.6096779974160973,-1.5070567274142013,1
-1.3244457198718553,2.115581556810268,4
-1.806586576296835,0.7848469451278206,0
-0.5693581533107872,2.246602165604815,4
0.5268563376289143,-1.7203658950683611,1
4.625031444736782,-0.0009571532356314449,2
2.074279116885183,-0.9928021498825974,2
-1.6488163986377107,0.15763747056184407,0
0.2455658400909669,-1.3846667682997666,1
-1.5508215942414274,1.523767586600854,0
-1.4992242116667462,4.4714076123565665,4
-1.5767421934112502,1.137626839751467,0
-2.5613224625241426,-0.8560808747018683,0
1.0324828539867046,-1.620246977334044,1
-1.0128433804305847,-0.5779711268278238,0
3.284197744264463,-1.030797882602151,2
1.4043896224033063,3.6209799442583814,4
-1.8045630379636721,0.09901847492773612,0
-1.8713176145899175,-0.07834515250460099,0
-1.741316643136063,-0.14010785164970171,0
-1.9186920548277926,0.19281767255023483,0
-0.5831866140434385,-0.44461070082310616,0
2.3649908468880807,-0.7206352611879716,2
1.1845910771061385,-0.24566991768802884,1
-1.2599086607009415,-1.3255394336789807,0
-1.3558338273547084,0.8118399200992018,0
0.28152065054325415,4.1342432302243415,4
-1.9517995302106343,0.7589579203677509,0
2.3221604078108027,-0.25409652599459737,2
1.9537540167725849,2.161243890241595,2
-1.83859903949139,-0.37248789814292044,0
-0.22992555947699467,3.2548271780367806,4
-1.2177254753980034,-0.9744913430615261,0
0.7220939659521596,1.5496224013304367,4
-1.0100217728960525,2.6958128175295113,4
-0.22924702785075518,-1.5257439058313467,1
-0.3704706858196402,1.6573397760784718,0
1.8100800136915438,-1.8233792204109103,1
0.24032714113123602,-0.7061790684265953,1
-0.7590094039855035,-1.150039505882581,1
-1.9655346448206608,1.0490780765019836,0
2.114255952429773,-1.9779315038456107,1
-1.196775506642999,0.03936572851101165,0
-0.41137578915087486,-2.03999468376092,1
-0.597214418991169,-0.5994302696906325,0
0.30255031937923776,-0.7776001071509494,1
2.3118381188262465,0.2790855595081179,2
-0.4198387727557166,-0.42577440041919,1
2.4585042409957576,7.038742094724858,4
1.06914862002236,1.5210603223226586,4
-1.5435364318069706,0.4072913894641842,0
-1.0963434766082805,2.1218663787286305,4
-1.6467497353050737,-0.4571418221997312,0
-1.6788234792620207,2.991213077919058,4
-0.03873406500650604,1.7363351491226342,4
1.5598189042938022,-1.0857696224271673,1
0.19447618802927558,-1.7780321548130882,1
-1.3114519990636293,0.23296129688500813,0
-1.9404485217177674,-0.08346655462422327,0
-0.5785864891736715,-1.3804376734831565,1
-1.1213771932864016,1.2662487774374607,0
-1.1828359287947634,2.7782605310230633,4
-1.6072788651140186,1.5931288695236043,0
-1.0695869545765329,6.133960954072823,4
0.23011958786425515,-1.4070535568899756,1
-1.2376873435865303,-0.5375955932150311,0
-0.8507072601725449,-0.41592369516032845,0
-0.25438233775689145,3.035790586661274,4
2.0062165824525198,1.7842153996242156,2
-0.6952229883770683,0.9782406657577251,0
-0.7185007488116095,0.8613190791652804,0
0.25516249717644235,-1.4926469145653547,1
-0.5730577870432106,-1.0007328160698872,1
-0.20452676124506597,-1.475220447630532,1
-2.084668234450976,1.2335818121997975,0
0.8491780294771711,-1.7788064992527108,1
-2.152314016439284,-1.2031884506766668,0
0.7635951863758503,-2.316316085872972,1
-0.31643115944833455,-0.8379480750900818,1
0.5576013389675318,-1.6416503124276334,1
-2.1566137332793827,1.6302256166180253,0
-1.7645140935419374,-0.03398853094820017,0
1.7737249146388638,-2.1846634564511005,1
-2.245337973971094,-0.3094465752130177,0
2.7853576612484803,-0.884392502756277,2
-0.7430208661887037,-1.7729025631539945,1
-0.737047311179433,3.616279892116104,4
1.1629718946809289,2.8663845795119545,4
-1.191531606932117,2.602873125951632,4
-1.3128771437998974,-0.7316495019926698,0
3.635846322812803,-1.0441226315933048,2
0.3831456239311676,0.33066875961483055,1
-1.8413070943890124,-0.04004351496158847,0
-1.0863492234072742,-0.5456492119263754,0
-0.5511337891989418,1.6498801481386647,0
1.221451779213028,-0.7909788509315082,1
1.640579332378168,-0.7136316297906025,1
-0.7399868995261478,2.5325084286354866,4
0.34031342687015637,4.566562976606247,4
-1.5851487724656665,-0.5823193584801057,0
0.5143154844787253,4.963029098841385,4
0.6267778226129891,-0.5186570105360524,1
0.2605026394113897,-1.3049987985103235,1
-1.5382699834210247,0.19072009872156945,0
0.6766604968668137,1.3639515009231664,0
-1.399185948256681,0.624545332237618,0
-1.8012614339830655,0.117638449430876,0
-1.13937475971428,0.7409106295102598,0
-0.36870831281712,-1.9258299006284285,1
-0.32963820160192464,-0.8286371894781351,1
0.173230474918186,-1.727994646928724,1
1.5411806450263588,-0.6089222346507142,1
-1.3989231748307427,5.885901441714531,4
-1.189510876909683,-0.6397371414318755,0
-0.9807024610907662,-1.018759562579043,0
-0.7407468613793023,3.769901408663232,4
-1.7734465130726087,0.14779664362385217,0
1.5269252522360561,-0.4146207646986642,1
-1.6150876235298688,-0.6757710578973696,0
3.25358135069002,-0.5514608851600596,2
0.1086666772294785,-1.6397011679473645,1
0.02663242212105859,-1.6865491732874682,1
-1.7835855474931988,1.0383831606225644,0
0.5183680211218409,-1.474797011937908,1
-0.30401299156937645,2.9136346855571325,4
0.0421150657394704,0.03154913813855839,1
3.607540706263087,0.2538240511250476,2
0.49052303718166845,1.5590500672248524,4
-1.071887761648764,2.038400189350258,4
-0.8702200139116926,0.35707626168853535,0
-0.4673959832988477,-0.8520641134260347,1
-1.5491681720219814,1.4770825141200894,0
-0.17896602723953317,3.8010865281401083,4
0.7105691412175706,0.9425099735265428,1
-0.12222324842020574,-1.8984771241982412,1
0.3667974852798331,2.047916931287704,4
-0.00979429469102401,4.577389029395802,4
-1.5351667892988126,3.170547838777259,4
-0.33567820906665496,-1.463910370145645,1
-1.0509449862453162,1.6368462573813374,0
0.19771303197517387,2.4863272682766575,4
0.02332392441252367,-0.9139175167471771,1
2.799551034344437,-1.224875437847175,2
3.000327629868058,-1.1836705038115192,2
-0.4608884257363535,-1.4173277422050705,1
-1.3622140710337554,2.82863583222398,4
-1.8450081908150797,0.4793086676355948,0
0.04616651050361983,1.0378801188503015,0
-0.6753326269836423,2.4705066536494513,4
-1.7804214182829545,-0.22870842059777094,0
-1.9284567611352001,1.206798043567161,0
2.7316541354939288,4.7654431619957505,4
2.077594325976675,1.3970398245272788,2
2.541519613822986,-0.5084150262073478,2
-1.6387777472088005,1.366823759246964,0
-0.775355427637422,0.16139720844876168,0
-0.15865511784592246,-0.9865075262713732,1
-0.19290621617404505,-1.2381547701724005,1
-1.19247584992814,-1.058638621967712,0
-1.0091500456234384,-1.4017938862337271,1
-1.2306749912217996,-0.23915426373219653,0
-1.5467653262984695,1.721478133299224,0
1.0907742462868726,-1.5995011152288061,1
-1.7060384066149017,1.0393159721788499,0
4.756511081297977,-0.8474652561818334,2
-1.629154012387752,0.7175616093101583,0
-1.2271407044880844,-1.4023160547151066,0
1.6692224749382751,-1.1163946299251963,1
-1.8710558660237238,0.4470308449136101,0
-0.8929340497715351,-0.8026379044079205,0
0.7557034974093726,0.46232455842501186,1
-1.2211167588130623,0.9392635960321595,0
2.430661523206653,-1.1064192694507586,2
0.8797863775978322,0.6003353068692415,1
-0.19230274986761883,-1.4837157241191368,1
-2.2356334527870363,-0.11254867365515749,0
1.610286632714157,-0.8483150242334655,1
-1.8007776872671335,0.8313085235253127,0
3.2229733332677255,-0.36876068050610866,2
0.7075145866398896,-0.451471007218576,1
-1.5167139200285018,-0.9657097927041614,0
-0.5106124675925856,4.091215386009739,4
-1.6640756342627667,1.4020775619894017,0
5.665819644296856,1.0881650845389765,2
0.5724808451885214,1.7303114850749672,4
-1.7558463025853077,1.3578088365098802,0
0.314175170842969,-2.2970454805032032,1
1.0783024870952997,-1.024993348822113,1
-1.1732734221040764,-0.7836868545582442,0
1.2068327161673569,-1.7548371270364709,1
-0.860971343095101,-2.0334297337877656,1
-1.6589241171333144,0.2252455330646903,0
2.6285739450469525,4.464471805945786,4
-1.660751350738105,0.23082271942917001,0
-1.554476240230119,-0.10002463123633225,0
0.06163739931338884,-0.32625202438334444,1
-1.2086815724629765,2.0337523869804564,4
-0.13611553503585386,4.612372113956007,4
1.3182801912503896,-0.9136337295707475,1
0.2862627552158914,-0.30483033924477654,1
2.7048316202627984,-0.15990681314988756,2
-0.9360332257938384,3.0392282068086525,4
-0.8901577738773984,-0.0020608965371179634,0
1.0588268503945035,-1.8722186636864873,1
-0.5581457574099511,-2.551872758500624,1
5.875128630236691,-0.879280226962235,2
0.8306697193080343,-0.8772341158260892,1
1.5040458270615282,-1.062812200267412,1
-1.726653639511524,0.857185711347087,0
-1.20801668578693,-0.8963071906831468,0
0.14806584840928347,2.4334551987041015,4
-0.5347334653145679,2.3160620909838423,4
3.4779239284235572,-0.9327871850889027,2
0.9471679839273148,-0.10102229196039507,1
3.5606383202294523,-0.18727267581363652,2
3.507735377715993,-0.27827805039764786,2
4.76700687055552,0.9702687345796158,2
-1.9520535856870618,1.328039678331578,0
0.729582762342012,2.0412687855778335,4
-0.8811329132973499,-1.7635252693516625,1
2.0802930242955453,-1.7765687193692756,1
-1.2333287706709757,0.9129138106045724,0
0.46365570682205975,-1.9180904279704578,1
0.2531729096619221,-1.5059582109027245,1
-1.716869622627899,-0.3252509717096399,0
-0.47896695185880145,-0.372121200821222,0
-1.703459509073696,0.7723030870641264,0
-0.8973352379835053,-1.2335343248150328,1
-1.0160352434826745,-0.6009130107495739,0
0.49135725267855124,1.646918085459128,4
-1.080000537105324,-0.7670012565305309,0
1.5023538035847703,-1.480067290359503,1
-0.18020882616226086,-0.6939215326659716,1
1.6993509033790972,1.0941923004145484,2
-1.7163630936265637,2.9113699745062336,4
-0.13117725816401044,5.542937047433568,4
1.150304942217376,-1.5587850499014921,1
0.3393718412629113,0.4799000923303513,1
3.3410635339893875,0.8114793522248243,2
1.763784855937896,-1.5042617545434327,1
-1.647848536615568,0.34840356594977523,0
1.1178652928671038,-1.136055939343984,1
-0.6885983621001567,-1.9344055110157388,1
0.2861459124649664,1.145005614467909,0
-1.8883908106050495,-1.1983031903326111,0
-1.6141562412634731,-1.0189351265622792,0
-0.3925925769812666,-0.2958944671578631,0
-1.443910135696506,3.4160381392834065,4
2.3722175184966217,-1.286163739326514,2
-1.7581702524364562,0.7539141730610459,0
-1.1187808053713029,-0.7821018857259412,0
2.0438730063472836,3.076895038025849,4
-2.3455965956317626,-0.863402428427069,0
-1.5341514211229874,0.6812004950211776,0
0.7951851677967087,-0.8165672448711989,1
1.5866603365197316,0.07048731628351133,1
2.028399136890193,-1.716322421806479,1
-1.906673795023417,-1.2354655098967127,0
4.59541337308458,-1.860918592831069,2
-0.831256423211289,-1.068560250942837,1
-0.40086783194903586,-0.8614002242691606,1
2.172234547829752,-0.6703027701643753,2
-0.9764943097078116,0.3531523800571061,0
-0.22306320530012475,0.045638640985350705,0
-0.22159266044715548,-1.4704448110052444,1
0.9336664520051727,0.7144688780904669,1
6.976501193082664,0.5885823386991546,2
-1.5936438557975512,-0.26382021033265585,0
0.22218757254823898,-0.7814041218806502,1
-0.963201083483602,-0.2100589637099677,0
0.09156423114732026,3.8234031837832885,4
3.285317845370385,-1.0081154658299654,2
-0.8661487628094425,-1.1274306414475235,1
-2.141100708730733,0.8764438932741869,0
-1.314480032982938,-0.757271078312239,0
-1.330789225937584,1.2234660559521207,0
-1.005525808484605,-1.9799120939348964,1
6.633163120958074,-1.1168978834857433,2
15.923599804703931,3.25577258357428,3
-1.5846102955635095,0.8703552736250915,0
-2.255774510792023,1.051730964770453,0
0.008714402575708477,0.13932862408461827,1
1.3441986837513076,-0.3769544969393672,1
-0.9872041328945236,1.9546276107818172,4
-2.031321705874286,1.4203557961389768,0
-1.7779614210468608,1.3668119032373252,0
-1.281441494221546,1.039930787989276,0
0.5717535282534465,0.3827034122808297,1
1.6709591491202334,-1.0800975629651917,1
5.628322184812501,1.0814836626396835,2
-1.1730142261543461,-0.5385353925881499,0
-1.6629490943159055,1.059201606050927,0
3.8594810216469124,-1.0643767757320715,2
-2.0542027525188558,0.5205819409039012,0
0.23391682862446708,3.5829076691599675,4
-1.1520787817933171,3.1071846662544544,4
-1.7673332082954585,-0.6621634847952806,0
-0.03551256813998036,-1.5884150850372227,1
2.477826299757671,-1.7511604720399385,2
-1.382792282721075,-0.37271879126744833,0
-1.8663291406658098,-0.2605801898174474,0
-1.9177371667022538,2.563751231471184,4
2.45798423213805,-1.978801572589442,2
0.22954911249548512,-2.0481450472206735,1
0.7462939489097944,-1.1270485986907388,1
-0.705497863209464,-1.6789816102179747,1
-1.6057957276766193,0.20085899537609567,0
0.9501976708337485,1.0160469388648483,1
0.4610877002523747,-1.8942026508307632,1
0.7822154085618641,-0.6122412687202574,1
-0.9395232909277929,-1.703417282622878,1
1.1707411805612085,-1.4072629504742928,1
-1.9363892380778174,0.8182707592106514,0
-0.28241500335868197,0.251673656019408,0
-0.439590500642312,1.4992386253877237,0
-0.7219092329666486,0.759476143301333,0
-1.8330889742740635,-0.3508170066062061,0
-1.1317350605985843,4.409943229270667,4
-0.3231217557582883,-1.1318829106269868,1
-0.8492615623330029,-0.6616270045276101,0
-1.4914319535770801,1.2085699718752017,0
-0.41573600766092544,-0.46359332280357674,1
-1.0890420024600687,2.7405522347900897,4
3.035657831101685,-1.6747510621871418,2
-1.8396488819190806,5.447784583031314,4
4.524641522370888,2.122633813470509,2
1.3552015473539594,-0.6870100753335544,1
0.011327815146614559,-0.542029952996823,1
0.7693634722454171,-1.0310998567025005,1
-1.618557659376343,-0.3276711253651505,0
0.4108461457339353,-0.7550688400372237,1
-0.3130374051226623,-0.6648956232597285,1
0.3161914933759006,-0.9833773735159639,1
1.1783162162409555,3.6528183027685306,4
-1.104234322238986,-0.9139024327140028,0
-1.4998888992026742,-0.7861439284766647,0
-0.43320481700198504,-0.49433301471474594,1
-1.5348914779737197,-0.9609224766553293,0
-1.69286620650669,-0.3448881321914269,0
-1.4857738462087515,0.6566678254612405,0
1.0139260251626347,-1.4072520038600083,1
-0.6972599642840567,2.379247465320638,4
-1.4589028479749122,2.4881151390419136,4
-0.5793170447426848,3.06310375139811,4
-2.2863200738529574,2.157080816105697,0
-1.3463692800003195,-0.06973514981074026,0
0.4314104758095781,-1.0866960287760055,1
0.550558551982099,-1.4261795336712346,1
-0.6252127634631448,-0.9997837822672917,1
-1.113459403396882,3.8062558345604303,4
-1.3228590435980951,-1.5423262781956386,0
-2.217894834294417,-0.09219088599016839,0
1.5929101411086328,1.644458791408994,2
-1.0391534923146437,1.8643035320027668,0
1.2791193324444825,-1.5980335422165806,1
0.7274862629210817,-1.2989483485237034,1
-0.41491258571041395,-1.740016599986155,1
-1.0267871815592176,-1.4205862474338562,1
2.4494858592045206,-1.342508998414625,2
2.1219283126488437,1.7426415318575181,2
1.0034950191907601,-1.1593248095609154,1
-0.11322584937444059,-2.083131863411264,1
0.070751742221843,-0.5253975060357077,1
-1.6444353072919808,-0.26513057842485066,0
-1.4510901975362942,-0.7309607273463367,0
-0.49895434539134564,-1.1596363951099802,1
-1.108475889826171,0.4207341939544001,0
-0.5040067047195,-0.8318656679843267,1
2.782170741278823,-0.1746873534831648,2
0.9456210743993898,-1.723597558062339,1
1.6769997030895927,3.0832163508389705,4
0.9626427038880602,-1.2237728633786222,1
0.942445198798725,-1.8266034986538278,1
2.1582247882940133,3.1594183288064586,4
-0.39593065752226464,-1.5803714108312155,1
-1.16738730071791,-0.6114991540465052,0
-1.0349974658001566,-0.8842437530971087,0
-1.4657822584642737,1.2252197826013635,0
-1.276178607454533,7.708903711799389,4
-2.0347064655085485,-1.2867745235385528,0
-1.5280306363964664,-1.042266192213353,0
-1.5805234808917734,1.469110288274853,0
1.6768202357235333,-0.43314041729863034,1
-1.9411926409996652,2.2509748747964413,4
-1.8111959575069687,-0.33185173905346455,0
0.7604027537704807,-1.5819396847858467,1
4.500275893466498,-0.5951591381522919,2
1.0501370754715007,-1.8215506378058242,1
-1.7881941750047918,-0.26890630970895224,0
0.5349921868222283,-1.0156849425880115,1
-1.6873921430069716,0.8218889501378456,0
-1.9362551287227185,1.3063176937405148,0
0.22545550015984975,5.396039670014903,4
-1.3228617202534108,0.783140889342915,0
-1.9107717636870611,-0.12941652616151555,0
-0.37860561272159915,-1.8017499967208765,1
-1.2372964903152832,2.5162240303348127,4
-1.826166724731,-0.3416071580632662,0
-1.7574776785363009,-0.18522098118276817,0
-0.8967253464190047,-1.3457403576104627,1
-1.2475928136492536,0.34237951237451036,0
-1.4573184148641691,0.10274395322861514,0
-1.4587213324584503,4.61226134149453,4
1.0339080016352586,-1.2321670471491104,1
-1.092585107098045,0.34261941961582437,0
-0.6981799348636055,-0.5005363417252989,0
2.0377435038314653,-1.0940249680440695,2
0.35523701058725543,0.540888965103974,1
-1.151157726761417,-0.2073617688988141,0
-1.8884993861214492,2.4146773275650673,4
-1.7358312054558054,-0.13689812629681192,0
-1.5068452192602617,0.8257313613043143,0
0.3642090867686771,0.6920027388352743,0
0.5920091697997752,-2.3500647144537976,1
0.8835722748025859,-2.0419332633614933,1
-1.4086963384790854,1.4243855770494818,0
2.2681293206924398,2.0920131713968555,2
-1.7703389568661911,3.0186751143272157,4
-2.0310070099390107,0.2387651441174444,0
-1.1417606996960457,4.7915614801481015,4
-0.25956531723105286,1.2267092516855782,0
-0.7518116376441711,3.6921280781559216,4
-0.3252146104211233,-1.1927431897674379,1
-1.7606920184955939,0.5969213824988956,0
-1.8545019152421343,-1.126937362331963,0
14.18071627535745,3.292562873333817,3
-0.18965677405022877,-0.4597594935598846,1
1.5224713064397204,-1.5654459040611333,1
-1.0583013205998604,2.442761962084464,4
-1.5992263811382452,-0.3230290822323066,0
0.8886405243620301,-0.7165396598963752,1
3.3055341592419856,1.7795128600531922,2
-0.34333522786703974,-0.8492662968765419,1
2.146889329105993,-2.0520039456738983,1
-0.4229620720024042,3.6617529621849023,4
-1.6789604778643332,0.6016204437182198,0
1.1199262583679706,-1.0806620033690921,1
0.2517192614308379,0.6878803774272653,0
-0.6874298471643566,0.7768073927806667,0
-1.3886274102851988,-0.6576696340854948,0
5.877630884722207,-1.2587084077745696,2
-0.43345977385366297,-0.8556200276077818,1
0.9545691271635649,-0.478780729425289,1
6.126576750505454,-1.3969694691390915,2
-1.8035061681381195,1.6735327870946255,0
-0.4557334984617084,-1.5626716838141004,1
-2.2605596501593337,0.7324216201008023,0
-1.4260542730701753,1.148494856010518,0
1.3300244337752694,-1.7270995568621725,1
-1.6019932705202535,0.053725495694120884,0
-1.210655302165124,3.02146691960413,4
-0.26703994189645397,-0.9190203946832809,1
1.212650714748073,-1.3207693886074177,1
0.6183544357531697,-1.1263242525597337,1
-1.5994008362580185,-1.096439106889239,0
1.2621120460377826,0.1683863295033873,1
-1.0041622769951053,1.490478423776857,0
-0.5212602964049843,1.0228899036955255,0
-0.6218459710003583,-0.04740664455316456,0
0.05241748757078917,-1.775049791730642,1
-0.23594025000729352,0.1226764219092387,0
1.8742152100513287,-0.6654950405845956,2
2.2425869772396037,-1.1775081790736253,2
0.889524103789854,0.6902366231280616,1
-0.9050153518708381,-0.3968792908467995,0
3.733269798884614,-1.4240156188972912,2
0.6262059819873528,-0.6925454055610984,1
-1.847054014171934,-0.02002742404819972,0
2.499300551955548,-1.3967137732050898,2
-0.20229724303522792,1.509192091567051,0
0.36796967097380273,-1.469955571466462,1
-0.019795410798992913,-1.2595090650917615,1
-0.0949207494558841,-0.7772177907584281,1
0.1599309061853999,-1.0429882071160779,1
0.9971496815324102,-0.766507144709172,1
2.3877437592258324,-0.6717532808628934,2
-0.9532363658991836,-1.4240975492970402,1
2.136863943663487,-0.30669912573283936,2
1.384717201513863,-0.43726390848285807,1
0.651991899840265,4.268564431375408,4
0.32416068027345474,-2.0096626700570206,1
0.8070503435442961,0.052076544337285674,1
-1.5045556577345962,2.373917360740397,4
0.09942805415705941,-1.8961330340130629,1
-1.546196553499951,-1.4258125973017686,0
3.27525409872504,-0.8655626335203022,2
-1.1679115593307994,-0.2306903138629053,0
0.964064196050794,4.060352645305451,4
-1.889435846260496,0.8161033138880321,0
-2.160245953130119,0.10135131050472306,0
-0.8072975607718835,1.489753258240257,0
0.021053769910219983,1.8963314331709908,4
-1.8081915474759194,-0.24925373581142637,0
-2.551120089761132,5.0262729203352325,4
-0.31334671489872934,3.4394056349460174,4
-1.772273780926455,0.2758312689979284,0
1.0067306982523265,-1.624199330577,1
0.6570835391075572,0.5583665706680193,1
-1.917783360273174,0.5204203552483256,0
-1.671012050031804,-0.9303487384912719,0
0.5973998489179405,2.6043211725824458,4
-1.350564586439644,0.6107518019695959,0
0.059713977077135015,-0.7474105257258385,1
-1.6141891119756222,0.5779140261461403,0
-1.0364527593603494,0.14488056491059104,0
-0.8481161238816225,-0.7159601951743302,0
-0.005765794450331083,1.147716416715137,0
-0.2683685244104442,-1.4040586139564253,1
-0.6002345028184075,-1.4336591669950174,1
-0.05132256949845087,-1.2280858452644294,1
3.5022117172947915,-0.2711542798174401,2
1.1449219507524087,-1.5274398375821583,1
1.118861381074595,-0.852547770243749,1
0.48816927195274695,-0.6453872823638063,1
1.6759725231871496,-0.5366577315566216,1
-1.913518643502389,0.8115519523043283,0
-0.023796576964668144,-0.5219526559395736,1
0.06354895081106289,1.8345647029645702,4
-0.6411501298784141,2.417123022748932,4
-0.12518143147597774,-1.6099123912253428,1
-1.4727078697874276,0.17905233770764978,0
-2.0673025435963943,-1.3198111411766433,0
-1.6186036401061106,0.49969943006606643,0
-1.5152621191964246,-0.17897512280049363,0
1.7432755394347705,-1.1634868072824343,1
-1.837287772146222,-1.5434042752753026,0
-1.7907673083436155,-0.25333623986610204,0
0.12990150899471453,-1.7572458055773854,1
1.2536262588079656,-0.6812379673858374,1
0.54423899880239,0.1775913149462474,1
-1.3917710444847533,-0.5433575355558148,0
-2.066735156945054,-0.3610642129734031,0
-1.9629578488155335,0.7709065155745074,0
-1.9849243529290166,0.5278199628054318,0
-1.2407701615086706,-0.923576711592371,0
0.7779377632287644,1.4647382242273297,4
1.5076780968646855,-0.23599847017251477,1
-0.0784128483425846,2.1081997059997444,4
-0.48567194744178044,6.291451106765189,4
-1.7399838599636157,-0.23759279584071658,0
-0.43735458357770196,-1.8595411970167317,1
-1.069105475304877,0.46146292234845915,0
-0.8867366714645374,0.0439603804993018,0
1.0082916748952961,-0.5966213094435898,1
-0.3453072285665154,3.0635303230457747,4
0.18493951772969539,0.19914521820443856,1
-0.8974819920216935,-0.4845152874149196,0
-1.3876959859583093,-1.9983709256334774,1
6.778179926756004,2.7180623500608467,2
-1.451367013568093,0.40902167552426705,0
-2.4194548636834394,1.6374913087970029,0
-0.25185401574882305,0.9291923142157069,0
-0.30052119005969624,0.4228691490118253,0
-0.7194995876412122,-0.410627201147167,0
-1.2176735140509731,3.0906629555387655,4
0.8470343486890847,-0.09257360488222627,1
0.4446560824675095,-1.6473813973508158,1
-1.8369669243502238,1.0788996656117227,0
0.025455334835204214,2.593980278514735,4
-1.4132353569109906,0.6149440373151993,0
6.848499816565676,-0.6276040987512946,2
-1.0031868058601807,2.8268969822604326,4
-1.9214417418602254,3.0475018321859486,4
-0.08935618678526398,-0.9563277999498907,1
0.7348223792280976,3.6995808196066746,4
-1.4898821132203477,-0.6776725017730918,0
2.1943292783406405,-2.1129072114392167,1
0.7137897431791707,-0.8001214550343682,1
-2.208430383360292,0.6834634678228807,0
-1.9179651240340274,0.5455142417621051,0
-0.9340828001434486,2.22108690570101,4
0.7680222215332727,-0.6578246590517408,1
-0.8905385425820175,-0.6018197182235906,0
4.054164894849102,3.6617588376965995,2
-2.015406177423222,-1.2574199962288228,0
-1.5981199431465694,3.712955691175664,4
1.2109815878586287,-0.22664432676988008,1
0.959437199489079,-1.191201441265481,1
9.603723114835333,2.4829908899351762,3
0.000492696377820373,-1.8453587340828868,1
-1.2462492479042344,2.854628906900103,4
0.8150698847746979,-1.8042645901546912,1
-1.5792196378497971,2.4732135684928798,4
0.45727012033640835,-1.5851758796534927,1
-0.4150449037830083,1.0129080796330985,0
0.5012205735129653,-1.1109962705801861,1
-0.5369027681818278,-0.28504709117658517,0
0.8882606223308596,-1.0253782919188876,1
-1.424681612034262,-0.3172410801502079,0
0.6879277328439125,-1.5318943658075672,1
-0.3087668041064603,4.278157600674653,4
-1.7484324541307061,0.7455103888390833,0
-1.0564873559608794,-1.7178793999925162,1
0.16661681031793313,-1.6353579208759983,1
1.1549764731849108,1.093574795345847,1
3.2662517856024773,-1.5086176385095589,2
-0.9083751899894883,4.7282333041844975,4
-0.4364766263149321,-0.616747558461575,1
-0.3418470107103022,-0.810678951578972,1
0.03430099155092304,-0.7511185363613934,1
2.399863597717677,-0.10623358573341583,2
1.8126133633148862,-0.18190369343846238,2
-0.889037976983518,-1.1035210205537147,1
-1.4983683554138483,-0.4192020562527234,0
0.48157567855378625,-0.43737287701443,1
0.3129850075511374,-1.243363018190801,1
3.956056695210868,-1.2939593345018472,2
-1.2440760977682093,2.3749030139394542,4
-0.8773793884381088,3.237679006941447,4
0.792473196921212,-0.45273069232520274,1
-0.7672713131790063,6.1351706578687955,4
2.0973877797412355,-0.7590331452417268,2
1.0704275355065644,0.7018062712536053,1
1.6025239984131838,2.4381358521495726,4
0.7907575791257683,0.8164780114284736,1
1.601007033511511,-1.252117331778915,1
-0.5778064479787443,-1.0405584746801435,1
-1.4516397330120825,-0.6200565410041738,0
-1.98880689586434,-0.11695430275125006,0
-0.8285688693466576,-0.21401451808646718,0
-1.0825174303924134,2.660472623163168,4
-0.724632712202288,-0.13752991280483207,0
-1.761100443406546,0.4076972642320255,0
-2.1050298752495946,-1.35172446388926,0
-1.526368016677935,-0.5613491040032172,0
0.43057425591896054,-1.962433541771838,1
3.8133648545520855,1.4237460119220375,2
0.031473778968292336,-1.6036017486561625,1
-1.157985744217159,-0.5272323748260054,0
-1.6975033283962857,0.6961981559773256,0
-0.8435926266007466,-1.3824170297182643,1
-0.1287544150356743,-0.7126482650664371,1
0.4587006301426928,-0.32560280622875454,1
-1.832840308060755,5.8935395543803235,4
-0.8812533825780493,-0.10607806937439317,0
3.643336561811405,1.3190175519331448,2
15.892871530384662,3.724857567954569,3
-1.5516279020470367,-0.14604735569845703,0
-1.9338665844867255,0.7388555698090523,0
-2.1517848985675374,0.10731798853023587,0
1.9978914361131264,-1.2213477434599254,1
-1.7868856349590574,0.09356472396191494,0
-2.109548018688183,-1.3580271049569446,0
0.2994014648765426,-1.4520766411243728,1
-0.19935509071358598,-0.8787404223960676,1
-0.05056461899066484,2.5457788924341016,4
1.2284136958348533,-1.459921381369974,1
-1.9520976615012848,1.9876621211034429,0
-0.6568418137665865,0.7898961040161165,0
0.18426331216151826,0.5425444813672948,0
4.48159318332396,-1.3143518361010413,2
0.34223583498512283,-1.3828631297479603,1
-0.8488544526118608,4.058777576328424,4
-1.8525988973715226,1.5123753503279787,0
-0.48460779749635685,-0.6190754473038983,1
1.6262617918323745,1.2200354476402773,2
-1.7872343971760345,-0.24848400602157003,0
-1.5063439923872615,1.0188285065428897,0
4.525526167618181,-1.8781859241417478,2
0.6736159694368378,2.3464351226258104,4
0.16761204081875888,-1.58740488581964,1
-1.9035069740863981,-0.5962134922948394,0
-0.40362290586081073,0.5892319730397207,0
-1.6224166755477538,-1.3980289121250258,0
-1.4165921463242372,-0.7067354249500676,0
-0.19548924751974503,4.31902987993203,4
-1.326312516621943,0.07470025760124702,0
0.7482145592868648,2.574092348470057,4
-1.4453815780862713,-0.6973691447857794,0
-1.3858128142674822,-0.6854112038862373,0
-1.7882828758529428,0.3164489560638307,0
-1.5200020586860488,0.1438193149587417,0
-1.4226392765601963,-0.2905106112356209,0
-1.3621493280037091,0.35200734743598944,0
-1.4205140288800886,4.067700528483817,4
-0.896409518337668,2.085687624083305,4
-1.3187458924027755,2.222209860518974,4
-1.8830775904805657,-0.0406486553952835,0
0.904662488710387,1.4377082323660795,4
1.3086365654129817,-1.709543648901569,1
-1.1118666820891978,-0.2713865412798806,0
-0.558142219620028,-0.22622435606015098,0
0.26727641372877486,0.7987549709496023,0
1.542353345728991,-0.3301192061599956,1
-0.21206608009728908,-0.12809051304783928,0
-0.06276386430704137,-0.9561516401337423,1
0.3371012093567473,-1.4634993220641974,1
-0.14361901916545067,4.892249888901059,4
0.1302981122363578,-1.024456029467542,1
1.9486263289686663,-1.2171359121271135,1
-2.2092142089558466,-1.3471541656139636,0
-0.13123357906232674,-0.6761002383150577,1
-0.767189460880193,-1.2184340868591903,1
1.6833611481154482,-0.5915131342282066,1
-0.14246439844410297,-0.4198328935016615,1
1.949090805544028,-0.4253316681246352,2
2.429942676312993,-1.384594993012141,2
-1.4074206685502582,0.6953134953539362,0
-1.4799205475958883,1.6695104866347115,0
-0.7879243194175812,-1.3037802119721367,1
-1.46183659518028,0.9712615203777836,0
0.9255920504345223,-1.009749491329411,1
-1.3119278232682086,-1.0274443955835126,0
-0.008322987629232392,0.6183299347014283,0
-0.4799087605206611,-1.8474111048546011,1
-1.3696649615283507,0.48959033617250675,0
2.88474784278267,-1.7565769417567205,2
-1.941011771237766,0.9758528525139185,0
-2.301299649810346,4.34675941645368,4
-0.8158009440018713,-1.620703286618434,1
1.6373441823590165,-1.8135422455668317,1
0.22752402028605814,-0.9664259661487076,1
-1.3891340713610605,1.0915316433990514,0
0.2135459011316022,-1.9102124737073107,1
-1.0299060576250705,2.9643417613258114,4
0.9719631557775809,-0.09702332702287318,1
-1.2957748784933028,9.50257523065689,4
-1.474383371996389,3.0761587441425897,4
-0.9735103187349323,-1.6908253123000243,1
-1.077347524018087,5.102944146176251,4
-1.117278909852003,2.350982777661977,4
-1.732164195343393,-1.0008613575943757,0
5.962613802868964,1.008691241744417,2
-2.0220124952247738,1.0280709426219636,0
2.2878633029567825,2.924622905566079,4
4.240497475558629,3.596092604591083,2
-0.949256027481086,2.731931576672709,4
-1.9408601098626717,-1.159401665289736,0
0.2952849616177124,2.792986156529386,4
-0.6336637449933877,2.227959239631531,4
4.35201536190018,1.4328617132369685,2
0.3239594397289341,-2.0107908705211424,1
1.5736333373168612,1.8526101371162256,4
1.6030872577719824,-1.2969734161278004,1
-1.953147519664616,0.4103293495343423,0
-0.29901648753163246,3.6599502047098023,4
-0.13194318281901501,-1.050475340961594,1
8.710446665011572,0.7958628973119717,3
-1.542621849743338,3.101826248439769,4
1.6511671495261424,-1.389390595495333,1
-1.4403315176512297,-0.7358270059652969,0
0.40606712433785075,-0.7305226997114974,1
4.443671874631622,0.11706672785843307,2
1.0896867729580457,-1.0852973133684252,1
-1.600327946783026,0.34808804213160977,0
-1.6748557646384374,0.3830789427172758,0
-0.24331161439950016,5.529721904978765,4
2.7748990713745445,-0.5908301664915327,2
-1.723656250931052,0.5954680252255535,0
0.06567247129881214,0.7478860528940435,0
-1.1706467160459657,-0.42407381450098075,0
-2.0809172378826437,0.49404466683142945,0
-2.6759192758230195,-0.08930231771987004,0
-1.412505949063301,2.265806189124638,4
0.11177318975017596,-0.5968891311339959,1
-1.7688506424177162,2.211634644322146,4
1.590432800796901,-0.5901587376224255,1
0.2436312076088432,2.0046239102639505,4
-1.8504055019228935,-1.076439634767679,0
1.6200660166984524,-1.429795813206249,1
-1.6362324003643829,0.48190584921943264,0
-1.25195346084448,-1.9713614999401898,1
-1.2696618305136758,0.023437581023502945,0
0.3157032248153015,2.1553817851203645,4
-0.6015091593093896,-1.4974416519730405,1
-0.40604966373759893,-0.9190828270716349,1
-2.096223199941549,0.6011662820502052,0
0.974626202533819,-2.307319161799995,1
-0.681345328865101,-0.8938198455871581,1
3.0975743822753685,1.4565186493699342,2
2.455177221800583,-1.7152136769290331,2
-0.1047322627414787,-0.13231569967304496,1
-0.17287645423975553,-1.1049673345784319,1
-0.17565306419489024,-0.7872931128235611,1
-2.0388767065754414,0.1572001106240019,0
3.859805935402377,-0.8988719665127741,2
-1.6222478794626127,5.084212325871806,4
-0.5949944657799542,-0.9565673354667363,1
-1.0979020552799403,-0.5209019327279817,0
2.2765961439303886,-1.524422316805736,2
1.9245858204406214,-1.0746736517371316,1
-0.44591616995852196,0.029008582146837828,0
0.5354034017811613,-0.36534372704736173,1
-1.4809675273771572,-0.18250173358610175,0
-1.6884604869252358,0.3003153173206973,0
1.5299606067332496,-1.0993859173378264,1
-1.199514146858477,3.449057308744061,4
0.24478049222553142,-1.7557419261744913,1
-1.594532361935847,-0.0047931947989124325,0
-0.7805790656192503,-0.14459848219185648,0
1.3892109314641194,-0.49659603049539475,1
4.627060544684803,-0.5336866591690551,2
-1.8538570466432478,0.21807146170319597,0
0.12051322369559216,0.010488756196305755,1
-1.6052141220313068,1.4860088703695227,0
-0.5721891728351847,0.820592621134143,0
-1.9063313333072507,0.9688459662625963,0
-0.24268839211301918,-1.021898003457503,1
-1.923078413223182,2.344920988990687,4
-0.4005488503516521,-0.9713991531158483,1
-1.8222031462799184,0.0018112499925530868,0
1.0827952721695842,4.3234889240389816,4
3.3559384586120125,-0.9555991277514138,2
1.6767820523266668,3.1655161132625595,4
-2.0268049091360463,-0.8986116569209905,0
2.3755017897394626,-1.0722666245811392,2
-1.223402129300288,4.608221655998109,4
1.3616177751112108,1.96192847274448,4
-0.25705757737986995,-0.8578347967072228,1
0.6229124080177934,0.42964502341404115,1
-1.808144365341074,-0.20884997440133032,0
3.7103492214974194,1.5975983098056574,2
-0.13146308641157076,-0.9412339045570887,1
1.471147947993572,-0.9330795636324243,1
-1.2461240125441955,1.3559696064709061,0
-1.4813380972978043,4.381925175269649,4
-0.06454453280890898,0.5728195806018785,0
-0.5226018217628071,-2.0869194569591074,1
-0.6371279016136192,-0.4816273175926053,0
-0.20525372889392376,2.778333708229806,4
-1.8208297809266045,0.8031187076039072,0
0.14303464065826507,1.3713753875062287,0
-1.0921935988650717,-0.17185849527506894,0
1.3439245509514677,-1.4851008876685183,1
1.0276507083947153,-0.9034242427664056,1
0.0022465147612062905,-1.2695365171882402,1
-0.09015765647447814,-1.31305052593346,1
-0.45029985388066673,0.20723263985810714,0
-1.222302417615221,4.036843506157305,4
0.44581931569028804,-2.2157077826142637,1
-1.4941031499105415,0.1786790920653806,0
-1.9825206260090673,-1.233888821008019,0
0.28361938270666964,-1.2496496157246781,1
1.190687026793435,-1.8762531712238546,1
1.9327431724633484,1.3535277053098165,2
-1.5158847103380475,0.7978530943714147,0
-1.0111136707813762,-0.8082002061178563,0
6.345996283118265,-0.08118661132055797,2
-1.3263338152962145,-0.7499875626256545,0
-1.0397747063209886,-1.8076664586384095,1
-2.0350373775341413,0.7388622819050047,0
-0.763146964804827,0.9032076192677961,0
1.294883816811492,-0.07535560585104907,1
3.0434576236058772,-1.3130276668636829,2
-1.6681749343146932,-1.3294177948783512,0
-1.7465953554293652,2.087277374302137,4
0.8801981208607426,-0.9616666589951581,1
0.7309879472727886,-0.7225197154395606,1
0.11873735268814024,2.366364999802509,4
0.861003691979729,-1.6563516683388142,1
-1.3703917021077798,-0.6828312433215861,0
1.0328735854479003,-1.1593427620162233,1
-1.4824430952730485,2.3618456153516116,4
2.580519697043057,2.780916926429114,2
-0.08111223704570412,-1.637310552260717,1
-1.9185411247316393,3.9480368346762726,4
-1.7285014531529836,-0.19409536031091715,0
1.000535128786455,-0.8769442703574387,1
-0.0892327384464686,-1.6156878545639792,1
5.364380698387544,1.2887524651048499,2
-1.3261068089402699,-0.4804347422449639,0
-0.22881123702132294,-0.09459645302158261,0
0.8045670486321109,-1.3825299446090775,1
1.602927206274692,-0.059809119830138334,1
-0.15825244904738583,3.7710846591213505,4
0.9720499189784246,-1.0006295054586727,1
2.291835144439759,-1.1017108026178284,2
-2.401568479201335,2.2244405760682935,0
-0.1052072803145995,1.5630721387445075,0
-1.1148878727139606,3.228411412675369,4
-0.5777603342023881,-0.39652629859638727,0
-1.6773255974587302,0.33514359145601946,0
-0.08334067034470813,-1.3365591273320818,1
-1.079718590026974,-0.5822773940935905,0
0.4040225963861372,-2.3643996866527965,1
-1.0158481977145282,1.895118078245751,4
0.4896279569885444,-2.1589129198203696,1
-1.717740510685354,1.0831960849893694,0
2.210436336864696,-1.1105379056210951,2
-1.9327368363255049,0.1280768917128366,0
1.06908117450443,-1.3883121998190486,1
-1.8323788730146855,0.07672823865831616,0
1.8469155485528213,-0.5375833424677461,2
0.5697537431134237,-1.685756885533903,1
-0.2963418396031,-1.1937846652746642,1
-1.4379499374418323,-0.2516050413072739,0
-1.8413491225680605,0.46071578703666977,0
-1.7257854614536392,0.0030079015199148598,0
-0.40493519914443377,-1.8743393139168054,1
0.6816942860686196,-1.2894407396763292,1
2.0432066078837305,-1.397912286121508,1
0.44476747842120395,-1.2661462086437951,1
0.07475493541686935,-0.8003813841414724,1
0.060341593596479025,-1.0899880929854968,1
0.9397609537752586,-2.008321437814815,1
0.7554535617326898,4.874039001869325,4
0.058412095491230935,-0.36989361931544545,1
0.6977063092166255,-0.7119456664627644,1
-0.0687761120633831,-0.21616336726631918,1
-0.5085159587182632,-1.1004738151028797,1
-1.3665037723348645,0.46146977991009164,0
2.4600372011453695,-1.6497705092723198,2
0.10999721618409639,-2.0488400877682587,1
-1.971337942161846,4.506809138230158,4
0.10188194876049518,-1.3415202079380788,1
-1.6976328687075277,0.5481354185660214,0
1.0250483995998219,-0.842631205356509,1
5.419083992892343,-0.5447151813377087,2
-1.6809945739255927,-0.06070836260023934,0
2.828129997056858,-1.2220321543667765,2
-0.8953035074265293,-0.5966935642315407,0
0.3922300569349519,-2.0533367072313196,1
-1.8860023317867272,0.9314430937546047,0
-1.6381208173202886,1.043308519290399,0
-0.9939060340048146,-2.304159174424443,1
2.0349339139718747,-0.8533881927437927,2
-1.6679760436080695,1.8373517653298352,0
-0.09000982858471561,-1.1016975743658557,1
1.2499827109443635,-1.823289298311667,1
-0.9236838468800621,-0.4232980942821546,0
1.585434783870066,-2.043068266484154,1
-0.2971550663327384,-1.0660387881172049,1
2.1031562089882376,-0.9461632242005966,2
-1.7772740651312249,0.25562779967941596,0
-1.7558368929582966,-0.3411611041858532,0
-0.4416141648219624,1.9139056912814059,4
-0.6211656526502506,-1.8722010015736323,1
-1.2162168284164547,0.3098421047055067,0
-1.744729571919882,0.39507627418108154,0
-1.113618529634555,0.6862001854057983,0
2.335668243548648,-0.454652400382985,2
4.058565196972129,-0.3401685911043533,2
-1.7527280450426082,0.9363592879956986,0
-1.2242452591982906,0.4714279434187598,0
3.073868501060803,-0.6564760796962993,2
-1.8689461581399798,-1.1105563620413677,0
-1.7744813080796884,3.818852746938132,4
-1.6915304048940758,-0.004227461284287201,0
-2.033714460423068,1.3855732353399783,0
0.24006224376662436,5.844222647798584,4
1.8189024955908026,-1.0004512320578682,1
-1.2110423017013074,-0.4746400692843216,0
-0.9352348032441076,-0.2758828576042242,0
0.035785033459027164,-2.257441598090142,1
0.3990164783610524,-1.3447766228633373,1
-1.0837195482151942,3.0821852780410564,4
7.316994722982525,2.201871589999395,2
1.597604388062504,-0.7044817892619742,1
0.16886402082946367,-1.1096973898302618,1
-2.022340537945729,0.35719689015679135,0
3.16213852736826,-0.015154973694026155,2
-1.1427171032076435,2.771256394837959,4
-1.4738248583241131,2.1600034628787204,4
1.501849917787428,-0.7139933532253366,1
3.7562278476481765,5.654150351429536,4
-1.248320395907306,1.2692073602395944,0
-0.6285628059309901,4.763025453715517,4
-1.8408607373617583,0.5934170724320743,0
3.14101694280955,-1.3134382204737656,2
-0.8862629337100193,0.31269282399139503,0
0.3686017836125134,0.13678734781867627,1
1.052106127346787,-1.4728439261661934,1
-2.2458004462666317,1.3670538689848508,0
-1.848236968089131,-0.07861479815425483,0
1.3486737803880673,-0.7858632688072124,1
5.626351123013404,1.486564591590562,2
0.7024489114724214,-1.7310909777086863,1
0.32883037040255786,-0.5766251339527613,1
2.9826586435509586,-2.087848500613996,2
-0.24982257825262086,3.450552095240268,4
-2.0424751397642478,-0.9949188285241705,0
0.16215642736393288,1.4455238747397114,0
-1.8784678705763895,0.6152522210881094,0
0.6791249965196008,-1.801436226051786,1
-1.7599798312305963,1.4504644169851284,0
4.382424106916148,-0.3806162836470037,2
1.8266507792724151,-1.7438361962652862,1
3.676024270207871,0.11677129343327851,2
-1.8316486536801597,-0.016875192544017977,0
-1.0710941206173636,-1.736979930223007,1
1.1753402938549131,-1.6413552329044494,1
0.01508543343728258,-0.28427872280720373,1
2.4903019621800446,-0.48636539745810364,2
-1.75693828374952,1.9001843379505814,0
-0.5574865975180245,2.2271182480619904,4
6.034490854340181,0.7545397650083558,2
1.4553127556622787,-0.9871835812632597,1
-1.3444501883084823,2.3586659517031427,4
-1.9831095016500786,1.588271307488725,0
-2.4918751731070903,-0.73865144727949,0
-1.5618916750786578,2.6538696291839803,4
1.3954746963350941,1.4446325613894204,2
3.3033368006959702,-1.1290972534006372,2
1.6853835009639955,-1.9566963139297706,1
-1.173375758489107,2.0879673672571855,4
2.330705535821814,-1.3093009128459119,2
-0.09172537949892627,-0.38665310098464895,1
-0.6159300911424878,-0.7497973430190966,1
0.04350258106997692,-0.6111426730017281,1
4.862423096464973,0.06375494705122574,2
-2.354869521197797,11.538060688793546,4
-2.1839817941099455,-0.2432576016883404,0
-0.8166115678719499,5.053237294371119,4
-1.43137891036339,1.361115443035394,0
-1.601506381398825,0.18039154738515048,0
0.9327369986674676,-1.159044662229603,1
-0.7226155789812579,-0.37645853458732853,0
-1.769241231462394,5.474408754419675,4
6.914033722077623,0.4392285913801357,2
1.1352119370276665,-0.018925418506036646,1
1.2827438942534715,8.910383479391264,4
-1.056158312377564,2.023179451579636,4
-0.1454164887073374,-1.3420343942540358,1
-0.9474009082057061,0.5631399673791633,0
-1.310528318755714,-0.6482238349838896,0
-0.9756316725934988,4.962690338977982,4
0.6389112730611727,-0.42346376784751544,1
0.4533137481743293,1.8894159276855769,4
-2.1610948737880147,-1.3381462207680102,0
-1.0603229539583945,-1.19882338700028,0
-1.7155665770844528,0.8763538125254171,0
0.16591159337965306,0.6001006350914171,0
-0.8672445671301962,0.836563508367552,0
0.614853798036677,-1.3262431745056904,1
2.395669770652354,3.58243493239847,4
0.6507809841566379,2.790639004024998,4
-0.6147217034753527,5.18306747638768,4
-1.1982549707837062,0.9563802652220779,0
-0.9473902442607048,-0.8174083924151134,0
-1.629608850542873,3.813958164582422,4
-1.8264869073083172,0.7097781039430215,0
5.155081530398837,-0.7742415385700941,2
-0.36585606179560703,-0.9865231344172982,1
1.2351182244259822,-0.29963537125991824,1
-1.0210040792162185,-1.1250601195871572,0
-1.5567897603844418,-1.4271179240155163,0
0.7816544795025923,-1.0403515246495638,1
0.7700360918660346,-1.540933661603597,1
0.03565369770759414,-1.287506621099596,1
3.0324540871911814,1.6222051323679767,2
2.3723444865240197,-1.318068066769396,2
-1.8584914044577503,-0.2401267562718065,0
0.3050862131484422,-1.81102212988244,1
-1.597838236476068,1.4394363570805877,0
0.15537665285987184,-1.1779721247743908,1
-1.8883271340248213,-1.087518617083378,0
-1.959887320337365,2.2662828963287063,4
-1.0726393209040548,1.062469269686767,0
0.044505753247348394,3.9609257191724594,4
-2.3360038488040056,-0.0753697148444597,0
0.6327447544092352,-1.8283889355362986,1
-2.302477007769715,-0.6294576433092883,0
1.5431423862424318,0.22961434917171147,1
-2.1274336397672395,-0.05408717265720194,0
-2.0372199794545605,0.20283129576169429,0
-1.2784236287665776,-1.4682813102867478,0
1.2053754826313847,-0.13489002134950026,1
-0.15493759671917612,-0.359647869866903,1
-0.5917279205785719,-1.661648172798346,1
0.4834541908342847,1.0438365993994487,0
-1.7721985711912815,-0.019796608854695166,0
-1.9294767362896728,0.18211216780314843,0
2.389247113940353,-0.07783531032332355,2
1.5200534049041121,-1.8191850443442894,1
4.687524903103947,-0.02100880453999247,2
-1.5327838991732998,0.9870794402398176,0
0.9204531164548894,-1.5059929933513794,1
0.18966590197731847,-0.19429937250958415,1
0.38902026201028833,-1.5671426255615277,1
0.07034001015687952,2.4508654392320137,4
-0.8188171748738129,0.3550972122019505,0
-0.2797059835683828,-0.8757543949392945,1
-1.170835035662181,0.18349896071960167,0
-0.9533517629909415,-0.8624047724845945,0
-0.5448043601186957,-0.4510705609072458,0
1.0132217635552767,-1.6004942984632304,1
-1.611790015119246,-0.7613419972012068,0
-0.317913657140791,2.0098852390408943,4
0.46985011881385086,3.770675231108072,4
0.845904899457214,2.1179042647509014,4
-1.1470361114602237,-2.1802263678426006,1
-0.7064755509995266,-1.5107780934111115,1
-0.4360507983393143,-1.6748694078418371,1
-1.8290157221593133,0.4800881825729869,0
-1.4662027545193026,2.6386692318087284,4
-0.3836838094567751,-2.025210021104116,1
1.3490092926102792,-1.1645480608517975,1
-0.2642289652169195,-1.8245803783541024,1
5.482057839612147,-0.7009653765278419,2
-0.4018801611133786,1.543768836277183,0
-1.5467564811144308,-0.8201153744957574,0
1.8211074574238668,-1.709929320185346,1
2.0585496804272045,0.4058272164106512,2
3.4757098505643853,4.780682984725161,4
-1.412385686294872,0.1164281386875239,0
-2.0347465341110516,-0.5340063414414286,0
-0.884270420892209,8.380254521568219,4
-0.7785295095765337,-0.4155762260404979,0
3.1772592477533528,1.5444222072007294,2
1.0843710475582133,2.0155765602808153,4
-1.1473343340762037,3.8862263442961837,4
-0.08174294880001445,-1.4624602788277619,1
-1.1207688562348337,1.1944218396161546,0
-1.9187060767132527,0.0527614771007366,0
-2.23587779607306,2.2776163925018533,4
1.7923266612804707,-0.3081474193351008,2
-1.1308952032127333,-0.32571191705248326,0
15.235710214540951,2.9261393748943587,3
-1.4666207750571607,0.7942752582834426,0
-1.7964372375537736,-0.2553788895804691,0
-0.15244325173851359,0.636110085006203,0
-1.7657598493002378,2.43965617045563,4
-0.04481794492765915,-0.34233459735101146,1
0.8103657607847528,-0.559561816303761,1
2.833827333500725,-0.21383557152856655,2
-0.2919973351873742,-1.822581027762018,1
1.4238681169991831,-0.4776673682928643,1
-1.4358320897047185,-0.6480778077553596,0
1.9036768562542845,-1.1269563863958736,1
0.43133397705571336,0.9892180456280518,0
-1.1017697130406545,-1.686921453726803,1
-1.1708727456725063,2.77518317149407,4
-0.648967644149965,-0.5375253469027997,0
0.20086635501675532,0.7344132915258873,0
6.100878419008235,0.12851963837760969,2
0.4798160673600157,-2.3435625570234944,1
1.9059296415827467,0.2742875694754672,2
-1.9372393215019854,1.0645127847473115,0
-0.20296447101300805,-1.4772491250656177,1
1.4982189055488693,-1.1067161049081875,1
-1.5424958945061322,-0.6830652916998127,0
6.291053704258229,-0.7278038911951523,2
0.334869317387453,2.906795466894436,4
-1.5086748848358134,-0.8540735217481178,0
-1.5640181652362386,0.3139620293037027,0
1.3515177815626787,-1.087155642593086,1
-1.8015123137410236,1.7369660615353857,0
2.014220009347398,-1.0965512736974619,2
-2.593103313226902,0.12057902104028113,0
-0.9367186824169506,-0.7498738058389763,0
-1.311849527982372,-0.5721992218960232,0
-1.8021384427176048,-0.2589551589928953,0
2.817032197924551,1.3329917926547512,2
1.5328679250422017,-1.1910995295992945,1
0.7290468257935797,0.31536313373587027,1
0.8688239316741128,-0.23955080215398752,1
4.394870930019573,2.6821366530158244,2
2.577637142335325,-1.1990086499810668,2
0.03497828054705777,-1.355020850588727,1
0.23381136915936948,-0.911229064543658,1
4.735913532548137,0.34139926125822195,2
0.09704064348462382,3.145694935236938,4
0.4755409177151363,-1.4783681092276928,1
18.454600407688226,2.547320627522111,3
-0.8777565880435232,-0.9437821935244355,0
-1.431087915175087,1.412039243346839,0
-1.415687004177555,-1.2224861012162145,0
2.643513634080906,0.4634357134995305,2
-1.6304909039198934,-0.2671009579661512,0
-0.7217475311892583,-0.5743832971584203,0
1.913264861773571,-0.1693721175971238,2
-1.5310602771303439,0.1552491875803851,0
2.7954564353869156,-0.7679146905583779,2
3.045309189899774,0.03921383973963997,2
0.1258482736413231,0.7337662229714141,0
0.17501137444921377,-1.0459101110210793,1
1.6041136654198536,0.8142678355749239,2
1.5366255137545342,4.160369029839289,4
0.5217428520303269,-1.487540911876441,1
1.182136277908451,-1.8258827104048763,1
-0.5853273707588652,-0.17610724158669497,0
-1.4021362689725236,2.218460820516304,4
0.42401532206232456,-2.1689933831371078,1
1.2141014468212141,-0.08329469274673654,1
10.89084324576331,0.5446647616630264,3
-1.1595959211872713,1.599627117396567,0
0.8267937032417768,2.489901944552444,4
-1.7701873419072993,1.0930175849835864,0
-1.7350389441260932,-0.14565718040841008,0
-1.6098850466694727,0.713293600017065,0
2.232517764064016,-1.869572397959044,1
1.312956785115165,-1.7259630567003856,1
-1.884620046477118,-1.1698591064583868,0
-1.7441954373987063,-1.040490114226482,0
3.837390818041651,-0.8899570283363922,2
2.0352952273510403,-1.4391893816298176,1
-1.8793083415639626,-0.10948973906730812,0
-1.2350565471661437,-0.21566797324958834,0
4.290767324589116,4.537419760428908,2
3.4247506877048832,0.41981697441669913,2
-1.4551103464577226,1.8115316722149326,0
-1.0673348841600028,1.6828374673933129,0
-1.004270203351082,1.929622364220853,4
2.8481062140354902,-1.777006810886926,2
-1.6456273642482424,-0.3943473545037485,0
0.7969919778360816,-1.491113547815771,1
-0.38682385969449806,-0.12641714561018905,0
2.2802464037001915,-1.0391568304538277,2
1.0181434524486879,-1.5230517585964092,1
5.640332019997357,2.055599649677725,2
0.858520734372559,-1.4516595344190322,1
-1.2584544600129723,-0.27796121988633105,0
-0.7376202017572945,0.9077387836969034,0
-0.5026694919428484,-2.1522134974050804,1
-0.27302734499588127,2.9978289491058825,4
0.4359166169525132,-0.9535874579671602,1
-0.34625809177585953,2.1645263908749763,4
-1.7559590849033309,0.7838213175971269,0
1.1709933958149041,3.7970999501445073,4
1.2640232730943173,-0.8515450169572327,1
-0.6703065209823412,0.029080110153670232,0
0.44487243321833636,-1.1262185270858038,1
2.2172749145909396,-1.0398488002492259,2
1.5362375466760987,2.6490304731147245,4
-1.846549643967593,-0.2631166414703582,0
-1.9048396464367867,2.060555700967092,0
1.0395327525046232,-1.7756586604239137,1
-1.7783413874044378,2.1699529601883074,4
1.288193471679634,-1.351536208919025,1
-0.0527212620916691,-1.1428914856575667,1
0.9593268920191774,0.4598487858121446,1
-1.2154472992359042,1.922869864854935,0
-1.7213083252644519,1.356896525042134,0
3.0430431041742887,-1.210947888717967,2
-1.8670538676187574,0.013429995606515314,0
4.504388469915114,0.9033843639852646,2
-1.029520601612026,5.994306624278325,4
-2.1014218821901016,-0.20243509065550933,0
-1.3049053961134018,-0.7067924640418648,0
0.45475962538324993,-1.1337406011284845,1
0.013838197135531652,3.3703230226966396,4
-1.010214587844671,3.3217383370996054,4
-0.20988673133231117,-1.0121081383599864,1
2.372379033049752,-1.2525887215444227,2
-0.7046939596156157,-1.1707830304747249,1
-1.9673353971073007,0.916150836975117,0
-1.9728918091789973,2.503203425374438,4
0.7571674343810122,-1.0083591980329054,1
5.775813495208252,-0.9101422876056073,2
-1.5527072819187107,-0.3370216915048084,0
2.352681239218455,1.6790970228314084,2
-0.23559039073890015,-1.5787716793748587,1
-2.0147916849491594,-1.2420923839136055,0
9.633494253233973,1.622703219695654,3
-0.7771422956955536,-0.347292507409517,0
0.556389569633118,5.982788878492658,4
5.507137028141856,-0.3505354604771673,2
-1.1425978494508329,0.21829390288656908,0
-1.70343692841776,-1.0768478367063277,0
3.33615151270331,-1.3730114011121204,2
1.0753164085548301,-0.6728509872978577,1
3.3781604867541537,-0.05819915525245244,2
-1.0331077605547136,-0.8852758370236945,0
-0.2385892239286866,-0.9742628069108283,1
-1.793065281649494,-1.254139730816319,0
3.323870848212211,3.5242744302719626,2
-0.05574778987228345,-1.8070133061896898,1
-1.0956939694545675,1.2277159060928275,0
1.672078457572251,-0.7244012439318891,1
-0.9965313049163698,1.8102536341311055,0
-0.9545022811132563,-0.3755677927820937,0
6.125185193499152,14.039283017517361,4
4.256893668059378,-0.9866252720667954,2
-0.558894639464104,-2.298078472227606,1
0.49082526044472674,-1.5031938429686975,1
-1.8527071594695823,-0.44318866361056536,0
-1.5718861713563228,1.0844149702558528,0
-0.6681797004419557,0.04701129321452312,0
0.3916693558019553,0.0003966760517203807,1
-1.6934146070259968,1.1861785581429836,0
0.5914000289495234,-2.0881033006829344,1
-0.3137836246395618,-1.4497314324515436,1
-1.4853797513825333,0.9765483500729787,0
-1.8963842514447324,1.7609764427517733,0
-0.3997697095303101,-0.6303872569846134,1
-0.9799894151122965,-0.5927360730466749,0
-1.5669904352393438,3.553576717081833,4
-1.4687908379182282,3.534142779339952,4
2.8931483886114826,-1.4891515813984075,2
-0.8592505033348186,-1.0965530897048517,1
-1.055334180036686,1.2482375609069363,0
-1.668981431507589,0.36273098766140177,0
-0.6574739745566458,-1.4743341457366683,1
1.737031427144655,-0.8416856045016418,1
-1.3631604099391998,0.15229357468134858,0
2.4569961155359645,-0.509966013919049,2
-1.4360671106952438,0.8188385742360603,0
0.4356626136285638,-1.5081055706514948,1
0.7845723297249649,-1.102923274674507,1
-1.8483026113662486,-0.018509709105872414,0
1.0132450395442798,0.4457106396447822,1
6.701804626515509,-1.1988445790813282,2
-0.6505717184022509,3.0562614593915436,4
0.7281292985730798,-2.0045572012739186,1
-1.5744025486884576,0.032497905785295024,0
-0.9311945825409379,4.220068954215611,4
-1.8027802148027514,-0.9622976910400389,0
0.01218608853957319,-0.1445455974844562,1
1.2285667787032113,-0.9739131654864479,1
-2.1312384556455233,-1.402200343247104,0
-1.793866914582922,-0.25039962983998926,0
4.172818368753867,0.09972214899297215,2
1.6453110144648337,-1.3278559700743193,1
0.11016555648305003,0.8640543120828035,0
-0.5044602085735476,-1.327281559217427,1
-0.7731676138692088,-0.3428655172477319,0
1.0892362763066852,-0.5803096001036733,1
-0.3484943014965816,-0.038868585048985986,0
-0.19883573379764777,-0.9748736312545163,1
0.8322550567899428,-1.8210118681179386,1
0.7238715928690963,0.6348656522538845,1
0.3069132720746279,-1.7197668800992485,1
3.433966466202792,-1.7079133203312526,2
-1.4093617194843115,2.5884151426049287,4
2.2830244517282265,-0.3473764839893652,2
-1.3839262228274707,1.1841089703711543,0
-1.417463777515372,-0.7521882148953957,0
3.240779916644214,-0.0047801466115466274,2
-1.1577831816422188,-0.1803681766250804,0
1.5626663861352073,-1.4615341105569888,1
-1.2970623780353574,-0.6057173502518443,0
0.25601606045319314,-1.5608473516580366,1
-1.907233323606568,0.8261584683736746,0
2.752220853191762,0.039396513513980186,2
-1.1838896253229905,-0.4767364397629615,0
1.9702056284701417,-0.8752418743005055,2
-1.179567663918871,2.3647940791932487,4
0.5984263316616018,-1.0881534096090737,1
-0.9066274762303103,-1.3360536592498309,1
-1.7524696076526138,1.5282916817959153,0
2.2690848692902104,1.1805323247396011,2
-1.5960547215257432,1.5466000517479366,0
-1.208278859472407,-0.576797249315277,0
7.834567023387161,-0.7618565497364005,2
-1.8311109430102042,-1.0551427789249233,0
-1.0191999454729987,1.0894938053275627,0
-0.417025507312271,-1.2091108570048643,1
-1.0149857393051442,0.38648896317351633,0
2.673232597777339,0.5339666943295176,2
-0.2662487741156646,-0.2768739336198086,1
5.170903720764599,-0.7296661772717187,2
1.9606069096530436,0.46768421253143677,2
5.187781993891121,-1.2322045900278225,2
1.2795567674754917,-0.5513584640054231,1
-1.8741872911653608,2.1345340576724148,4
0.8233177068893704,0.7534595743843302,1
-1.8183654719312672,0.013253799576156678,0
1.3343915481204203,-1.5472167562476529,1
-0.9133847605232915,-1.659834017017541,1
-2.1799798084796835,-0.7844367756270779,0
-1.2882019935319988,1.6611833116284542,0
-1.1925767068262432,0.16509596207008714,0
1.125768195802717,-1.455974874066229,1
-1.3015124458129546,-0.841430572852918,0
0.2805993021150687,-1.6503261226628874,1
-0.7629440980991747,0.32482595551521354,0
0.43888232084579476,0.0347913496275264,1
-1.6514524023292985,-1.1049787843709054,0
-1.7764435909505534,0.8741989293601512,0
-1.4266376399795728,0.9129481026139449,0
3.330770314372142,0.7305499686453079,2
-1.5060390182443377,4.05911524460038,4
-2.3991506518282164,-0.8451113325460569,0
2.077129129843223,6.55830593589711,4
-1.7416338828749538,0.6336317248163722,0
4.145306548457885,-0.5849090330315942,2
-1.8925972960689672,0.09626860131277426,0
-1.7869796733172436,-0.22778474273429403,0
-1.1335497393361647,-0.6152812987459797,0
-0.3827884454398769,-1.6828194358236337,1
-0.23408644484230906,-1.588888194805065,1
0.6863755187920605,-1.392154761212759,1
1.0881486731663106,-0.5909001581978399,1
-0.8769750546475988,-0.9341297337666656,0
-1.0506977266136426,-1.2707115653861367,1
-0.3932703442636108,-0.569603395178949,1
-0.6134693405053232,2.3398205337387132,4
0.31790378799379854,2.8680223278511625,4
-1.6264184506205306,0.20292757323666932,0
-0.3807095817397554,-0.792610632319856,1
-0.6982109892097123,3.6057614868169496,4
1.5118800047944203,-1.129308006531948,1
0.1106053063617543,-1.6186404027391035,1
-0.675461988025682,-0.6706482572943829,0
1.8534125244127044,-0.7183026959517924,1
-0.4134431388764048,4.035656546016881,4
-1.4596007338750767,0.4533109981965513,0
2.486341266560349,0.34412385398856693,2
-1.208468758013182,-0.8038619607570524,0
-1.7285890438229987,0.5745157313586061,0
0.8386021174122502,-0.30183537696807855,1
-0.7430455644592567,0.9504235660204499,0
23.951846995573348,3.2583351214032144,3
0.07075512799427305,-1.453345251632731,1
6.464327887525882,2.64656709789113,2
-1.736855279743561,0.9271465936041855,0
-1.2987243136405517,-0.2641820343869866,0
-1.7070664597146263,0.3385371787475109,0
0.13864531807464944,-2.2267587089170022,1
4.154557513720968,6.673535199960744,4
-1.5147394936662126,1.5125476974278746,0
1.011133378365623,-1.0733755834659755,1
0.22541279639696923,-1.633556872074611,1
6.623648092217365,-1.542272483128425,2
-1.8096953724422713,-0.20695205804199165,0
-0.7353754785299483,-1.4999872588446168,1
-1.0498115263688803,-1.4429461423060719,1
-2.222324121706607,-0.7165179198971745,0
-0.2617937539480695,-1.2686134118916061,1
3.9467105217763803,-1.7017371919099402,2
6.472860046763338,-0.38014348708084084,2
5.69182321841486,-0.011650269381916514,2
-0.27385606524025397,-1.8248062614124314,1
0.03779751818237694,-0.5446397383923038,1
-1.5067559636396424,-0.15394323642275207,0
-0.10690682215310093,-1.2337138966758974,1
-1.0337989390582953,1.3441780463142547,0
-1.360229393076588,-1.674988520499773,1
-0.9003272521325197,-0.6112328051499412,0
-1.1846645260682518,-1.096134405389077,0
0.578642842551645,-1.3210910407826744,1
-1.7320225726627425,0.7127795995860973,0
-0.6019693526730514,0.22176672262975614,0
-1.4192924714383006,0.2961482134071977,0
2.2084592163348065,-0.9605459846725196,2
-1.2691831316224453,-0.6611450341880459,0
2.8646941570442097,-0.3102887420801504,2
-0.8202690349807241,-0.957230773174286,1
-1.5634404932850758,0.7619312559444502,0
-1.9557067830829806,0.32672536967067045,0
-1.3874343585042923,1.3795792824337312,0
0.7180713313386309,-1.97186727349444,1
0.6672543243315058,-1.0722276853697352,1
-1.5672575071071921,-0.5507124209960544,0
-2.2812914411540617,0.28036036322698543,0
0.32802501037940096,0.44231768098104185,1
-0.08145751637947594,-2.132712729994845,1
-2.162653647724358,-1.0941044105300175,0
-1.8750525749809517,-0.10609080947721551,0
1.0661854310734529,3.1401196564256737,4
-1.117839815650004,-1.0695489155734923,0
-2.005096100548863,-0.7840126746479731,0
0.5569806509707529,-1.0521813476294748,1
2.2836594368163246,-0.9446078968396769,2
-1.4371389890451778,3.322757677558084,4
-1.53921294560636,0.6439824585020993,0
0.8622535365710046,-0.9248947421585615,1
-2.249080141815429,-0.35982720645411986,0
-1.2745207550798276,-0.5299373671392148,0
-0.7044360009794658,-0.70245637049633,0
-1.9316550138628237,-1.1788388010592845,0
-1.4251506229302893,1.9215897099128025,0
5.768281691381075,-1.3839970181478487,2
0.2548748720693817,-1.5544634958903207,1
-1.4588625343743384,3.5917623024442795,4
0.34393400926617584,0.822483404376809,0
-1.3300986157911001,0.8288249677064429,0
2.180923137545085,-0.29304509711881677,2
-1.1853204876308565,0.7494380057013131,0
1.8683898034547748,-1.560370873662115,1
-1.4449524770425233,1.248258815063336,0
2.2946185286258713,0.7284213070499759,2
1.451596869393692,-0.8751318542702494,1
-0.07465201160428492,1.8478663412281542,4
-0.1322521987901619,0.2639811327466776,0
2.9866417790864315,-1.2791695546602946,2
-0.3762971063068595,-1.5345076474015344,1
5.653077416981338,0.11063082960667259,2
2.2231530963934443,-0.9569631756511612,2
1.893275598507681,-0.024803230859964675,2
-0.25563815225544695,-0.1737373739524742,0
-0.30026573524541156,3.1577800477142577,4
-1.253033315255438,4.900443426059499,4
-0.8372857723613668,5.245208389401707,4
3.317387696736912,-1.771609884291062,2
-1.8561200383278524,0.4884451341052359,0
-2.245502791659487,-0.9408304264863392,0
-1.475891327206842,2.7324895598313517,4
0.25801408655457364,-1.9591370981630671,1
-1.7747243084387279,-0.3911233964693552,0
2.5673790241193997,-1.4846716726252525,2
-1.8049825272758702,-0.4576699327397104,0
0.04669036936536602,-0.43850686588314086,1
-0.19425073546018726,2.6486944219954394,4
0.43888154097695536,0.040285545266352064,1
8.72744274739689,2.7824288114857727,3
-0.3209919462280741,-1.309988632458003,1
1.2475856497128046,-1.842128821363651,1
3.2315546411415004,-0.13785192400027613,2
-1.919123826343779,0.018995918339641243,0
-0.6105462660014891,-1.8176515395405186,1
1.1310556588719036,-0.9450632595476476,1
0.9895644910013216,-0.4550698579964519,1
-1.7149895541759343,0.7761625833820813,0
-0.5791338170401268,-1.991062640472971,1
-1.6154459583027885,3.7366187324510056,4
-0.5482940032240908,1.2771495168209193,0
-1.0776971335932084,-0.5207651502682555,0
-0.9438270756798345,1.6585651831240218,0
0.009358153871623805,-1.3980131820504844,1
-0.9509714538996445,0.2639223090095484,0
-1.7628425993420627,1.1990403827031844,0
-0.7094965804293337,-0.15077062478605158,0
-0.4678393730505413,-1.0109034390366494,1
0.09906968901089595,0.753942400801374,0
1.6620702350216774,-2.0157668140981904,1
2.0863545898535394,-1.7907947858902387,1
-1.8903697988085317,-0.07000556037893842,0
1.269681106001376,-1.4025867614758254,1
-1.6880399161736324,-1.1657785081055416,0
-0.4698304225707784,-0.44218114720496854,0
-0.36990554807324444,1.8211435220513645,4
-1.3799663445898844,-1.1603827676075944,0
-2.0661755480005035,-1.3164048212103145,0
-0.31249446254948954,-0.7323530979765317,1
-1.4443805729768582,-0.4293093156388225,0
-1.9554174418780308,1.1245469338575558,0
-0.11947538081765918,3.993725765608574,4
-1.713209097765209,0.35533977619431073,0
-1.747639587373138,0.19340388613809592,0
-1.6222412604870857,2.6607449459763237,4
-1.8322169839680689,-0.27854187516500445,0
-0.10080001692056084,-0.8559788786031525,1
-0.9992702247614351,-1.279460003641488,1
-0.8391487499640276,3.1987750458527757,4
-2.242684830881499,-0.8623394630685753,0
-1.3570941321865277,-0.7579324020336278,0
1.186132387103799,-1.2342496306771962,1
0.2872429069389313,-2.1491289323313794,1
0.9379008135925088,3.160537574162034,4
0.48820551637922904,-0.8853812300146076,1
0.8681290281454533,-0.7107369263496626,1
-1.8455095113596531,0.43324688795160476,0
-1.4362307758530695,-0.46189298206761503,0
-2.4498374272727585,3.732413975176058,4
-1.5621489855308148,-0.1989810985094936,0
4.021449372475789,-1.5175314179247816,2
-1.870345468558981,-1.0818108357383953,0
-1.9136859471649679,0.16241879813457177,0
-1.663442983354736,1.411944005784443,0
1.1251176417391247,-1.0743519924127298,1
6.158359196751386,1.4784706701355865,2
-0.06516958691208552,-0.9213378536408101,1
0.5139270207699884,-0.8204708362914581,1
0.7561336098046946,5.907576709550401,4
-0.40222499353042934,-0.899929724311785,1
-0.8893800134712769,8.175172853250242,4
2.218911048786254,-0.4254393383168196,2
-1.8411284467776434,0.8639579499726542,0
-1.7017881079113248,0.3096044649219328,0
-1.7693331207276435,2.5974462635735596,4
0.7729134000437738,-1.2705391401891477,1
-1.2065284220518813,2.4201761253043634,4
-1.8121506164366123,0.6046403623755197,0
0.006317180070814907,-1.2985594609128739,1
-0.9800911663203395,2.6601587869884904,4
-1.752222218593641,0.1904444550107392,0
7.044680235695773,1.840890529706997,2
-0.9287236685819924,5.550959319172853,4
-0.8278631434439916,-0.5760381346541005,0
3.6012538758698107,-1.2446412264307984,2
-1.3554624864613558,-0.44440936254766344,0
-0.48898112190384224,-1.5599477945469409,1
-1.2324836261896217,-0.7451987958172976,0
2.4147370193716737,-1.377137742896307,2
0.07178623673092603,-0.7106042677257411,1
-0.5148381560272786,-0.40609653688112796,0
6.934273286920361,1.2859370941691328,2
-1.9125725746645528,0.5585395109415922,0
-0.23673642399612116,0.13819448139991125,0
-0.8338470504113937,-0.7824642480557314,0
-1.4747754122267263,-0.01502189023390443,0
-1.7247763850952762,-0.9487596235363698,0
-2.066957572325722,-0.7111428732394157,0
2.276061069184966,-0.5447342184460237,2
0.27361279777789965,-0.6782055581656619,1
-2.3054886631754163,-0.81194954288306,0
4.1654413866916995,-1.674046295741092,2
-1.04951966840239,1.1215698992697993,0
1.5587394760743774,-1.1626995562454026,1
-1.0695313933087045,2.2240681032824154,4
2.5192851938030043,-1.253300821081219,2
0.038839112636300195,-1.5980185609655198,1
-1.9575552740212858,-0.65134272172311,0
-0.7724607906436308,1.6945306048015538,0
-0.7734093309458748,-0.868801619494034,0
-1.149631669572689,1.0512900687739246,0
-0.6707960215075206,2.2771775316226046,4
5.05242996721473,-0.4207640699740432,2
-1.811691441526659,-1.337550244593136,0
3.433190803132118,0.272968570884092,2
-0.1933653485409013,-1.6922470318367155,1
-1.0116182609620297,3.8438344657585573,4
3.5582009833719024,0.02611127554552953,2
-0.2796814664905551,1.435080811997166,0
6.391256428536329,3.9330854384446736,2
0.5970746678096618,-1.5823366802882253,1
0.7611488143072659,-0.877270119459622,1
-1.4231915674968232,1.2568272735246693,0
-1.297512800589517,3.7930493394955436,4
-1.6595966919660405,0.5217303523957714,0
1.7401840041357135,0.10100632316061205,2
-0.21541038722736733,-1.3620295879308497,1
-1.2269737903165274,3.0508437449448014,4
-1.1314332944436498,-0.9239290058139185,0
1.690027529272175,1.006325867479704,2
-0.26801805953640934,-0.6584279721351567,1
-0.09810835300417875,-0.964052527601766,1
0.8312836980683046,-2.3734569635230707,1
-1.1913725560963397,-0.5632846105380349,0
2.3984627273297647,1.2056186431930824,2
0.35581501840367613,-1.5087528234795264,1
-0.5147030782651422,-1.5073372792371034,1
-1.219090194307261,0.09371534118553465,0
-1.5141221405872927,0.0863491752274177,0
1.0142619516697213,-2.057589133573721,1
1.9774228764670896,-1.2726159136140256,1
-0.9008821256046419,0.29613651764013005,0
-1.8023193648974407,0.8463955566530778,0
0.6465803830142695,-1.4603347278002003,1
-2.2605912179070704,0.5081315442706253,0
-1.9055041220403726,0.2372720420245013,0
4.0740759474818775,-0.1995362514542472,2
-1.8903268926100427,0.43571785818458353,0
0.8577151976209177,-0.56289407931445,1
-1.0608298055788359,-0.8657642423184069,0
-2.0057219278065412,-0.5087793106464348,0
-1.2577267529561065,0.7699453692879755,0
-1.8031579224118077,-1.3798492284661454,0
-1.3217061737909177,-1.1996244754831462,0
-1.7611037380078343,2.2231280645914233,4
1.3176292307775976,-1.0358165979893448,1
-1.5340268752130752,-1.2712971361338297,0
-1.2855728971909228,2.380270741795231,4
0.2986960607980238,0.8932775706294455,0
-1.6805202627125526,-1.0407443455846959,0
0.6104323972676299,1.0453355998081695,0
-0.36290587791331963,-2.1362675284241748,1
0.2842990213396775,-0.34932090731465687,1
1.4877964724241768,-0.004312492716644352,1
0.26630345173872305,-1.6309411707603818,1
0.43568482765358224,-1.144036372399322,1
-0.3733424712949872,0.5699693866245001,0
-0.2925172826061818,-2.1175606806735736,1
-0.7282374010674826,-0.3417159624273862,0
0.6436232347157637,-1.4942780818679127,1
-2.0370660043334254,-0.48075208740402603,0
-0.9215216955045372,-0.6211752375413246,0
-1.4705278014890932,-0.45547382644817175,0
-0.44278639597243585,3.573897886174855,4
-1.4431384068426987,4.807250774656668,4
1.8836799476608022,3.5541064864372824,4
-1.0832357655289178,-0.45048819339506435,0
-1.5404500270702808,-0.010155193947436487,0
-1.725845455105667,-0.013126802527974688,0
0.7915198273380514,-1.3406789662576972,1
-1.4258843340812588,-1.34743281405338,0
1.2720768838873708,-2.096772028567029,1
-1.988638240028,0.9888561608167202,0
3.1361245711778882,-0.30869613744832697,2
-1.5133778910327487,0.10125139878601941,0
8.208972927972997,-0.8823191168351644,2
0.46774418526322603,-1.4998552599023023,1
1.0457227643604194,-2.1831338972650625,1
-1.405940583566101,-0.5550141849548603,0
0.3981288944426867,1.3813237545789483,0
1.2530613101509915,-1.1250210588775575,1
1.4397850786854003,-0.08568552625945579,1
2.4238085042364115,-0.8559100964707469,2
-1.585818648210775,0.842482071175601,0
-1.471371876302854,3.0362970351044467,4
2.991496204164473,-1.2174020325640766,2
-1.0803358114116526,0.41408770249468063,0
-0.6273713829751625,0.49632897054194564,0
-2.4565342327518276,1.6195267928538537,0
11.036904603887397,5.561099626635323,3
0.07133313671905527,-0.11999871256560608,1
-0.8302133118954281,-1.7183186310632261,1
-1.3947968889406808,2.513334785797504,4
-0.17150804299770364,-1.916823441081955,1
-1.4539502513739713,-0.6759694480132713,0
-1.5346020286346365,-0.8990838891910765,0
-1.3673754786851617,-0.5363162535246704,0
-1.428660832851512,1.4848424298738927,0
1.7403935346882866,-1.5772169585817377,1
-1.792766810749006,2.2491151673675085,4
-0.5292591154339324,-1.0137807622196893,1
4.315559738202469,1.7594610571595688,2
-1.2284975834982765,-0.635999896375713,0
-1.239006938975984,-0.7680217413358869,0
4.571176311143229,-1.1688109363315005,2
-2.0383267956150246,1.6285189216680114,0
-2.1975541130713907,0.5492800565989129,0
-1.0837452937844783,-0.49427507072030746,0
-0.8641340345493939,2.8861055883350195,4
2.1393131160053653,-1.7753866363413315,1
-1.6037581367241054,2.470970230223395,4
-1.5405313271289658,-0.17674469045255123,0
-1.0742601537468761,-0.32551909101774423,0
0.2166221376795853,-1.4941734817396077,1
0.7562796118871675,-0.8940394770544646,1
-0.3453751830455012,-1.5070374294621534,1
0.564039965622565,-1.1502558035133938,1
0.28521404415953416,-0.515205522994007,1
-0.8870097692872045,4.526741311026938,4
-0.4228180418749376,-1.1769233635233234,1
-1.3061181727076345,0.1428281356916325,0
-0.2745679246301783,4.118691983874702,4
-1.8433783947139861,-0.31269059143368544,0
-0.41060625121724004,-1.8898478578698683,1
-1.9551772442404778,-1.3213020840863905,0
-0.4672433880102383,2.59201668656243,4
1.0968628009332506,-0.6560426745759566,1
-0.31899986497099214,-1.5833956012895132,1
0.41758918475438445,-1.8330838937935086,1
3.6314762656809476,0.14935578557488016,2
-1.3094101411472423,-1.25197448488435,0
-1.0122387468213665,-0.798122905923588,0
-1.2972028180820077,4.222779929053443,4
2.9160434448879817,0.8370974275555345,2
-0.9817675850380365,-0.7138088193992319,0
3.382030364716497,-0.5673603258087376,2
-0.10053564337077645,-1.9028275765362475,1
-1.5486383480622532,-0.13746914554754847,0
1.2965617123750584,-1.5693963454720654,1
-1.2880717925857255,-0.5708667196702744,0
1.1372807524180861,-1.4694926093143423,1
1.607096661239844,0.5472347255937257,2
0.1424820685442187,3.0325893081990105,4
-2.18358940658942,1.5980765269114268,0
-1.8587278820534165,-0.5520255304902963,0
3.6550790239593116,-0.9289476873294398,2
0.1901493116091632,-2.00214518274317,1
-2.052131870153568,-0.29110384160296776,0
-1.6487999862197562,0.27434265497028276,0
1.040546289781671,-1.947730372286402,1
-1.9899745030180611,-1.229631620850185,0
14.321913638088244,0.6211908342227767,3
1.5823696796420128,0.3501968668292273,2
2.57019235072909,0.2055435897082587,2
3.129107400655725,-1.222675152245529,2
-1.4865047132928093,0.4661316164544324,0
2.2993603945298875,0.4576878792826155,2
1.3503051418875671,-1.2194961136066362,1
0.6693337099173998,-0.8571975116298668,1
-0.21147569789514814,-0.8514980537344403,1
3.5462809216753337,-1.3211591041240238,2
-0.9666240613191841,-0.9771824667328619,0
-1.3572702448034588,-0.4907451548827793,0
-1.2095520987617043,-0.7832285898336645,0
-1.3450237473548907,1.7190700858559047,0
4.276965207568174,1.378862496761545,2
2.5050576434977767,-1.2298940631019093,2
-0.853376652654866,0.8679495454969468,0
6.749517315739061,0.41789410328771265,2
-0.06822101948501572,-1.7182949017363929,1
0.005457947626367594,3.3430131352281993,4
-1.7980003383626775,0.3726935251062425,0
-1.5828533367364095,-0.6032077988842715,0
-0.2736342520796951,-0.21773802568748082,1
-2.291208906442514,0.10277044515872948,0
-1.2949199820811705,-1.1664825100063996,0
-0.3797868150119495,0.6640966219268857,0
-1.9271986816360982,-1.1912699811804197,0
-1.6796598397858296,-1.0651268011678814,0
-0.2055658353770875,-0.7867044587531516,1
-1.2924937212667427,-1.1237381091936431,0
-1.0798924652090196,2.986381617777989,4
0.9063833107895096,0.8738652226018212,1
-1.8963458980571803,1.662927046586275,0
-0.39157477885430775,-1.0442295375431685,1
-1.4569162031735163,3.8344694977467633,4
0.04513419982630023,2.9276120480593137,4
-1.7624564155819418,0.5373186079176454,0
-1.37181961118064,-0.16697684866387427,0
-1.4324300657816786,-0.34281960584154636,0
-1.7492539864805132,-0.2857921856395728,0
-0.24119221411428254,0.8586304220368334,0
0.16643205479005924,-0.8335116939047824,1
1.029925485664904,-1.5893423200737689,1
-1.8307334036853773,-0.35944243417105093,0
4.201906816310464,-0.8086714721569976,2
-1.5560074763485747,-1.138803644600002,0
-0.9777203840868804,-0.12671635012314617,0
0.43885955505581864,-1.1256027962211235,1
-1.356472676093319,1.6447488469679745,0
-0.8398560766865162,-0.16493710533479713,0
-2.346453083833865,-0.7675198116294097,0
1.8157569412068273,0.7176209024341007,2
0.17619490553085898,-2.22278125307354,1
-0.6292900290987958,-1.6787338785135937,1
0.3396791950358333,-1.0473136827128564,1
-1.2649810096845602,1.0604609707490444,0
-1.7020237880717144,-1.1081828309382153,0
2.0000784643038187,-1.4218341573828819,1
0.26346430120861924,2.0458729439845,4
-0.7670565653468385,-1.705539272271144,1
0.07838731432312615,-1.3228924775770372,1
0.7466412962552208,-0.6467734054396805,1
-0.2976358345554628,-1.255862051367348,1
-0.988311934291044,-0.8134467136531343,0
-1.030657316027035,-0.5879461670620582,0
-1.666972998072502,-0.22076997616139526,0
1.7428746676084959,3.9876635770125377,4
1.3698264667260716,1.6618798280554388,4
0.823712959274172,0.8929328056442543,1
-1.8004538986826282,2.351168699411247,4
-0.6524896139668362,-0.5027827922188706,0
1.5796703383266995,-1.7711212520133786,1
0.5023933828476123,-1.8756066429869196,1
-0.711663003743529,-1.1482731257584113,1
2.5344986334680186,2.545449126415971,2
-1.5969025349374104,0.859265069083505,0
-0.5137619794509053,-2.2875234967963833,1
-1.8661232982544698,1.0581842857561699,0
1.6248177610126395,0.08203705781069572,2
-1.8395749179278993,0.31385845613631136,0
-1.8367547190142735,-0.3550127371651765,0
-1.049701699432795,2.8703946547317187,4
1.8285606928299911,-1.2246446846112566,1
-0.6395544472718672,-0.16629952092326458,0
0.36061459113751343,-0.9419485795764104,1
0.07057114121815611,-1.0331310002986749,1
0.3477911982912054,6.185682033743245,4
1.2825715857605502,-2.2711884512771467,1
1.1849343411870317,-0.017726925071075688,1
3.601688752966845,0.38523564538154015,2
-1.8012505950101003,0.1585610496535788,0
0.6572442301158906,-2.174743892871968,1
0.38837377191203704,-1.188658350538438,1
1.4455106703908358,-1.221540653904406,1
7.908021598841261,6.415272822219455,3
-1.8566534212297205,0.679007155098282,0
2.7887466228468125,-1.0629149084420397,2
1.4552294032621145,-1.1645031229811729,1
-1.1971420097823688,1.9578058001351129,4
0.5794763146654884,-2.35270446867198,1
3.287160504063738,4.351529919576685,4
1.0319186312753785,-0.4369433126690923,1
-1.5968402423686856,0.17344761178870075,0
-1.0088097486837435,0.09900549808635323,0
0.5919708227251205,-2.110616266881397,1
3.009462121936404,-0.7768259100236551,2
-0.9681033104334607,-0.5788327459183222,0
3.9535789144890834,0.5089976741991793,2
-1.5817803200753677,-0.6681430699579931,0
-1.8492054914511762,-1.12770629844892,0
0.6019741521456113,-0.14045670693668624,1
1.0203112859050105,-0.6838464872257662,1
0.053819831046504875,1.4908055551154331,0
-0.26300528168893716,-1.9979799399608027,1
1.152695703699482,2.8872769531480196,4
2.5140340461205803,-0.4306523804100952,2
-1.6188175512069047,0.2230731881589873,0
-1.0227866648954909,-0.24297471563268455,0
-2.0166011131479116,0.7937356370423924,0
-2.008428084047767,-1.2368153048523436,0
-1.8193262369288692,-0.28095262987461356,0
2.8360010316152575,-1.4737058475620197,2
-1.833319517572694,-0.36447622350976067,0
-2.0645990185231247,-1.3377348840668486,0
-0.18563538917522449,1.0861658305949136,0
-0.42547025925599746,-1.8166936803599485,1
-1.4458897287149228,-0.4416402972223625,0
3.26704213293753,-0.7355821548890431,2
-1.7589311186388388,0.4169543904314269,0
-0.6228583075823998,4.28463038083057,4
-1.8540341182487594,-0.3815133446069963,0
0.22631462650310494,3.0493751631379187,4
-0.7941117313680021,-0.3575622291557692,0
1.7427781181213085,0.12970069870354362,2
-1.0233445896043687,-1.403311804615923,1
-1.191329960466469,0.35723070646625316,0
-1.5898736957626791,-0.28961498636715427,0
-1.1434626840654867,5.964752101829037,4
-1.1860000686092629,-0.947014342343401,0
-0.8327788006534207,-0.691529260770607,0
1.9834931075948667,-1.1087575149211162,1
-1.7706279014518709,0.31817982930662536,0
0.49634331435625656,-1.249017679815421,1
-0.8776023579655532,0.8867443380695338,0
-0.26603654041389513,8.710937319621044,4
1.913168829869038,-1.6403863662649067,1
7.088538149594869,-1.281706580951231,2
-1.855815118887324,-0.042059630230999866,0
0.4629858327085849,-1.249210227281569,1
-1.2140507008881112,0.44033110551316673,0
0.34747861284746434,-0.9684593956420464,1
-0.8799630276395803,0.6462800071583886,0
1.0485347625419146,-0.8798629268140211,1
-1.2274652973636784,-0.20966631431695268,0
1.0497378090020029,-0.4030659234987572,1
4.001122918858341,7.820340909228059,4
-0.33448728737823774,0.18926018875898604,0
-1.4048262646030591,0.9388044157689331,0
2.7084766591538973,-1.0502816009989973,2
0.9138998987672086,-1.8393579458986067,1
-2.040355888043213,2.0990261090305635,0
-0.24117939604858085,0.25598347866474797,0
0.3139701355045149,1.3647132584101955,0
-0.8263692034169222,-0.7527571998623193,0
2.8385978836550816,-2.090848964046699,2
-0.8796233502012688,-0.7049109829392212,0
-0.013163727328431234,-1.947009816825372,1
-1.7072754313497929,0.3248043908443201,0
-0.3445459253873713,0.4386877341896821,0
0.14713166796092525,-1.6899870570087387,1
-1.8845814518146005,0.06663192932500511,0
-2.010455515933752,-0.04571455661858744,0
-0.8432005274225335,2.986457636829328,4
-2.1515538975378616,0.30529077487306233,0
4.962803070360977,-1.7418580597278115,2
4.681652588765193,-1.3726970790599957,2
-0.863877702001805,-0.36449281882169016,0
-1.8832800143333084,0.592125616844728,0
-0.6915353912689768,-1.0507531792898306,1
-2.172906300372364,3.173166743845767,4
4.531070639159993,2.962176652722108,2
0.8057933493505718,-1.6855481106413954,1
2.6409639266128973,-0.3843784528904279,2
0.44611259643120527,-0.441333946027961,1
1.2605306854315041,-0.3762951553180167,1
0.6448176877603282,-1.2615933591890793,1
-1.5913780094244945,-0.2312677150577342,0
-0.6705070646577546,-0.7196862005941398,0
0.37202755598580717,0.0724938335747328,1
-0.5508240827241171,-1.514589102959433,1
0.5374736756845113,-0.8752222574996358,1
0.8073841375639271,-2.1474088100551456,1
-0.955098545567825,2.224913814394738,4
0.5839070490334356,-1.7998858276045713,1
1.448388189667151,-0.3030435597094927,1
-1.4797769457029817,2.1855357141694833,4
0.4270754654093227,-1.100302635589839,1
-1.0847823475031868,1.5878682556499817,0
2.7025250963393863,-1.5577726225068196,2
1.7329684691463842,2.402948978585822,4
0.8139313408683106,-0.3221297832004251,1
-1.0438735106139698,-1.3871795380033098,1
-1.8635655582203707,-0.2291318548983087,0
-1.6507590987058545,3.0268283352164786,4
0.7116040180897131,-0.4775556627866873,1
-0.47300608534662003,-0.12448141018134197,0
1.3552708688864257,-0.4066690054497654,1
-1.1924699078767222,6.197641215636118,4
-0.0429021326338332,1.353927400592433,0
-1.1168810682744508,-1.103241812092436,0
-1.477980387237698,-0.14466301239224896,0
-1.269479791266339,1.0743666563851257,0
-1.5774050189224693,0.28307792710845914,0
0.26763096887377325,-1.6972948173440523,1
-1.74927203799665,0.3471326065771636,0
0.19407261364191639,-1.943632756715967,1
-2.1051719725862283,0.8723205273145309,0
-0.8896537973962076,-0.8315215407623058,0
-1.4578879671531408,-0.6452438103790495,0
3.7389869897448245,-1.1685305462180813,2
-0.5919409059710901,-0.2787577871520451,0
-0.5074020597023156,-2.2512254388266295,1
-1.1284520864997525,-0.048230043454187486,0
6.098315700945876,2.0246747736724084,2
-1.1885718502927316,2.9494395104322595,4
-0.19961679820542616,0.5863236097728084,0
3.978186110758628,0.24914605048709498,2
-1.3393146998147782,5.585857392321018,4
1.5533971627063516,-0.38708009651917596,1
-1.4551225578899696,-0.9085743303150287,0
0.2822958028460002,-1.8037312455650205,1
-1.921460395724396,0.5676394034108022,0
-0.11269497312472612,5.232267425560583,4
13.54133259782084,10.308043798183528,3
0.3915822559079259,-1.3218368903409892,1
3.8320123553648577,-1.0991185286440255,2
2.2435636374667287,-1.2056125625193561,2
1.1876683115566837,-0.6263455486337305,1
-1.638485839233093,0.8227594971948767,0
-1.4749438531933012,-1.2293079137951848,0
-0.005022609343209902,-1.6936532905800317,1
-0.3071775433264057,-0.1661744285801958,0
-1.3528373993447882,1.1481740715448638,0
-0.8826016452676398,-1.6283661098847448,1
-1.8310695985459429,0.23414948742057748,0
-1.0164644577373732,-0.9333420852099468,0
-1.8982301902015504,-0.621546456484163,0
-1.475743662601491,-0.9401617374480513,0
0.005056699128194828,-0.012824033406181348,1
2.525054725579055,0.5479973410277443,2
1.7772631596715773,0.055292152817679296,2
-1.6081695176561444,0.7532836898098825,0
0.20045383144680848,-1.403094357862432,1
1.9658061030893401,-0.03677543751015976,2
-0.046265944576472255,-1.639918881178854,1
-0.09368160296658576,-1.1063560068521847,1
-0.9057712547219952,-1.5786694948631557,1
-1.5590311145319316,-0.5246729683971936,0
9.107807219989548,1.2409676649206371,3
0.5770541718439451,-0.9952912223981043,1
7.619425071323982,-0.26215407154879405,2
-1.5247418932461412,-1.0235875061581547,0
-0.3343934870326717,-1.71197701535505,1
-2.089898775894773,-1.1919816695790306,0
0.7944788797397185,-0.6711488531437556,1
0.21626879174007632,-1.0693527914161511,1
-0.9686088713923239,-0.6318989550424846,0
-1.7974081457822895,-0.2610042492652144,0
1.4114121501024297,1.6171028126774207,2
-0.5808320398859981,-2.049800932800818,1
3.337731773520304,0.643296260545572,2
3.2760752708132483,-0.4739683441720451,2
0.13644552428380072,-0.40803182256481724,1
0.5032744575667805,0.09256599517241314,1
-1.2878089778996706,1.4501444243626347,0
1.7438527720705974,-1.054786153491605,1
0.7165870501473106,3.5794441373287755,4
0.593164440610863,1.6469319281170252,4
-1.394591520123322,0.6615328176592671,0
-0.6856579571040686,-2.104672536340461,1
-0.29393139068263274,5.447004925284506,4
-1.8541074757623077,-1.1266019642741885,0
-2.7225105986929066,1.1185141260595708,0
-0.45228702583806984,8.80659317548585,4
-1.7558771768560002,1.5166583256652488,0
0.5960963016293865,-1.0807854590999972,1
-1.429406156984733,0.6108073215651342,0
-0.812067135685346,2.263348196693568,4
-1.8237961147498694,1.387940496970764,0
-1.6943430281376402,0.9653402159289192,0
0.5190232513217038,-1.7770534694908278,1
1.4102606787196308,-1.1962439253919173,1
-0.8112334974803908,0.9316453185932919,0
3.280739449296281,-1.9025495290985963,2
0.10343026803931836,-0.26094827449981883,1
1.1951541937414123,-0.5996724428362223,1
-1.0719478137525393,-1.9347586859417976,1
-0.3513136817302103,3.4028438230477365,4
-1.3409115985891358,0.5646851103511508,0
1.9136933625255346,2.3277083414348994,4
-1.1304582573501947,5.423415167102983,4
-1.7848869203066835,-0.5408152170448489,0
2.463295172362926,1.6361481776542877,2
1.5293373504732337,4.595431025695981,4
2.5731614069561513,-1.2471254793728441,2
-1.5432738020783172,0.3845665649247117,0
2.5194240584612757,-1.0239844893937307,2
-1.3056432909879152,-0.7133262516687671,0
0.5812407888947781,-0.6947573991158867,1
-1.7342436033393498,-0.12911632046713498,0
-1.9533377906623102,-1.2410950486959609,0
0.7398541696489257,-2.0524131932925793,1
-1.2414198657959394,-0.37998425182912404,0
-1.9930686013693721,1.488106720708273,0
-0.48743867765403714,-1.5521793778254713,1
-1.00323952318177,3.649888652051983,4
2.790873772914026,4.424175731193045,4
-0.8560096818087222,-0.427603452570311,0
-2.1143705447544527,-0.1377411170088245,0
0.4175090323918311,-0.5589276366122882,1
-0.9634483656915656,3.33030180962575,4
-0.8685333909075676,-1.101391471584766,1
-1.7164902984117485,0.7220617599380388,0
-1.436518517320006,-0.011640255447096657,0
0.5404835193253379,-2.3636246817637283,1
-1.824863962360873,-0.2681757606951184,0
-0.43837525217052525,-1.129810448428078,1
-1.6502272069905781,2.3985524732728916,4
3.0432201364355485,-0.1840217931070303,2
-1.5240427893955915,-0.6313671771887448,0
-1.67291903801806,0.033615551789071406,0
1.1030010250733018,-1.6121246484291423,1
2.9689213943151875,-0.9663210419047235,2
-0.28876155678858806,-1.2989505302762665,1
0.06616112119455726,-1.8346692293383229,1
-1.2192741623687178,3.3167311601136586,4
3.820800886215244,0.16635814333454887,2
-1.0756416230272758,3.64407631587141,4
-1.3774475918409608,-1.851865504998885,1
-0.49171949958563277,-0.8481295128209903,1
-1.3733910180448234,1.1370899309639455,0
-1.76122162015608,-0.507061530486446,0
-0.8380437047580165,0.48962334638081956,0
0.6607855147970116,-2.0354428118963814,1
-1.3171229066691772,5.060049251549009,4
0.32387506518761877,-0.5856792591860042,1
-1.0214551567309929,-1.1292156734309764,0
-2.066400546783737,-1.3022369097946964,0
2.591308230429589,-1.7725817285253793,2
-0.821819391807242,-1.489595041829611,1
-0.5923635400593709,5.8071776037168465,4
0.6128590577658406,-1.4385500832599145,1
0.06360635701495336,-0.7941269085818281,1
-1.8746008857935517,-0.17820353546704334,0
0.8743922909419998,-1.0051348206951418,1
-1.7406219945569428,-0.6443316377756638,0
3.0159313306777644,2.041807835475774,2
3.1931191880265075,-1.1385152714157174,2
-0.9766316980457115,5.5519437571232055,4
0.22546082370290513,-1.3102804404356936,1
-1.7083110466067677,2.167708154925519,4
1.8089804664469065,-1.6328726439948476,1
-1.1138597754910853,-0.6397342607862946,0
2.563588051982424,-1.3536471990329872,2
-1.3566680277418977,2.690698966492502,4
-1.807366026735668,-0.17809662138305746,0
1.447705382367063,-1.9988034469783171,1
-2.5169007420011122,-0.6303871048786921,0
-1.3478276321577758,0.37027871017518366,0
1.411102963457242,1.2480525350305658,2
1.48495034631653,-1.376606923419465,1
-0.9482703245275695,-0.08989516321522166,0
-1.7865354497006019,0.7779142755322377,0
0.5232708276459924,-0.9703604110538222,1
-1.77323019535964,1.1739643995966775,0
1.192870436666681,-0.8782740406959488,1
-0.6220763140314877,4.967971309999577,4
0.8091951532448208,-2.1632358797523947,1
-1.6279722287679321,1.9609918741443626,0
2.788957425513432,-0.8894792996999016,2
-0.05944546751471293,-1.2536191947302162,1
-1.1237674257851242,0.479686719312994,0
-1.3146332029097592,0.8470982757578183,0
-0.15804159207255802,0.19681198890034196,0
0.7993524571288929,-1.5350463699763615,1
-0.8147118988579375,-1.7860720195545374,1
6.0202420427569034,4.794705964280457,2
-0.8407290285314879,-0.7991983286570602,0
0.019342231013783157,-1.4648649142452843,1
-1.2449740231192818,-0.30912774730624637,0
1.2267123436778915,-0.2797227165296639,1
-0.1826482931883598,-0.3400211914019029,1
0.7504859144864461,-1.3484121009639025,1
-2.0327489885268544,1.265025260889537,0
-0.5856192167942161,0.37329678780344994,0
0.8679464276496116,-1.181166311811904,1
-0.3180695469828486,0.24354270058764552,0
-0.4385268431270719,-0.968541104730114,1
0.8372893797954022,-1.7452414165023318,1
-1.4989838671276678,-0.9636715591305025,0
-1.6977927007929798,-0.4408316311275759,0
0.3112667849181043,-2.374989474635906,1
-1.6209307320753852,1.363243676198356,0
-1.7484736489385873,0.32736178017377837,0
-1.7585216431300683,1.6041559952917421,0
-0.005854749470413548,-0.5338821525147536,1
-1.7927221943070375,1.0552848419003698,0
-1.6291649223104325,-1.9839879431661294,0
-1.8397757212661596,-0.39738689124128,0
-1.7643908482450972,-0.5751259054498322,0
0.33361959000185537,-1.0011858322449905,1
0.12770346451024212,-1.1481056428784617,1
-1.741884670307934,-0.2112536447488411,0
-1.0408959848094206,-1.24118063983819,0
1.0271405712021375,-1.0254698302070777,1
-1.9927216572138997,-1.2849016220088751,0
-0.8719636944705339,-1.3193207847370414,1
-0.6125386215991449,-1.1128283918609128,1
-0.07235880165624686,1.640812100293513,4
-1.938493510311517,0.1967637871638557,0
-1.9926460757003597,-0.05390976420705893,0
1.4013833768516468,-1.2323788739999886,1
-1.597532299259256,0.6618654309712949,0
-1.164731522036615,-1.8520933258213732,1
1.9868057972101318,0.6089917772531676,2
4.009027886412145,-0.8232876855194469,2
2.4422550175024704,5.78255488640911,4
7.355628285752796,-0.500802347599798,2
0.6949440264508504,1.2241782307047988,0
-0.3993867033019291,-0.2917568815149846,0
4.361712088376332,-0.4223292858212246,2
-1.3800352652170893,-0.6657124246319651,0
-1.361904629232814,2.6401924010072553,4
-1.0121088793257247,4.245161614086643,4
0.1846507665737414,-0.66616759407915,1
-0.6661316556897127,4.37952761074299,4
-0.661826851091546,-1.7248246384832167,1
-1.061375605803558,0.29427320561787973,0
0.0003310554673076476,7.018053521501589,4
0.3108900529761423,1.378823242624658,0
0.29044321057691724,1.9268959873584282,4
-2.317036378761679,-0.07370470403363899,0
-1.39935581985803,4.621549849822248,4
0.9625439871944098,0.6981374765716201,1
0.6294027377197271,-1.0859350652319535,1
-0.20271143381528556,-2.162564501519463,1
-0.9264980571247643,-1.050202304480191,0
1.042537817417713,-0.9958644053695378,1
-0.962322256840974,1.5047532941959423,0
-0.8409715441336882,-1.2335564468410491,1
-0.031426728023425346,-1.6035608511917465,1
0.3317293529289816,-1.363632072419056,1
-0.3767651240625058,-0.8586487174488948,1
-1.8627601366366586,0.10030691312245808,0
1.0591115558191075,-0.7625507858700804,1
-1.321430747403398,2.494864991394489,4
-1.2703535638986818,0.5241013953949201,0
-1.342187267060905,1.713855340282276,0
-1.7041365550287786,0.9084477802030257,0
0.3140167492165326,-1.75232848015034,1
-0.739235687868887,-1.1013001202406985,1
-1.7504854862315133,1.9220683548377098,0
2.32507425866875,3.955840683605792,4
-1.722862699368273,2.0381302833190453,0
-1.0195297103409224,-0.9015342135299399,0
-1.245860165061863,1.5292562082805037,0
-1.7549713554901303,-1.5269414640860266,0
2.314377382848984,2.657849326076897,4
-1.416352364938959,0.5405278353608024,0
0.5043186835561051,-1.3944242918728675,1
-2.0492355337367876,0.7804912949277258,0
1.2895070058054265,3.4518703291318733,4
-0.783897127624902,7.114206419243495,4
-1.2713858683692458,-0.37163511079966816,0
5.036264519412302,-0.2979118362391684,2
-1.6203271475605485,0.1594943304060602,0
1.8907670847520963,-0.8910542618390959,1
2.0840839263261177,-0.8811264510608096,2
3.2388854059159944,0.006721988861147114,2
-1.329588363279453,-1.02833753323494,0
-0.25092428849842646,-1.699082424507986,1
2.4286452843665307,-1.0283609309650847,2
-0.8093681989856133,-0.9129786619862098,0
-1.9752023290392886,0.01611335555967815,0
-0.6339810929105522,-1.4490091618784628,1
-1.8466753146612127,-0.34452413370835067,0
2.0338341332101786,-1.0141571499862985,2
-1.7221724064832489,-0.06142867726373582,0
0.1982188620928045,0.2919186894965845,1
-1.8350185315930228,-0.3564142397421135,0
-0.022629199714814516,1.33163831805796,0
2.775243407115548,-2.2506882783013897,2
0.6251507620952936,-1.326656057009711,1
-0.39497833755296186,0.676897922437121,0
-1.7900352564760107,0.13312905398622812,0
-1.4228416599984355,-1.5661089177489338,0
-1.706649120018919,-0.11776112288544523,0
-0.6614559095973631,-0.8223761577621179,1
-2.073070802827287,-0.11620083851264365,0
-1.0201562148536951,-1.906509419476201,1
-1.9560946326657476,0.41389777745146317,0
-0.41261093176734737,-0.887000385954833,1
6.989810494879105,2.2599193379294604,2
-1.3678554636946583,-0.9420736580119067,0
-1.205070979208601,-1.0665267301947177,0
0.30466942252606066,-2.23446883230626,1
-1.6243526934958652,0.21621682861090236,0
-1.1210884970087749,-0.6569357711475693,0
2.5691612108005666,1.278174011931581,2
-1.6893450389019182,-0.8565435639443006,0
1.0989107356610877,-1.3120325991559307,1
-0.6982586642488284,0.44280423076850484,0
-1.8179340218245448,-1.0321508734612896,0
-0.1909129325809946,-0.9667985296816901,1
-0.8848720734420609,4.36962916759078,4
2.4400239124784258,2.2396143457174267,2
-1.5416727350077113,-0.4558095466185757,0
-0.7499825955460522,-1.099087222384601,1
-2.7733584078067137,1.526207218457041,0
-1.0973317915406173,-0.8264632875629976,0
0.5900282209170166,-1.4919305613908918,1
-1.8632732702403336,1.873360040195261,0
-0.7140802893584276,-1.4112550598941682,1
-1.6665703652006945,-0.4352984942344362,0
-1.9866908958694323,-1.3154707550757982,0
-1.373715959829762,1.1162427180729624,0
1.0816945337972241,-1.3432203898077608,1
-1.8289035781914316,-1.1107770533935521,0
-0.39129667410741786,-0.974438005416663,1
-2.2180999928686016,-0.4187384708204714,0
-1.584875575815415,2.040001035082138,4
0.577660964164893,-1.1637994954722843,1
-1.8833064972416453,0.921212267303747,0
0.8896178280163771,-0.7054299371768522,1
-0.9107717206313631,-0.6931991609734713,0
0.2804444605013062,-1.2190111704949038,1
-1.7679574142010477,0.1123596580662757,0
-0.7565224883600115,-0.6849263028618913,0
1.8522113314226238,-0.9975362508330361,1
-0.7888493876982103,-1.0349842443668886,1
0.6378448748305505,0.36075078151362805,1
0.36658464653602896,0.9910628025921828,0
0.4729872868171493,-1.375388968654931,1
-0.31358321670239037,-0.5615057228907493,1
4.402981558524547,0.22402077046420987,2
-0.6615737749546599,1.9478178732417049,4
4.019798376884093,-1.7894344424237691,2
0.8630034005937063,-1.28568408969197,1
9.748919613547384,-0.28571267265147093,3
-1.6335417613635566,-0.8390222354550122,0
0.12539397815313202,-1.5432307791983304,1
-1.656936099666297,0.350675782759163,0
-0.5951991186811337,-1.842783706031549,1
-1.933336470304549,1.0322981938208708,0
-1.051065734507296,3.279558680214131,4
-2.5007919127029026,-0.24968391447800328,0
-1.9203457957324335,0.2782843741205305,0
-0.8354363949761995,-1.5898007524315056,1
-0.37392551292232235,-0.4864039336336949,1
1.336977837237572,-0.8625128410929456,1
0.7721623909342437,-1.677137823720019,1
-0.6799238739474839,-1.2494634979541221,1
0.41917814250712815,-1.9171327242471425,1
2.228993093762669,-0.9043896774559277,2
-2.174685306442847,4.262534553313534,4
-1.474112509546366,-1.2870816393893054,0
-0.34507655081053434,-1.012481284868607,1
1.6948351153324364,-1.0677840141107118,1
-1.636887593062333,-0.6928225606763762,0
-1.3319471061046728,1.0845826283568207,0
-1.0734074359299035,1.0075490916806287,0
0.1426094606543663,-1.9574508799602437,1
-1.2400759891232018,-1.0190466810144863,0
-0.9837337790337082,-1.5792454227502102,1
0.998251215929361,1.4680437310737156,4
-0.02609362836265903,-1.5596156486654151,1
0.250857231583767,-0.9980845077030001,1
0.011529887429394755,-1.4996434877525127,1
0.8219597929006234,-1.0373344086373497,1
-0.27022204444238235,-0.9818082520783836,1
2.5771170835266806,0.5451137967412717,2
-1.4595113955500234,0.7887908603118483,0
-1.2507817924873381,-0.4386372508238083,0
1.091726383085654,-1.0927661678758878,1
-1.0673100378326028,-1.1950741106398106,0
1.0645062374413308,-1.0079076440032089,1
1.6235203840154449,-1.2144344500338224,1
0.7183150721505289,-1.8382937627557208,1
-0.4549638629593383,2.662968412722074,4
-0.5034356059874446,-1.0798235420879305,1
-2.0295201172691306,-1.5439803687863427,0
-1.426996084194699,0.9386382094022898,0
-1.2914395250569768,-0.8479581408284937,0
-0.03815666773195935,-1.4638397264228378,1
0.9948667110802156,-0.3909146820693321,1
-1.5114745881724598,3.842391618459903,4
-1.881290682946523,-1.3129499807679226,0
4.626792752481728,-0.2750250649189217,2
-1.7448926853811046,0.7446290098350085,0
1.0353598535673294,-0.5752111143751497,1
1.1106203890117416,-0.47161865519375296,1
-1.039355256142437,-1.5769190086344573,1
-1.001854733074891,-0.6625781457127725,0
0.23198054934501985,-1.656718874155339,1
-1.7598301254020057,-1.0191133766725315,0
-0.8662759663971015,-1.9464395609820504,1
0.19220942774341607,-1.9407660645877363,1
-0.24406227847159123,-1.2315011094224166,1
-0.9584039666607591,-1.0755285663204268,0
2.358790255023757,-0.8015244964838235,2
-0.7050481959699942,-1.9050590972019432,1
0.2697300601591438,-0.8143768308443153,1
-0.8736859983483899,-2.1216029325040267,1
-1.2741093276082924,1.9578368893381015,4
0.3692672970085258,-1.542452064092798,1
1.1118236120021165,-1.8614331500296044,1
-1.3224518702374795,2.623159525198704,4
-0.6352368911185672,-0.9550675561035745,1
2.5002708127305833,-1.6613888735721793,2
1.787472578050794,-1.360810965943952,1
-1.8290707040223997,0.5142884997617064,0
0.7716912436009502,-1.3837833678382236,1
3.702431145329243,-1.113108019038955,2
4.223481822337975,3.198093666093863,2
1.7454694257090009,-1.2241689156513356,1
0.10557325135144595,3.5282601882008424,4
-1.2463038296170836,0.8733566929641149,0
-1.653867597545508,0.29812391325191645,0
-0.9341278812175754,0.04521432742118364,0
5.358515008284273,0.004657675387692341,2
-1.4865452532097123,0.15175320077748017,0
2.294592692224016,-1.645083597800288,2
-1.5591414628905016,0.3610508566805185,0
-0.9286518531628088,-0.7871294755648116,0
-2.277758192903102,0.5119133717168085,0
1.7394245456978281,-0.8868865435410529,1
-2.237108926643261,-0.6364325822302934,0
3.3203111513361416,1.6502426140809763,2
1.7604950575319476,0.2337189833006496,2
1.7771760217038357,1.4077635040945589,2
-1.4863449184812707,0.015613466073530712,0
-1.5098105311759167,0.7473514184984065,0
-0.0008272548796178919,-1.7802986037535413,1
1.3090115712594583,-1.8749504823731014,1
-1.753936389793622,-0.25355002098804963,0
0.5048792414889679,0.4160677612296277,1
-1.5321698448096222,-0.6843887175081499,0
-0.798016576384839,-1.5113277240263887,1
-1.3101777463814708,-0.8474309162755989,0
-1.7550090782646615,-0.9744254216691695,0
-1.8033004310831318,-1.3402957118159586,0
-1.5023011723861788,-0.7972448004612858,0
-1.0519502676366745,2.625287789291797,4
-0.19189341859264838,0.06145232950952591,0
-1.735841385015558,0.454457176548802,0
-0.6545910070107176,-2.242520540394913,1
-1.6470425090820229,-1.0898779456471377,0
-0.21105796285870843,-1.4178610430924579,1
-0.4732354405951119,-0.4667290421908971,0
-2.437454647364563,-0.8717332640761661,0
-1.7239087380270772,0.7560538504676159,0
-1.8259743765694296,1.0728429083746311,0
-1.6040281829611005,-0.9371133820509371,0
-0.3283410091942771,2.8238474168415593,4
-0.3366981460647669,-1.0612759840940282,1
-0.42181315924971985,0.4330725544866927,0
-1.7160700058001421,2.462768026741124,4
-1.7836981008117827,-0.3060952598099163,0
4.2639379056925755,-1.7392684944185115,2
-0.05854590135870814,-1.7550722771135592,1
-2.162073584530642,2.0064958045157937,0
-2.1044500680852782,1.9483909153110732,0
-1.7625196514054031,-0.6567807368488763,0
-1.9157478852234446,0.520345320735017,0
-1.4853917148067564,-0.7830936113500795,0
-2.1454691696694317,-0.44927270828803084,0
-0.16860822586137372,-1.865199398134487,1
4.716532784296288,-1.0151129967475678,2
1.002324452691219,2.018517246052592,4
-0.027436069008372276,0.4900515914678068,0
-1.8377629087032874,4.543929828716212,4
-2.0630321154257314,-1.3303399531479205,0
0.4423476635688177,-1.9989547470217657,1
4.289304825588166,-1.6123965220990055,2
-1.4971194591802222,2.6542234139894294,4
-0.8996877730493387,-2.015975300048304,1
-2.274923134993245,-0.4437947062162361,0
-0.4579051690219761,-1.1508177021152841,1
-0.5013796595263642,-1.6445994970294966,1
-1.7456036682595348,-0.9508190725599073,0
-1.4623402940641688,2.4430397281306684,4
-1.9006670384506206,-0.5096257870596818,0
-1.5008763929323705,-1.3233554555741502,0
-0.0016127325642112738,0.5176601166091721,0
-0.29326563075867584,0.2611236982857361,0
-1.2333281281367334,4.481101608307797,4
-1.1257424725304952,-0.6004609096985661,0
2.3322651765274887,-0.7286135808837944,2
0.1589826814778787,-1.8199948392818461,1
5.6219805414990205,-0.06690582524185078,2
0.6244689290791189,1.2749373336806884,0
0.4322689584939846,-1.1073379647949122,1
2.959738867163605,-1.647927941913321,2
-2.2950806226099916,-0.7698384690779657,0
-0.18107039804910063,-0.3204105705542748,1
-1.9064057124541376,-0.4626042262526425,0
-1.978986333173573,-1.2432342662656697,0
-1.8242092129121354,1.2064157059091447,0
0.307401735904111,-1.5878805827903526,1
-1.142891459050547,2.215621980871531,4
0.7178265150050903,0.608130660362048,1
0.2214584685379077,-1.8491087022809036,1
-1.5045715987088435,0.7350891974249163,0
-0.6706638625099752,6.39470002634995,4
0.31755199977075277,0.3038416767470897,1
-0.07894688353899518,-0.9569338305376034,1
1.4120706826230884,1.4661487315417054,2
0.1472974517225334,-0.43540198219033716,1
0.8234947598029942,-1.1005159544851553,1
4.026593876562466,-0.7083964531752638,2
-1.7126828141877737,-1.1759284504544314,0
-0.22887777236268764,0.09707303054090104,0
-0.7879318575800929,3.604493925316517,4
1.194471611486543,1.8005285553542703,4
-0.16840387675189458,-0.49294693182442945,1
-1.7596216089752221,-1.458366257199925,0
0.40556662998865745,-1.9869236734532658,1
-0.23454112795084076,-1.5312507143457663,1
3.2656546479040784,0.8341542871684285,2
-1.4543435052352638,1.2158183261088287,0
-1.1872878800663953,-0.9081145058311243,0
0.6718644839994442,-0.5019101134956381,1
1.1587862584614943,0.005599036852588117,1
-1.8057376483299195,-0.3384756399798991,0
2.080534223724176,0.22099897692923304,2
-0.8696679275598889,1.0131269841131711,0
6.9386626112876835,2.283052904115194,2
-1.2511316782091326,1.1185405502707129,0
1.0317470659352923,-1.4559235384413012,1
-0.623844869110519,-2.18293873916253,1
1.5674021543580337,0.8521537796825653,2
2.745383299115152,2.3493527262186564,2
-1.7565929390192663,-1.2182217409210758,0
-1.9424479531106071,0.0938439259156327,0
-0.13654073009489753,0.20473913878351577,0
2.9262059591232865,-1.0636878104451806,2
2.2941125956602595,-0.1788353671022879,2
-1.8512846005896242,-1.172177419782163,0
-1.4184159281401196,-0.9016548605483548,0
-0.6094058819092404,1.2802957889474804,0
-1.6060652691699864,2.367246569908352,4
-1.0420103930008715,1.5239522080402517,0
-0.8465914076818392,-1.6415462118173152,1
-1.9135427211873532,1.3838881835022667,0
-1.29310697490432,0.6504470287618006,0
0.918093621355714,-2.1289674899249484,1
-0.6115853968610225,2.244944008302857,4
4.827910372049569,-1.59210053632837,2
-1.743834305232614,-0.1991494859964782,0
-1.3500488013601923,-0.825351002360941,0
-0.004034483736777776,1.405531033071868,0
0.1328751531216801,-0.4300874605357065,1
2.0395531488642082,-1.1676987184534942,2
-1.6890605591286643,1.925838669007666,0
2.215709693441969,-0.6923618308077764,2
-1.859490345377671,0.1457503441751631,0
10.530942570873469,-0.520382139362626,3
0.9130275520683545,-2.028208285163897,1
0.600968539525413,-0.7403128202323674,1
2.473234993720505,-1.6771573938551072,2
-1.585782537816588,1.9128410780238216,0
-1.2249842326716867,2.2025646586069283,4
6.680247457416899,0.8094890980457956,2
-0.2450851283953331,-2.3278786271624954,1
0.2812090280328058,-1.6947777889786682,1
-1.7700960720635097,0.4179475326386518,0
0.4065401176599016,-1.6022268838474731,1
-0.2920479631749807,4.143782728247649,4
-0.9642367733588572,-1.6433053389687617,1
-1.2607837761736007,4.721873108069983,4
-1.8702212213609049,0.26537422505268676,0
0.3289213142653,-1.6453666284782416,1
1.3647982584529774,-2.314068327904757,1
1.6002476897873017,-1.944917752750166,1
-1.7415861266899768,0.055290261268730566,0
-1.1494478230440452,-1.8155113889918715,1
-1.5435223741326307,3.498122280538818,4
-1.5188153182010493,2.064124615689387,4
0.45588751440552716,-1.51647274542705,1
-0.08975327612598569,-0.7459182589355786,1
-0.4257813777736458,-1.3180534239821164,1
-1.6066145973760528,-0.8778973312651797,0
0.4806013388521657,-1.7626188026081642,1
1.4314817961041661,-0.24630109734506553,1
0.3862637290739646,-1.7787559865504443,1
-1.2632850564919604,-0.610039355944946,0
2.8778130632705596,-1.8406798528063109,2
-1.506008058018755,2.645053584682863,4
1.097184160652734,-1.9865231916023114,1
-0.49642090088619784,-1.895931754690768,1
-2.0130511482361517,-1.1887803556259022,0
-1.6112959078066775,2.228395763821898,4
-0.1309538462774144,-0.7598890133347485,1
-1.8039555370762612,-0.11191555577770333,0
7.740606698397978,-0.3449883877308692,2
0.7347463667854766,-0.5428204850452351,1
1.8692299019491914,1.1743706561974119,2
3.9980961813130005,-0.6889518513284424,2
-0.4555110592204802,-0.6471482615605146,1
1.905684042210648,-1.490092087829171,1
-1.9569242818946597,0.766742348459371,0
0.8019564332080018,-1.568906718108045,1
2.86887021255274,-0.15617574292563005,2
0.6023543788040551,-1.3681274551722133,1
-2.1680624435228815,-0.5828651751027405,0
-1.5827325051302008,0.8440236609958806,0
0.1284802407641702,-1.1417020629902437,1
-1.511472771555472,-0.7234094903960724,0
-2.047371781997795,-1.306113866614567,0
-0.6128105972647377,4.141712870814946,4
-1.9297387120238851,0.2031335493961602,0
-1.6378595828572975,-1.498622309544732,0
-0.9173291663132233,-0.3914689042563072,0
0.3160105657823974,-0.43047755153677375,1
0.20958750744613538,1.2203982225237422,0
-1.7618276423562056,-0.40780972221612083,0
0.10967132993340238,-1.1620594942193965,1
-0.8476466945052196,-0.8823476885591931,0
1.646649386278238,-2.0570813767061504,1
4.003377005170548,2.233966569942824,2
-1.477757875794522,-0.7739396837963396,0
-1.6657606988869553,-1.0273275414166583,0
-1.6173995184162486,-1.2463095243411604,0
-0.5712474733362057,-0.9320287467752714,1
-0.39049291327262386,6.648878931156231,4
-2.0265779493600644,-1.2970077103215858,0
0.8258882951910733,0.807821487635437,1
-0.9341313755496957,-1.2979244441943005,1
1.6129725172615206,-0.7394727672987389,1
-1.6109067420732244,0.6209352723755818,0
-1.682666263274625,-0.8254791169699708,0
-1.5723607876355525,1.9736895336803135,0
-1.822037525537154,0.022322421730919483,0
-1.719682367259823,-0.9368065762953746,0
-1.8162157773612118,0.1573014610906895,0
0.3840063496677768,-1.9962438854680926,1
1.835290195659901,-1.5919841193120068,1
3.3059455325187623,-0.37446635762294395,2
-0.12306186384605997,-0.6833576132808696,1
-0.8073802814923451,-1.6366709231441987,1
-0.9391267472760615,3.555815946628323,4
0.7541961830511749,-2.042939089857544,1
-1.5970424691806182,5.125440001934259,4
2.911277246011812,-0.3804910197237471,2
4.439700594496571,-1.3568183145429287,2
2.2183817076013774,-0.9958563842298672,2
-1.5765950670721072,-1.5240094426878836,0
-0.7528901059019545,7.000146974335531,4
-0.7991316737484968,2.235549531083636,4
-1.4153932918643848,0.8331488270810768,0
-0.11404069453157004,-0.6800543844183252,1
0.2948655727899246,-1.2887111203614283,1
-1.4697291678462554,1.1955814274574907,0
-1.7995665289587222,-0.2668977311318978,0
-1.692816926501327,0.713801487676419,0
-1.0628073749489366,-1.05634238591116,0
0.6078878289736606,-1.3857587478234843,1
0.5993404391284356,-1.8185963917566896,1
-1.170883026812464,-0.9715346471152363,0
-1.1167986626025126,-0.43767623699690844,0
-2.1611210985481972,-0.33045580958786025,0
6.628890378442573,-1.371287457723095,2
-1.6825575952468135,3.4780198402854867,4
-1.465582740847946,0.6162621429469232,0
6.956352745806091,-0.9523711025740802,2
-0.5629790075053476,-1.641198933733679,1
-2.133424864098136,0.6626879545178188,0
1.1066609599653716,-1.6926599768166304,1
-0.4266757301871478,-1.809180660861068,1
-1.7287861536423348,0.16342532826772396,0
-1.9568700557301104,-0.5318293466621956,0
-1.5445197606590595,1.5655767825286595,0
0.17190292393993653,-2.030148244735775,1
-0.010300451679617177,-0.5546106896520587,1
-2.5683168819938014,2.3881817162317893,4
1.0805928583038267,-0.9891448627710446,1
4.517817124947355,-0.9654180260526457,2
-1.0795880713978532,0.05045245334978914,0
-1.8401908725311469,-0.7756582573089398,0
-1.9697756409713236,5.941737915987669,4
-1.8915549379072223,0.289030441709515,0
-0.9084836917149178,-1.6306421217358609,1
0.5349828369719399,-1.693362830879201,1
2.451166639130306,-1.7139889354971687,2
1.0742504938046273,0.5927322682315604,1
0.31405710602593456,0.8296435507506943,0
-1.6204812702387457,4.204382860075047,4
-0.4299168242872488,-1.9285438785670606,1
-2.274529629139692,-0.968050562024267,0
-1.2803015313715984,1.3473523879561895,0
-0.8769049320529865,0.6858875340768424,0
-0.39621520236312324,-1.1694591915762573,1
-1.814528070787081,0.3863735751512738,0
0.06157941930300324,-0.6942088006785708,1
-0.04870259747282641,-0.6628938569065229,1
-0.506732648296996,-1.2911294195122098,1
-1.420583250236689,0.08054160295177235,0
2.5808744052705563,-1.7960780368357414,2
0.303702066658506,-1.89274259888801,1
-1.9589376213182574,0.9205454091037706,0
-2.506893849648697,-0.19484492148068347,0
-0.799637582775375,0.9484854062720288,0
3.3964995439318137,-0.86827355272649,2
-0.5034427294972298,0.04435716453599025,0
-0.021470101432271252,-0.8309201578193487,1
2.7147004783457165,0.6424381431329859,2
-0.10940117047998699,3.484565064810138,4
1.1006878775092797,-1.6811175221029688,1
1.020174272292978,-1.968616049560183,1
-0.8897523820742882,1.6229099343275515,0
1.7209797310558228,-2.0711744320368095,1
-2.643473938091085,-0.7331583597203888,0
-1.2324959417315535,1.752693214767249,0
-0.21189103851254756,-0.8852294127128855,1
0.14323042417743637,-1.9378977033011935,1
-0.012702407507388838,-0.8049894511012395,1
3.1972886967835006,2.602979864966416,2
-1.725652868481908,-0.3057413643571925,0
-2.2051952930532344,-1.2665648030826329,0
-1.878050346595823,0.7385938738326625,0
5.930994941827582,-1.275527575199568,2
-0.05228095052859688,-0.3480964538898329,1
-1.6288768506507418,2.420915585988314,4
-0.529681162431363,-0.7516030374336443,1
-1.0466292766930418,0.417292103399021,0
3.1855070384857846,1.7156943015569814,2
4.4413257253465215,-1.253197838951262,2
-1.929812855396284,-1.3062265046640191,0
-1.7920010215700974,1.6492578857246576,0
4.142938484748415,-0.3903875525958862,2
1.123029707151433,-1.3574434377334623,1
-0.5662997478378277,-0.9692234687366537,1
-1.490475627501109,-0.8755167231955002,0
-1.201430453345075,1.94313277216914,4
2.078901683216004,0.8410495751820418,2
-0.9340726830846593,-0.7224348488043248,0
-1.2820381789860826,-1.1927276516330219,0
2.282300433081096,-0.25390514324146457,2
-1.0799855905958635,-1.3428547569180482,1
0.292904346002051,-1.8616478173848663,1
-1.8804951660894385,0.7793864996173838,0
0.950080147168691,-0.32416430158600623,1
-0.8068891806048508,-0.4690357327776347,0
-0.5921200000893042,-0.4667215241761756,0
0.1270729895807738,-2.066096512577064,1
-1.676382683751421,0.3875426768046278,0
1.1462970471674996,0.7837303545314568,1
0.5981151835115182,-1.2526868935697517,1
4.797758886553825,-1.3675127022698672,2
-1.6606274211476457,0.1939111287424585,0
-0.5669028156604479,-1.2505512622413497,1
-1.3722487438540236,3.732098774912908,4
-0.47834378192952387,-1.6741732431059446,1
-1.7018467891196076,-0.10067245890549172,0
-1.021488042746477,-0.25241799070259185,0
-0.8948201518953286,0.11407646634505116,0
-0.8255420116433406,-0.8403987528016241,0
1.854703276945393,-1.5952683652652824,1
0.23492619176146007,-2.447727718749425,1
1.7822094531276502,-1.9209903708528473,1
-1.7763054583722075,-0.15120263007787094,0
-2.10920254752947,-0.6295812675870568,0
-0.800389479892549,0.23482103416198094,0
3.708119954420129,6.676557895994324,4
1.2398104149650144,-1.396968772507365,1
-1.802397328050265,0.24528704627255254,0
-0.03708082125483634,-1.95783252717409,1
-1.3314138219938956,-0.5005264519060606,0
13.890275702829035,1.5923888253627358,3
-1.1691173243558226,0.41207124317467575,0
0.6383608660769141,-1.4885592876508544,1
-0.3962735707412928,-0.9603326089614337,1
3.346752822506317,-0.7300498706587555,2
-1.9537308526029629,-0.4096093801734169,0
-2.1237091421649184,1.3544652935419155,0
1.7554415140489932,-1.5474764792280116,1
2.3020210039305344,-0.6391040834281866,2
-1.778585454743056,0.12744199161622677,0
-1.6634507227778692,0.9266180780824764,0
-1.756810509868983,2.268678233315058,4
0.054845959709649464,-0.21885187861735275,1
1.8754411711770664,-0.8696922404984554,1
-1.6892558346565842,2.003206996111644,0
2.0384935556409975,-1.8223904290500414,1
4.08996744562591,-0.7531320422781379,2
-0.7663168765312187,-0.3483751044449919,0
0.20669049497745534,-1.444620401779138,1
-0.3785572842224274,-1.469295836622983,1
3.9434050047218356,-0.858563944703079,2
2.135548250031449,6.2410706193145185,4
-1.166024737818396,3.450081260999957,4
-0.4037100822225562,-0.3805233099435514,0
-1.733379198584158,-0.19726141042629244,0
-1.865270427230302,0.5738049992282779,0
1.9430421630510382,-1.9368230358971048,1
-1.139510627284614,12.122515146347796,4
-0.06619089305265251,-1.828056892375972,1
0.20476279104458903,0.2800358176091674,1
0.6938126407312953,-0.6330826611996356,1
-0.4493129769621829,-1.9998276361712877,1
-2.0642727228765407,-1.3271972970668708,0
-1.8937090012813274,-0.32205253324590816,0
1.1945252808290077,-1.30528245139512,1
-1.4197331048171624,4.133965122104314,4
-0.7289414250131919,2.5627466616817074,4
-1.8305768162491651,0.13434878624833937,0
2.4548240324838644,2.4841243660058154,2
1.0150734432367154,-1.5323781453842367,1
-1.9364243577620828,0.36462631870666407,0
-0.6048712567586927,-0.4610155805235177,0
-0.413223737939326,-1.7768955655188396,1
1.1117038529994752,-1.8202734893853894,1
0.2014664455367248,-1.5575669431852321,1
-1.092258579784399,-1.9300028227368355,1
0.4062055490668416,-2.205069948024963,1
-1.269632334929859,-0.6588675816520235,0
0.43384537672987195,-0.5065890326022423,1
0.9208083845422038,-1.6997772364979065,1
3.380141995089352,-1.9605673923243871,2
1.0166963404001241,3.1415813407168858,4
-1.4588047998455393,6.521676940408862,4
-1.7392098385430967,0.2581580131896212,0
-1.7568097429391625,-0.6441028969668793,0
-0.5765656657794201,-0.74772516964934,1
-0.13057399677144715,-0.41713232891282775,1
-1.458433163794099,-0.8301975216738556,0
-0.1510325778466679,-1.31300557148421,1
-0.968441615339783,10.957817189321284,4
-0.6891443244577922,-0.24305844123113382,0
-1.5454454908357644,-1.4650158903179247,0
0.4732798552470389,-2.1955502538682303,1
-1.780183940087436,0.7275955983069337,0
-1.7999373236103455,0.094733240156375,0
-0.18606514783121747,-1.253114465215233,1
-1.5881504557081387,-0.624568088848935,0
3.188759210609648,-1.7157130329299743,2
-2.212964439424998,0.828371404876501,0
0.15592004933090356,-2.115673005323318,1
-1.8521961077676798,1.9430186903847915,0
0.8044309497649935,-1.0839720846904253,1
-0.9740518737391992,-0.38534580305448857,0
-1.5244973428165571,-0.02831088808494264,0
2.145774324531467,-0.11159789578486252,2
-1.3267862225048195,-0.7116184722727945,0
0.07158476047862233,-0.7122485770708323,1
-0.24231325561596523,-1.7734859835968944,1
4.440552064975844,2.4150239878128685,2
-1.688350825103769,-1.263155148832182,0
4.170359408959398,0.9706916246290934,2
-1.0353593293249683,2.6337007866086375,4
0.33253210817650286,0.035350515806023976,1
0.6966984734600584,-1.3592120509843213,1
1.5855311014736944,-1.3877595445740016,1
-0.2744350227094359,6.74016854049913,4
-1.2661542908644718,-1.4321679174728104,0
3.962060304073425,-0.40958228197842056,2
0.8561823013237949,-0.4055148060144886,1
-1.478688594744107,2.312175599562617,4
-0.1451165002196162,-1.7950110629371219,1
1.7365232403853506,-0.7598133828961706,1
-1.477096734109841,1.2357621843282045,0
-2.1623855260247242,-0.829419586222193,0
0.3890856237024667,-0.8762454469644688,1
0.8933918727471676,-0.5339676639510865,1
-1.2397206271859535,2.7816601466129813,4
0.024494901267151904,-0.6984325625625812,1
12.066428125558962,13.310499700951487,3
0.3635973134569375,-1.4050253655670653,1
-1.364934195326797,2.9574603224281883,4
0.30874034973606257,-0.22505704823551934,1
-0.4699166779086605,-0.23337952042923668,0
-1.4846478793342166,2.3972532105103177,4
-0.2879676948672208,-1.5660349766644015,1
-0.04601320721266091,-1.7799162427196304,1
-1.8367975951841837,2.393154762177619,4
1.0076757537094012,0.20538517436240153,1
-0.854043810234197,0.20406126972399125,0
-1.843259921808489,-0.008553429352110602,0
-1.7535410555186917,4.895945297851451,4
-1.9337220612171564,1.3777965392843736,0
-0.2811772289980654,-0.9673568749132537,1
-1.1116305250542802,-0.39480715827293944,0
-1.490336234002501,3.270558503829904,4
-0.8126826105302744,-2.013381822669439,1
-1.3286782832136166,-1.2004220364333416,0
2.4992374448428385,-1.3207238812651874,2
-1.587837410464967,-1.9567992678406299,0
-0.7564736424299437,0.11484290745306273,0
-1.7447082792203268,0.863934844635192,0
-1.6860293161914195,1.8328526586137617,0
-1.6977798414365373,0.5222978392338284,0
-1.1048680761625795,0.3175799453350414,0
-1.9217132813556792,0.2511977549978919,0
-0.18043023702712715,2.683945454211906,4
-1.496507609781372,-0.5685575214722051,0
-1.076068691819208,2.740219483272008,4
0.994726216497569,0.32107669394501465,1
-2.0187483881149344,3.0092555032216586,4
-1.5557324639902816,-1.1350461685062125,0
-1.6193297197644048,0.22725194272819663,0
0.35543451154601857,-2.0243308149698542,1
0.16115594738379796,-1.3755660799665006,1
-1.8656703629222338,0.4377312487541107,0
1.825590803313793,2.73415213229115,4
-1.4143875455895043,-1.1327867361610484,0
3.2731544246150515,-0.06662929611638245,2
-2.1714874308080527,0.3024675625952905,0
0.09485307769773334,-0.079739487741904,1
5.640977871665837,-0.2643867689840843,2
2.4209330436524623,-0.3606038396672741,2
-1.855384151533042,0.08890138798875416,0
-0.9020774244791735,0.2223040909294529,0
3.4601986700454406,-0.8424647137290942,2
-0.2908663694764031,-0.08049882073147782,0
-1.5013047081017161,-0.6297841177770258,0
0.5000205670932483,-1.3342373790357818,1
-1.5342141507603304,5.147138601409433,4
3.2933369112848077,1.278176110974648,2
-0.8095873402333305,2.245767741959371,4
-1.8829198082182657,0.22733341728542183,0
-2.248700600079068,-0.03083528721034964,0
-2.106841598764858,-0.27876195925617586,0
-1.7395689638399567,0.06276815634999927,0
-2.0690849868042815,0.138108827522121,0
0.7782119288066071,-2.1221051193441784,1
-2.284508294495286,-0.71263566174124,0
1.2404616909841597,0.33759591979036657,1
0.8760094163840618,-0.8799089800399976,1
1.6154262402518764,-1.6789795589740046,1
5.399043958041785,0.49091823913740856,2
-0.9118511349111599,2.5543473827947523,4
-1.4232845689030804,2.673164676548043,4
0.11475220626684611,-1.4638750932283005,1
1.3939728196517112,-1.901026048804879,1
-0.12268636785838549,-0.7785256163147101,1
2.1972065708967463,-0.4834762548573334,2
-0.7522485233569346,-1.7597045761702002,1
-0.6639008126900007,-0.26764440633337727,0
-0.377330466388759,-1.8634005553323245,1
-0.4145185973573191,-1.3953746279915886,1
0.19840279436518257,-1.3514952470955617,1
-1.862808310142434,0.9433611029385701,0
-1.822981706034789,1.3677807539057152,0
-2.576269200836699,-0.8166878499685292,0
-0.27333805472550243,0.09047396996175658,0
-1.436098611614905,-0.7023777728485734,0
-0.3395553416829502,-1.8460569885408624,1
-1.592331685085679,0.9943847514520079,0
-0.5369491003513341,4.430335902124998,4
-0.6420476140303175,-1.3567112506294807,1
-0.5845264900799299,-1.660114477292163,1
-1.2163522945217031,-1.2049054555493044,0
2.260115763108867,-0.9755361099665824,2
-0.42139806529928925,1.7600347617978278,4
1.0219702982022392,5.7079628246413,4
2.2420888284628315,-1.0394015333655868,2
-1.0985004042764126,1.0399477141581523,0
-1.768141609301906,-0.1833901411734642,0
3.7920071671565374,1.425886513833404,2
-1.6651623156627147,0.00951820483439424,0
-1.1746359995273055,1.6683739177963202,0
3.6745830388223006,0.11390626066171042,2
2.4565771498596574,-0.019521461947625746,2
-0.21163822648377792,-1.5578822398170233,1
0.8945917844423912,-0.9460907024366225,1
-0.6445288107039682,-0.5388032895253083,0
-1.579013196578834,0.33957637723182166,0
-0.4579382436954629,-1.961723150896022,1
1.4167452766769073,1.555524600695179,2
-1.556754256153398,1.9262612692179149,0
0.15072950131767543,-0.9098927816465199,1
-2.166424087320093,0.6817995869414245,0
-0.5653012788664166,-1.2094142876054876,1
-0.5010267408153932,-1.115500978029328,1
-2.0969844529072423,0.7484975191639907,0
-0.3066025039256067,-0.5195341354743154,1
-0.8639625878699683,1.3967831959959767,0
-1.8860399267595813,-0.13047833273203116,0
-1.5761483797330489,-0.5228199485053512,0
0.20087711309381992,-1.2274719667097918,1
7.508915576990715,1.4027916141216226,2
-0.3787498683914483,-1.3751929142419221,1
1.3808905528088908,-0.5327632504951354,1
5.489082935494425,-1.104952095001439,2
2.016828052633994,-0.21596409178653234,2
-1.7809498100962997,0.24002742920980144,0
0.7468838499255239,-1.1380764143890003,1
0.13541767610151473,-1.4935893111428475,1
-1.8647437383959393,0.6664676334005014,0
-1.8095063411589167,1.3945652649201097,0
0.1370880050300873,-0.9369412383571751,1
-1.8962629969063212,1.851057380546144,0
-1.7581197236277868,-0.2031517589793346,0
-1.2325342265690176,-0.3052168663843739,0
-1.6340747452838822,3.1527052761771457,4
-0.4594072961792968,-0.8079895909838007,1
2.0335261756589804,7.89311783789943,4
-0.9725790919848838,1.9687701615549884,4
1.0679795701165942,-1.2930824036756496,1
0.6879103174005077,-1.0151871369764467,1
1.0786636375602183,-0.9343663127992405,1
-1.1087503422279426,1.8720618705493626,0
-0.838527564718011,-0.6265925873894479,0
10.469236665910055,-0.04778637743430713,3
-0.21049557683122874,-2.0911225724889455,1
-1.6014299238617777,4.242464348623311,4
-0.8558465315514238,0.4624608278982207,0
-1.7406948909672835,4.504855064212288,4
3.0271209145229068,-1.8405727464592094,2
1.08182870919099,-1.7631070731196608,1
-2.009982362075663,-0.062441420629700504,0
-1.9612890402188488,-1.21682894785246,0
-1.0087979437288803,3.5054137628541313,4
-1.477483061796739,-0.42813485042684324,0
0.22539464797826578,-0.5159590163099406,1
-0.32425636452902806,1.9747198455813015,4
-2.060956645989351,-0.31048766518382387,0
1.3567512288573669,-1.912927708692726,1
-1.5929102353833404,1.1919762568446324,0
-1.5231850837927896,0.9763570560617355,0
1.1347356591091946,-1.16870664013557,1
-0.08813589475761571,0.5028806277786461,0
3.260318042859391,0.7868798366275914,2
3.531036089541178,0.5173406396420291,2
3.190065245309696,-1.848541132438021,2
-0.9045774536979936,-1.3791352249593871,1
-1.927470330425437,-0.5344399496934581,0
-1.6180004796481,0.9908259301227034,0
-1.8842136818590376,1.7630683799328561,0
0.9375700489665113,-1.188967374814031,1
-2.0152253752391776,2.2619183035750683,4
2.050424884896729,-0.13102953685993285,2
1.4333653230868912,-1.392368958420638,1
3.7429299951645105,0.17562267248855412,2
-1.8508390260197396,-0.6288267194871482,0
0.005161420513134313,-1.7105312552058567,1
-1.4224840675071622,0.6436420130138557,0
-0.17744164243826763,0.21347332243289324,0
-1.8541794021467843,-1.3353637363547015,0
2.933377105407938,-0.9907342204625473,2
-1.6891481470583016,0.02794175276045469,0
1.1414921115766106,-1.6025876712752516,1
-0.7101216271438524,-0.9052353064105044,1
-0.8659330121895767,-1.48107090072536,1
-0.2463725389008563,-0.5824356322838602,1
-1.3323081743663738,-1.6396538801969132,1
-2.573755925929726,2.158573815032565,0
1.305712098894747,-1.4912708798129617,1
0.498659645045988,-1.2821373965887444,1
-0.7681553113776377,-1.793259643354106,1
-0.20855782549464022,-0.7524865126866721,1
-2.004885681808916,2.649093000083621,4
5.979327165840926,1.648207807987095,2
3.5053675068149106,3.2721119141324997,2
-1.8564715943163472,-0.38469607067293765,0
2.893075934030333,-0.29432150953192415,2
0.9030267391606407,1.8534553918391747,4
1.859830660794207,-1.5371331078077866,1
-0.5185755243513078,-0.5878851342928892,1
0.14630641562786315,-2.2240380633986594,1
-1.7402179017761237,0.11560785642311708,0
-1.3555754703207263,1.8484504465921305,0
0.038511628126510225,-1.5150813398947829,1
-0.2385906101811156,-1.3585219116698337,1
-0.7209414389887895,-1.8976406289742878,1
-1.9643413512630457,2.1140612782664987,0
0.48637475154486637,-2.1321912669993295,1
-0.21974735904841022,-1.0974462946198422,1
-0.15506335487870052,-1.0304429679160214,1
-1.853828696481536,0.2037780663996655,0
-1.6493671573225157,0.5723441686510802,0
3.2245905716861807,0.762927296087355,2
0.10044019460024588,-0.07132129455245205,1
-0.6642807322735809,-0.5081947300152887,0
-2.066103632505466,2.332008465319998,4
2.2558496096625755,-1.173972221351457,2
-2.3381766251567613,4.22466873855097,4
-1.9752568030788358,2.372388718780237,4
0.6328559608509974,-1.983908125772288,1
-0.7029378593043373,-1.9924151468503897,1
-0.10787983676094931,1.7149235252226633,4
2.4385606514735336,-1.571105499184255,2
-0.7603710861124794,-0.8671460377987552,0
10.698254837677101,0.2664440425177094,3
-1.267171906471099,-0.7509339578518293,0
1.063253684237621,-1.599912820054874,1
1.0291675636742055,-2.121911852719617,1
0.25845623863818334,-1.4083467230598432,1
1.2131818520022113,4.479976162292754,4
-0.7938389376565619,2.106133199908045,4
1.182403620858874,-2.1106806721928173,1
1.194433734356814,-2.054206159510009,1
0.601200547323789,-1.1043361429655632,1
-1.2246515520397203,6.444510787334322,4
1.5497145296197197,-0.5141340144654944,1
-1.8684797389732166,2.3713055856158087,4
-1.0114872117777984,-1.0353016770428691,0
0.7365776636109507,-0.8720050588751053,1
-1.9620205864024578,0.11254807603806599,0
-1.6674933025796406,0.387435847435275,0
-1.6004768709886077,0.5252869281031362,0
-0.6401869663227998,-0.3628001631613796,0
-1.8107147829597907,-0.13784256753574825,0
-1.6704980739021915,-0.8654571014427985,0
-1.4990607409442653,1.5612177685130153,0
3.1824769545375986,-1.8490977318238313,2
-1.218868244014511,1.727217253851936,0
4.531731972229521,-0.6063688857013876,2
-1.6933433235761832,0.7019412655652414,0
-1.7939488525252079,-0.25504077661163255,0
-0.7494693736520798,1.9361703081411517,4
0.32170414811578724,-2.280797680939971,1
-1.6581511760144372,-0.4015090669085511,0
-2.001655331370578,-0.5323412690429437,0
1.1068676049970008,-0.48970956670871885,1
-1.1684151127010836,3.162092882921181,4
0.5748205976320324,-0.9623646244782637,1
-2.103098379567559,-0.37126729579405376,0
-0.8199671120512416,3.7864827971324537,4
-1.2340765661460025,-0.4629484547575297,0
-1.2081719804344384,-1.0038481980356244,0
-0.7541158001500405,-0.4876218208300913,0
6.09097408597098,-1.4403025715436908,2
-0.0062622745414189634,-1.8980640606496328,1
-1.5519474593714324,-1.0202366986161333,0
-1.8781810057442678,0.25647090615609114,0
-0.8900138913540376,-0.429082428929011,0
0.23714388550304244,-0.6116843460418372,1
0.1361598874257831,-1.374444472642515,1
-1.2122602958434578,-1.9219937063103145,1
-0.44035584012044504,5.417261423446222,4
-1.199260169562263,-1.062643981652602,0
0.8030357526501025,-1.9247308419364724,1
-1.5360626836290687,-0.8618905876623857,0
-0.5881499815792247,-0.1898482028080117,0
0.5560923365853244,-2.149415231971637,1
-2.2744912381470406,-0.5808332039813839,0
-0.09168164099176909,-1.7165157785953402,1
-1.4656239560830413,-0.7888330844509142,0
-0.7928782324662756,0.03316807377146764,0
-1.709947823076496,1.7332387475950617,0
-1.8962688764285593,-1.1222680590309289,0
0.22400114647446692,0.39808683822221214,1
-0.6749149402703846,-0.2050416304410272,0
-1.5561464540190608,1.7662938170792026,0
0.537771983843848,-1.0626432581299168,1
-0.4378480461860386,0.9756640375954087,0
-2.015254185023479,0.26685305668233783,0
-1.7689810824669914,-0.34411200496827526,0
-1.6909025283135555,-0.29589559648008573,0
-1.4179071741252471,-0.8123503656945003,0
-1.461992531121379,-0.32141913939703154,0
-0.8455434203671561,-0.8238877398781875,0
2.7473910276529496,-1.5075374896361753,2
-1.215782827017458,2.456134207911115,4
-1.6115180009206829,0.5968370378462197,0
-1.492825900704655,-1.4586657642513605,0
4.400627575161534,3.7237739478913765,2
-1.1297693055276226,-2.0188621619085296,1
0.7842004382935944,-0.6936659509209326,1
0.6440241385587117,-1.2573398773821318,1
-1.9137622028939019,0.4605369200694154,0
-0.03975947103488537,-1.030684359073147,1
-0.9545189617882099,0.2222914342251159,0
0.14776467283921593,-2.090194447464289,1
2.777829297549195,3.743111812282169,4
-1.1617986761709875,-0.6575525132668447,0
-0.8190266695359634,-1.3013828817624886,1
0.7285393743354206,-1.2567749443857383,1
-1.7684039457786627,2.321421105023278,4
-1.4026567340978269,4.52850057752055,4
-1.2530478836104746,-1.133426524018815,0
0.5610620939484552,-2.3891937818417657,1
-0.7820989007185142,2.6933496300044335,4
0.6823025994907588,0.792247173170862,1
0.4977465003424349,1.26982973603056,0
-1.098397847420786,-1.4661292980646217,1
-1.9171457558203566,0.3160357321677679,0
1.1621308828549057,-0.9972556036742073,1
-1.3075815603990302,-0.7544236484746026,0
0.06821380925153742,-1.884026346922817,1
5.220490763415042,-0.2938025990495793,2
1.730225026754331,-0.9788632494836108,1
-1.9286521578916616,0.530623981786437,0
-0.7964726138450813,-0.9262924262923898,1
-1.7953140685360136,0.03275245908700638,0
0.5572781755081782,-0.15616413126497233,1
0.3993615206952383,-2.207844136057867,1
-1.0929244327543663,1.2427663578159367,0
-0.37390769747594077,-1.3524451398788608,1
-1.8596732597277963,-0.47987715701530215,0
1.3365565863580513,-1.684261591138558,1
-1.2329604850223796,0.4655140119605538,0
-1.0859241623006137,-1.7251707473682645,1
-0.3974007942278724,-1.6086510364972628,1
2.618082185455524,-1.907863791190665,2
-2.007626955043444,-0.06277788832588685,0
0.7360889229362423,-2.077192377264733,1
-1.8003792937222272,-0.28247481861536855,0
-1.7169806905783787,-0.22603438002821982,0
-0.8993942531958261,-0.09755512162570669,0
-1.6744064429725942,-1.7168671451083908,0
3.03257544986372,-1.6748957569249237,2
3.0696234342400035,-0.6113052963459612,2
-1.601003242490621,0.5906618567551748,0
-0.16021006859591527,-1.2292805254402792,1
0.1605661832712612,-1.5417534925753782,1
0.8762213532673502,-1.9146885003527856,1
-1.8517363571883796,1.2158340063753919,0
-0.7485882229632443,-1.1499856033234885,1
-1.080807760110586,1.1325688152392575,0
-1.7182114872012038,0.8482364842841972,0
-1.7498350492697126,3.2365599962830944,4
-1.3083604445639994,1.7510928127376464,0
0.5917613819958457,-1.1513536187750422,1
0.7271150597706404,-2.0330455560098635,1
1.2582065250923369,-1.6097677036432831,1
-0.8823299194194872,-1.7515049405041891,1
-0.4399965619396229,0.059172447318686046,0
-1.9686657624280928,2.330190120068585,4
-2.543872941441196,0.951139333751525,0
4.391614262359137,-0.8405093928716142,2
-1.0767295781042872,-1.2900415983163802,0
-1.8448836991992201,-0.28889342354641123,0
3.534836688935776,6.238905065624178,4
-1.1812428499926255,1.2601666515897112,0
0.9088979794424304,-1.3935667118029051,1
0.6595676176210257,-0.8042487855334899,1
-1.3780611645909553,2.0212279194244482,4
-0.2858522241690938,7.364413025805044,4
-0.9475405324030255,-0.5416219173321988,0
-0.19808674633557227,-0.9642943871202941,1
0.22264051568374876,0.6898694454110975,0
-1.0661590580389881,-0.13985326320811836,0
-1.8361489705077503,1.3161050489046084,0
-1.916816003924472,0.6192690610592396,0
-0.2683839704494521,-1.2989683982577314,1
-0.14468731765462803,-1.2649875546269602,1
0.46143375303358025,-1.015265014076149,1
-1.1121856730630353,-0.4957587867147964,0
1.3275287268123863,-1.427124862890142,1
0.06070952981209391,4.3336337898831125,4
0.04657125250707774,-1.5363048610121608,1
-1.86739445222648,0.7599151918833115,0
-2.209194103648245,2.9578772292381696,4
-0.47879138256071585,4.211507203443245,4
-0.16069822507272213,-1.3673967058964398,1
-0.640367309845405,-0.9291009765258353,1
-0.8738508875492529,3.2690926864852066,4
-0.5681069470547488,2.518453546913693,4
2.6771075711755716,-1.4671073121799953,2
-1.2143000973443934,-0.5577422336445148,0
2.4648072445314613,-1.314531545416137,2
-1.7591747774638509,0.09080999938066435,0
-1.7220082028792227,0.41537346113865864,0
0.3513552653182628,-1.7216987791288658,1
-0.8318653957118421,-0.6259208453396091,0
-1.0769923882175019,-0.7605236879627782,0
0.21372917892779844,-0.868005430376761,1
2.165184674726169,1.2967815717105318,2
-2.375607762328596,-0.15408555207112945,0
-1.487776592243152,-0.1384289295896751,0
-0.0399683347826976,5.457107884269841,4
-0.09947815197788146,-1.7901446174177655,1
-1.7653818618107144,-0.3525017254627,0
0.9310588308561937,-2.1771347274677533,1
-1.5556811050159394,-0.6182460885379024,0
-0.966840191787639,-0.7028528799613384,0
-1.2938519950491258,0.7010779353441045,0
-0.43882207434395437,0.4542015814234684,0
4.06976338856706,-0.7669237956310557,2
0.35850736138490386,-2.247672230586593,1
-1.472849446792562,0.8200733869292475,0
-1.5788709722948129,-0.4239970840406157,0
-0.49940883144357306,-1.7598348428606971,1
-0.7819495255761636,-0.29920373342308715,0
-0.6150133483734566,-0.043160411913804174,0
-1.2974793497639703,-1.1116589922751923,0
0.010458668970048903,-0.6351892108729665,1
9.315982555431926,-0.2180818668850614,3
-1.4897891940760468,3.5930479882738013,4
-1.8837525478748485,-1.1150654344176438,0
0.5294639475837075,1.0885168751750964,0
-1.6730821395017261,0.4042491372018326,0
0.3641107440300749,-1.2696698883895328,1
-0.7858375043998941,-1.0915255559739112,1
0.638710843279192,-1.2962932192795782,1
0.6971926013663097,3.8953095827119166,4
-1.2513142944707427,3.682536059322428,4
0.49465477063391927,-1.7330557169311505,1
-2.3440112421224217,-1.055498121553254,0
0.07190654192834053,-2.1596096522473056,1
-1.6739358052218896,0.083679382124086,0
-1.6094526528742876,0.8897558013244433,0
0.47280905314707167,0.8564544390050127,0
-0.6251801430271172,-2.3240586180909206,1
0.8593372745660627,0.09103670168841121,1
-1.2284418126106509,2.5760422044747253,4
-0.823703969447209,-0.6572017105797437,0
-1.4565135507237494,-0.10318350666491867,0
-2.000249266883462,-1.2504121781233304,0
-0.005451782903937788,-0.016371867397606165,1
4.024566157234871,0.3069761130286487,2
0.841658813299618,-1.274941496491181,1
-1.4742108270568295,2.51718269925094,4
-1.7241731209128783,1.328753179588974,0
0.20697018566773367,-0.899570950236681,1
-2.0100805988022334,-0.6301281619581351,0
-1.806303334292173,0.6880138664555803,0
-2.054211979604889,1.4954668183405955,0
-1.6400027028337343,0.9649199262553095,0
-1.6340624047428856,0.4572421774056898,0
3.968434579305027,-1.283458815465552,2
2.8499969980873017,-0.37703498710709643,2
0.9254439285700194,-1.672801525128254,1
3.1096668480241823,1.1865979199178405,2
-1.1686944939992931,-1.4109880940661765,0
0.19033218258342566,-1.9879008934088596,1
-1.705560805277341,-0.3626885287699189,0
-0.6188418934296921,-0.8891939596889319,1
2.484888530223583,-0.30977217778212646,2
-2.094406265293695,-0.21198909126145957,0
-1.5098536893236534,1.7236612316675517,0
4.30360754613859,0.17820092351858774,2
-0.48014833031249615,-1.6464227149614963,1
-0.666907729032346,4.701509364081874,4
-2.016844517434102,0.8004669843944957,0
-0.2610581729342122,-1.0235436022004185,1
-1.1099847711515036,-1.422408063354632,1
0.3057500149709868,-0.42588190466914994,1
-1.88973989641455,0.9080171997403125,0
-0.9893532724679917,2.452180769109997,4
1.0627952728975694,0.504866314196552,1
-1.2008283296839732,0.487153767309418,0
2.3585474268010027,-1.6492415441850952,2
-1.6680514229808343,0.04923303822046449,0
-2.6374190416587617,-0.3984781372538726,0
0.11554908549837008,-0.8906291119091508,1
0.3331340009396814,5.5319830778476655,4
3.6799089133272944,-0.12806772905972574,2
1.8589200969592554,0.9530182880699287,2
-1.0395677010533295,0.31313363997025584,0
0.020091552388110445,-1.9329089681494571,1
-1.4278168700072769,2.4308662340229583,4
1.5375751970651932,-0.9909568603516256,1
-1.0917163683369941,-0.3006670791467266,0
-1.4642242495555537,1.47575728789882,0
3.6757225857135456,-0.7434926118509243,2
-1.968328680483197,4.799530844767533,4
0.17103030319092263,0.0020323867101980256,1
-1.0185160217510574,4.744896466672998,4
-2.7503919839289983,0.335055486735486,0
1.6180394460305916,-0.3969468078589557,1
-0.9931172936744254,-0.572744103057164,0
-0.6206731623607611,-0.480287411445477,0
4.9184445237754835,-1.5096206944219888,2
-1.1128543850819879,-0.15523774763103645,0
-0.5394036979010021,-1.670558384428037,1
0.3322231356931628,3.3366643033863825,4
-1.983959400976961,1.6480412908113462,0
3.4151522938221532,-1.669362310129066,2
-1.6192656623250141,0.650278994512293,0
0.30205077080048637,0.6450233289196283,0
1.5802605519312005,-2.031782202517214,1
3.178736299998432,4.347991632507161,4
-0.17095980218781573,-2.316525221964714,1
0.5401116733631949,-1.115593038079202,1
-0.925502657588516,-1.2920610751822543,1
9.260937838413078,0.2947622762943354,3
2.8197933558862323,-1.5331118144849927,2
0.3213231767791404,-1.0657624729332316,1
-1.8273386819964383,-0.07445166120813075,0
-0.9107355025730086,-0.17778123412861438,0
-1.9503201946323745,2.1917223287645116,4
2.1050185573199798,-0.13181543938247633,2
-1.6553261310122231,-0.9039386197925532,0
-0.03988266525586046,-0.38355770116674803,1
0.02519318191994034,-1.392250612015737,1
-2.01611871490697,0.009423473837806218,0
-1.9797313947486097,0.823669480935995,0
0.34658397918107775,-2.1529993611986313,1
1.3859113671143009,-1.66172070097081,1
-1.8591181346344687,-1.0920117537258718,0
1.5854448405924335,-1.621482453182122,1
-1.261552245431769,-1.4458707385433445,0
-1.0310860322428779,-0.9990308853372919,0
-1.1763965510490733,-1.651206149348946,1
-0.06431279645351537,-0.8116974248903087,1
-1.3020642002334732,2.6755615953875833,4
1.5330757254975467,-0.7822778452787592,1
-0.6939950461645434,-1.5200258644904676,1
1.6303205016657067,-0.7775195749302699,1
-1.8067281398089865,0.940629096606607,0
-1.526145921079828,-0.7128966451702173,0
-0.4237116992764637,-1.9459743349305663,1
-1.1176643824293033,5.366804027345855,4
-1.1156321758364338,0.9733014796091238,0
-0.30027046688971726,-0.9306628909082997,1
1.7796950077519478,1.5426386493070627,2
-1.7006591593337985,-0.015080356685157975,0
0.0016502465130698097,-0.47326312239740315,1
-0.7514573046120252,1.8387347603543494,4
0.9297298841201991,-0.7002565875485727,1
-1.943914068293864,0.6854726349482078,0
-1.5557016837797522,-1.5496352040560313,0
1.1176554460819272,-1.658866004706649,1
-1.2166583379655531,-2.1275461956050306,1
-0.6120063652496848,-0.9048146312713587,1
-1.9471052908493582,-0.29278223767777806,0
-0.1477770312136837,0.266611148815972,0
-1.2205811214478886,-0.45005425595651555,0
-0.5759915683513968,7.788244705058963,4
0.7038944248696872,-0.9513931810281477,1
-0.3495444738032017,-1.2461396298935514,1
-1.497233444676128,-1.0825938476694017,0
0.5559258843321215,-1.9031404034734518,1
0.24117056432108783,-0.05241844385265678,1
-1.175243771801152,1.3749270449536088,0
-1.8415674133895674,-1.077171104891649,0
-0.056715775749413215,-0.7828468398862535,1
-0.9196204390088508,0.5047970425960459,0
-0.45389168917135003,5.646836447519197,4
-2.372143256273195,0.8013978335887446,0
-1.7121291352615322,0.32848321289630394,0
-1.9074789028270098,0.31875333871938544,0
-1.5173839549298271,0.06450554151981998,0
-1.7665547907099408,0.22521514969337467,0
-0.03261618983296373,7.066427574910109,4
-1.2152028182559371,-0.08815307074075028,0
-1.0448339763717325,0.0025878215005922358,0
1.159638402671391,-2.0003512628173943,1
-2.0518464825901876,-1.2997401473561279,0
-1.7899840749934124,0.9156260199649526,0
0.01387516888553432,-1.4051461483912064,1
-1.9917290907160536,1.3442581484569736,0
0.37623248630606043,-0.07872545047948785,1
-1.7338506171266934,-1.3928038090449173,0
3.9848228978408176,-1.0575171908066463,2
0.9622466255888752,-1.9679847808481143,1
-2.0719838972159828,-0.2616574094949644,0
0.06340927912463955,-0.7550891585100756,1
-1.6518340629251496,1.1902044294573924,0
-1.606654260517692,1.6498609184653805,0
4.021936241398911,-0.8606069256456675,2
4.547891641919794,0.11968396481573527,2
3.029341631528616,-1.610550085451938,2
-1.3754622858831098,0.905068893821188,0
-0.5912045134917028,-1.4378900333938769,1
0.7573758241149836,-1.7695035351686434,1
0.5249047003430808,-1.4584313864973182,1
-0.6180803914793797,2.926811848778151,4
-1.4978173949235267,0.8880854362558468,0
0.8630880181781125,1.1736549106782883,1
2.5442050950308284,-0.20371901171014298,2
-1.986658186626091,0.4856497210806163,0
-1.947409339110683,0.1389806240572261,0
0.8762986974069337,2.04284134597653,4
0.07062271675034659,-1.209497766100316,1
-0.842439689174834,-0.23521956683957798,0
-0.3315710541840192,-1.1075043838671699,1
1.2353043083468336,2.632868858622583,4
-1.9113363624096542,-0.3529506011399447,0
-1.8828312220062062,-0.12843369842149654,0
0.7410526499613338,-1.5665378314798502,1
-1.3579210047768655,0.5675893163784844,0
1.2694913883905257,-0.4542530227306985,1
-1.915108268345585,-0.5161257947595054,0
-0.02323048244238024,-1.396724733174185,1
0.8439272553485515,-0.6872960216723057,1
0.18998033457248287,-1.9076203615886735,1
0.5891663669497508,-1.8556299994766465,1
0.38235571276398655,-0.5280600373450101,1
2.002098349977985,-1.3502207322792525,1
2.642068931409411,-1.7204000721619774,2
-0.2833767962139587,-1.4323223345514684,1
-0.4917677070877562,-0.10294795382062981,0
0.1672457322967329,5.757683304610464,4
-1.6915881433040116,0.4005928685492063,0
-1.8697291745095532,4.041900555111551,4
-1.1170837733508592,-0.1748365449059446,0
5.0753642615829735,0.18374861188699093,2
-1.2953399440262228,0.873215534271377,0
-1.8794048073752783,-0.10244144636529949,0
-0.008477213239898092,-0.6926177730626806,1
0.43211582568371787,-1.6833650240679627,1
-1.008174724183838,1.5987824234790142,0
0.6775352450420992,-0.9463441034291702,1
-0.6243952484402056,-1.150622375164322,1
-1.3614013152794857,-0.8728476015808903,0
2.582571910739148,0.49066932194035484,2
-1.5992728615428626,2.8680486251911,4
-1.2242121505125545,-0.8086660558146556,0
-0.583236133768867,-0.9900038606608355,1
-1.2660266485364555,-0.7473129677415393,0
0.9463249173916299,-1.5092516667395743,1
-0.7644519259220539,-0.6474629372574833,0
0.460318240881795,2.9234817703480642,4
-0.24066516598465726,3.244264516816953,4
-2.00204431836694,2.7176315627192964,4
-1.2281558848695453,-0.1612592830888254,0
-0.6056072438931546,0.44738220265980105,0
-1.5201890422741513,1.868772362656943,0
-1.4901391200037342,1.3781170971355823,0
-1.1760445040680383,-0.9789584288317763,0
-1.5196160328324886,0.7947137251000008,0
2.8250764347891235,-1.242926942504874,2
-1.9399812113223915,-0.6060405408003693,0
-1.6749896523690897,2.595245046482079,4
2.2980590259242466,-1.4122141541482833,2
-1.3974453066711807,0.9726273047951787,0
0.4296696877194699,-1.4521127241405112,1
-0.2125690272593186,-0.04065971343916685,0
-0.779315628010389,1.5882306446376226,0
-0.6844672022673227,-0.1829899765233494,0
-1.4955139475459043,-0.8562407703660102,0
0.8065943507163866,-2.2001096051831763,1
-1.7733751281732175,0.8890057145721558,0
1.782953502731055,-0.7785259313008919,1
-1.7783770227703246,-0.23614069525727535,0
-1.6310133512577174,-0.738509215526056,0
0.5990562176958935,0.9294265530040142,1
-2.6181253886967943,-0.22416436216269586,0
-1.2361296124111176,-1.5245109866608353,1
-1.7029814862201942,1.312113737130937,0
-1.7697266395817959,0.18689134797143744,0
-1.7486819926831414,-0.2914520459299335,0
-0.5620238879044346,-2.119239423194637,1
0.5999493298733654,-0.12665137741701607,1
-2.156020466369731,-0.4219524884312435,0
2.922035888697495,-0.313284080161698,2
-1.0485268834260664,0.9131021310410627,0
-2.1154483246924967,0.48725954173186015,0
-1.721405094880246,-1.3642999990346727,0
0.39304056096149265,-1.5084431915786145,1
0.28292987585391355,-1.8835302703276842,1
2.5087593705974456,-2.258221374018078,2
7.435159098068109,6.075667443969601,3
0.1910951666572723,0.9703600548443905,0
1.3105816201155043,-0.8936628091872176,1
-1.9067949229818715,-1.3803292317023084,0
1.4935411427150531,-1.0987890908276392,1
1.7035671561205665,-1.4490308557261709,1
0.7022057870585383,-0.6366303274355903,1
0.6003334649089642,-1.1855126699339105,1
-0.23156477074080556,-1.7328578610638552,1
-1.658073074365359,1.1479456410534463,0
3.8231881915508055,-1.9273291301502418,2
-0.9318183698369935,0.0033089039682801845,0
4.1044102647992355,1.136050987085117,2
4.052815703302142,-1.6207941371011176,2
-1.4278504388843698,-1.0934637964852474,0
2.660397673033103,0.0009262010551739963,2
-1.1891600795188872,-1.868948285320932,1
-1.8008489834785544,1.577651124446922,0
0.9698452436429436,2.4247625414870635,4
-1.667638375866944,1.3867049750337421,0
0.0027986502774164507,-1.998619895551015,1
4.186920750903645,0.4339524697265838,2
2.1458115696097955,-1.2619120052456878,2
-1.5638622104715485,-0.5837738335367454,0
-2.302007911326362,-1.014628326762179,0
-1.2407354629698286,1.012216644219296,0
-0.5598686280804346,-0.4055362665092856,0
1.6789515184561363,-0.5803903657561656,1
-1.0952812029913288,-1.1743690025733637,0
1.465429801502357,-0.9867837109820756,1
0.5958059347772201,-1.6710786469439085,1
-1.0097690264344235,-1.2196159852231272,1
1.9677654631999102,-1.4100994982763309,1
-0.39948235527110126,-0.8265620949022155,1
-1.754629013616412,-0.07936962860052722,0
2.3817159208844703,-1.6586822122183618,2
0.22362434678888207,-0.3680793667145524,1
1.64354686994874,-0.4255011096151485,1
-1.7556645966179592,0.6636760055864267,0
0.20215514986469832,4.8679707112775406,4
0.00477857213059206,-0.8882377644516705,1
0.47549326317681784,-1.460455901497033,1
-1.4020429871281102,-0.5959946208405745,0
-2.0520426345237857,-1.3431567250430725,0
0.2391891725491563,-1.5418090319308395,1
-2.4662023381746243,1.3749345852314654,0
-1.4069231598352872,2.6601424948181576,4
-1.8024002806668211,-0.28365471760741295,0
3.9125590098168606,1.1331338278938348,2
1.493413504291163,-1.9206024579731125,1
2.6749566205219755,3.975575079221332,4
-2.7045041991840595,1.4670785324909792,0
0.3244189372255844,-1.1585130787933209,1
0.54019482972031,-1.4198720757866086,1
-0.7185237141030384,0.4261329610305954,0
-2.1012897670320534,-0.8918880482382585,0
3.9324574676012634,-0.7689658212627917,2
-1.358439434814025,-1.4994930869039669,0
-0.035982005683266476,-1.66437344974038,1
-1.9359753561230935,-0.602954702817314,0
-1.2603276161249202,-0.37580611645793555,0
-2.4237058805180034,-0.694588833599612,0
1.958057604297056,-1.3700890232518472,1
2.0653309608715755,-1.832622632386049,1
-1.6025588399234476,-1.247800413270765,0
1.073380475433683,1.300064469173291,1
0.6762605552951151,-1.1211386900076192,1
0.10491403337453008,-2.2813795486192756,1
1.511994053954236,-0.5777918825064806,1
1.2758219784824687,-1.0584479507608833,1
-0.21181760734284355,-0.8583476191609483,1
0.95465018548727,-0.8310028487759058,1
0.4194366566670059,-1.5071104122555423,1
-1.9772569598117817,-1.4431996690717854,0
-0.08777122845077752,2.2142626418409836,4
0.070246232763462,-1.5236753897730884,1
-0.7499907511935161,-1.2166992171256088,1
0.4936588092379184,-1.2290304547769337,1
-1.3735028735026789,3.1261785937355997,4
-1.7736735604622942,0.33175339292513906,0
0.8740282226705115,-1.953396451128158,1
2.1096478799329126,-1.4870833145629765,1
-1.047850532205429,-0.8305253470072932,0
0.2545342177223972,0.3003349375970708,1
-2.3764051170827276,3.924501496430974,4
1.657815217723923,-1.0310891071150143,1
0.3099228613223894,-0.7416398020983112,1
-1.193093960483533,0.2117599944764841,0
-1.7733952454466406,1.0037841739470437,0
-1.6262379852289905,1.1341288102256304,0
-0.7154790365094109,-0.7051445550552994,0
-1.1257132645744379,1.094899853990498,0
-0.952115414873031,3.351044115144993,4
2.332890313708567,-1.6150914358002215,2
-1.279903403955054,-1.2871489175614765,0
-2.320875423472063,2.0747517126731534,0
-0.8610535731701009,1.3702726373614889,0
-0.4159303304935421,0.6199041746220625,0
0.41370771882753826,2.1541664050430755,4
0.5522271909921013,-1.047096291289791,1
2.64961947262843,-1.3572113980555494,2
-1.272949636579289,1.837079175121812,0
-1.867388746748317,0.09622585921679468,0
2.6475919282207,-1.8932250737342302,2
-1.7149070634732617,4.264741511409182,4
1.331289871448369,-1.6529343456941505,1
1.7298789283970124,-1.48874670089288,1
-0.2167704091424737,-0.258031406664044,1
0.7551957244639914,0.5197475260624512,1
-2.0376972669054036,-1.3160068670146114,0
-2.02214932134852,3.6249599577156375,4
0.8667937987571257,-0.7848214821564169,1
-1.45079241565726,2.0307861148261415,4
1.9064513875221132,0.4434891861059611,2
-0.7538229105304733,1.5640539631935042,0
-1.8827730799097007,1.3395944668072406,0
-1.8467877866521434,2.01289337506984,0
0.251780014694907,-0.4673230467150566,1
0.14865377823595083,2.0446695353327664,4
1.1445632508718198,-1.0428766397519396,1
0.7046545186898729,-2.3125771495725647,1
0.13406017170085432,-2.024846394544155,1
-0.6971399800889285,-1.9159407396772503,1
3.1054200174651236,-0.6407896970326401,2
-1.802731566852475,-0.1603694910404881,0
4.1058748625497,-0.774956489551397,2
-1.8633017429923866,-1.4158136892849593,0
3.3059479497688447,-1.2554530378760815,2
0.3239695328758716,-1.2088516487986236,1
0.3777638367149964,-0.0952797010083027,1
0.5188003908993989,3.0893361828216848,4
-1.8028296134535473,0.05579982704916681,0
-0.038738392435625955,-1.752832567869137,1
-0.7226435005834736,3.912905466704429,4
-0.7385527739189962,-0.9867440408307698,1
-1.1541612651167232,-1.5634957715557136,1
-1.1741250830064018,-0.7322715050211841,0
1.420430650997689,2.374240850249385,4
-1.785380167076611,2.6276274572486362,4
-1.382798739491173,1.5796184512207723,0
-2.015860745819724,0.7659364780890727,0
-0.7569135176671602,-1.3058424149816497,1
0.09645964898306168,0.8382099473515251,0
0.6337290561210372,-2.255882132979147,1
-0.3601071145043465,2.673636929518212,4
0.6460771067594326,-1.2886771933921837,1
1.5184098310014416,-0.00025433284922129595,1
-0.5528092836001941,-0.8681267475300984,1
4.353406841681465,0.25274589494704436,2
-1.4352192965150408,-0.8343066236303666,0
-1.278491356199178,-1.858472148200846,1
-1.6287331948417316,0.30916261943144413,0
-1.7416816801505752,-0.002591464226617958,0
-1.4456377568638796,4.179820384286334,4
0.045131484292226735,0.8118294718369071,0
-0.03073106253853316,-1.519086750670287,1
2.9354289162003564,2.1370778841041207,2
0.184607825401475,-0.9398266876214869,1
0.16270835507676476,0.27083350008668344,1
-1.9605012500953258,0.839850258745129,0
-1.9383440564937828,0.9372339267040246,0
-1.200183163284134,-0.6489806644725274,0
0.6728489989946602,-1.503972992341372,1
0.6538803307966199,-1.291507925313685,1
-1.5658939809116872,0.5578847127539012,0
0.27740397903193137,-1.5068675266600047,1
-1.5052751237377937,-1.6440715486024107,0
-1.5274618928960957,-0.862867328141166,0
-0.3611674082154638,0.6018936686118121,0
-1.5102469465261474,0.6492999227924022,0
2.4684038557700463,-0.7590167421793002,2
-0.24933940244753988,-1.2106581408751462,1
-1.8158188086690583,1.6732236780346246,0
-0.8137522241528276,-1.0028742346476833,1
-1.3550495493509025,0.38537716273442674,0
-1.5700923698134572,-0.5630484523249717,0
0.13166758242978294,0.6142641797525551,0
-0.7118323796864982,1.633388895177181,0
2.2823133299362053,-1.276442772336453,2
-1.0450721225479263,-1.1527207717083499,0
-0.7007130034500497,1.3875143221983783,0
-0.7576377197010765,-1.0816931764612143,1
1.3541854983040147,0.4113417829175682,1
-2.2621139041883995,2.025459969754437,0
-1.7167482609281366,1.977458934803615,0
0.10658779684029919,0.5858769849224355,0
-1.1170967252123978,-0.21079511751271332,0
-1.9068913194708985,1.815565524343299,0
5.160028278974126,-1.543202262366046,2
-0.9567283872112641,-0.8429941952085409,0
-0.03311138156567129,-1.335606259552007,1
1.9992085034938076,1.83953025444071,2
-2.527415879555889,-0.7297285008961717,0
-0.810292661281157,-1.0330434170265446,1
0.12083900654934619,-1.2839630921996097,1
1.6144291668826234,5.5271882049395655,4
-1.2148440185413516,-1.1471192814449618,0
-0.8716736192882631,-1.8834647862311409,1
-0.6197144053728441,-1.1035050748953843,1
-2.141664490514002,-1.3968929512379047,0
-1.0853692604338083,2.8530218677378656,4
-2.115094854262777,-0.3996092182735013,0
1.9508855443186552,-1.9222934070226612,1
-2.2728882798121077,-0.7030236823995577,0
-2.035623947474936,-1.2658372606325448,0
0.7631022052352673,-1.8210293782577727,1
-1.0645118612270343,-0.5162543280708987,0
-2.0257599041619434,0.6251614492806186,0
-2.212351149360962,-0.0834263433106534,0
-1.7746940615108562,0.23377992788522928,0
1.6128180554066183,-0.6017899175610073,1
0.8849084132688423,0.32771090519417606,1
-1.890977434401996,1.8561001019384686,0
-1.9226709892820313,2.044123266571409,0
1.4215715005798042,-1.2637773117340825,1
-1.2650112885270066,-1.671926131921452,1
-1.4767534092723507,2.863989100919127,4
-0.5492721553594542,0.5283538515672342,0
-1.2944881727391404,-0.014573185673341328,0
-2.024629390804107,2.8354410836813857,4
0.3929169375572765,-1.4358549927077595,1
2.714260922153802,-1.6743857329472587,2
-1.6394065694072688,-0.13426653761078527,0
-1.712994803383057,1.9029669183562994,0
-1.8668351312642806,0.1837909390846769,0
-0.04252134369457227,-1.4773675171150196,1
0.12860372125988745,-2.346720139649603,1
-1.624502527437103,2.6784943367288543,4
0.19711356136868716,-1.617290469414287,1
-2.028476340320789,0.8548203080691248,0
3.3139705272519864,3.0179104243381176,2
-1.5639312342671043,2.260768237871252,4
-1.1000154358156886,-0.5282404434889124,0
0.2045622179150868,-0.8122061767443681,1
-1.75297903712803,0.8077572087564405,0
-0.4314784881012274,-1.7918945478885036,1
4.282263744089159,2.282632206138239,2
-0.8826964962713981,-0.3974027981405394,0
-1.846077864678109,1.3710598214359684,0
0.355608936613788,-1.7824126192150316,1
0.3226353616073507,-2.0400721321935023,1
-1.8779959611489023,-0.673976354893443,0
-1.01864512073863,-0.14643011384550428,0
-0.6212566970574587,-2.345341196557816,1
-1.8965262131385636,1.1458750264846005,0
5.1940181702989285,-0.3466205735042374,2
-2.1522099116687152,0.5445507620765511,0
3.70106777006081,0.3287636635555343,2
0.8109313518465961,-0.40490160373262424,1
-1.3370449653572498,0.42298989733307707,0
-0.37435119465877353,-0.9035089216817672,1
1.7608884751602798,-0.42810296431231526,1
0.013617636641515267,-1.3492420429644185,1
-0.1980627411466491,-1.8285482232748038,1
-0.061526757211397366,4.946259081246848,4
1.151300630326124,-2.010460249364997,1
3.4519361603119063,-1.742018422698667,2
-1.7280387079641921,1.4151288901088859,0
-0.15716302239597857,-0.2345562544640377,1
1.8642063703164014,-1.196987146689625,1
0.9474085538733927,3.5041011845218843,4
-0.20603937146756884,-0.4340448315502427,1
2.955658359569476,0.822106162547334,2
-2.0194765839300195,0.7895210494224074,0
2.417337681846881,-1.6946567500493948,2
-0.9053988815025383,4.0125286034071195,4
-1.127851823475162,2.158339949721925,4
-0.5983514257139798,-1.556723029447332,1
3.1146214632478926,0.3116582084863006,2
2.6805937278740832,-1.3070646822380965,2
-0.06739825667309415,-1.4535076268177887,1
-1.4801385310178172,-1.8595941046432258,1
-1.8994547011377223,-0.7577506421267918,0
-2.0425395158650956,0.09157103373080559,0
0.6909512348857754,-2.3086917243822924,1
1.1961414242902446,-1.1427378113329765,1
1.6111024665064257,-1.0002319416476229,1
4.433504550627983,-0.537683753690588,2
1.1722544633000374,-1.346050908748753,1
-1.8743389034127125,-0.39792736866525424,0
-0.3966505865060614,1.566680948790917,0
-0.3997606771273608,-0.8122437427924807,1
-1.7772411579841023,-0.2226842531005704,0
-0.2426489640180371,-1.9985597210367874,1
-0.38526144104653304,0.37305856061824944,0
-1.8342950439126229,0.30498331802073053,0
-0.7845724282256847,0.46634925337723615,0
1.2866910445012234,-1.2155859299654646,1
0.5051876844121668,-0.9779269469976659,1
1.1965915804857397,-1.2085988297988215,1
-1.4622017701114474,2.585751056228575,4
1.7010572352965037,-0.28247626394835346,1
1.731583169702942,-0.12758067115200922,2
-0.6530127692029215,-1.4300310715134308,1
-1.647851474133314,-0.2860256360441214,0
2.3150781719055438,-0.7895374624832379,2
-2.026826580819601,2.4341796234747863,4
1.1070527227352092,-1.5110328437994103,1
0.35089928113334584,2.2433405753598583,4
-0.691602832296792,-2.150884259416341,1
-1.1678097547482325,0.5383146716899092,0
1.6556170897769387,1.1746747308523018,2
-1.7712289820068168,1.5141047606127396,0
4.4514416751038635,-0.8568755990936672,2
0.9376988190126828,-1.0717766273365874,1
-1.168590624502984,2.057339366713601,4
7.068234813401351,-0.04898123163633324,2
-1.6665957822893167,0.2824619551608931,0
1.8177723055962136,-0.7038408871977073,1
-0.803363487646516,-1.5113810893097903,1
-1.7954507363878582,-0.0010231448928154088,0
-1.3780298018622192,-0.5786469952015744,0
-1.8327398799214443,-1.1295724531278335,0
-1.5368640120336405,2.548157731079435,4
-0.5324857129505323,-0.7349726491676398,1
-1.778289930905037,-1.0492909541694062,0
0.10890125787698271,2.6288938839961262,4
0.3263757322603988,-1.6302031000118573,1
-1.0562016490685564,3.632853572026003,4
1.4202546531214735,-0.6004497710478496,1
-0.21159347855089286,-0.1790135966698908,1
1.658015631555073,-1.3932579582902904,1
-1.8188012950865002,0.6401748174399847,0
-0.9061169975320933,1.5331329950890453,0
3.252426683274927,-0.8640309934199952,2
0.5157760573782884,-1.514276179710787,1
-1.21779384442795,-0.6580997183611884,0
-2.466828462284829,1.730192691793432,0
-1.7215873124934216,-0.9442506879625128,0
-1.6785518844439058,-0.8557542648514025,0
0.6748657888468603,0.381304291541593,1
-1.8350771878346641,-0.35612448805014574,0
-1.3759338026377703,1.918172847836901,0
-1.419284972098616,1.5977351166439164,0
0.17952577575193293,-1.9699635657507348,1
-0.8378874591037497,-1.562477112163693,1
-1.8729398691389,1.4349931744791404,0
-1.3967487477493354,-2.1335562360230593,1
-1.1188108271891053,0.43442967828014917,0
-1.3786848279344337,0.4186772396589169,0
0.5336598081857268,0.9950017367811305,0
1.0356091066403248,-0.9811050405313193,1
-0.34875756075854525,-0.04281060739279046,0
1.743332812995045,9.500465278200984,4
-0.1113718108135218,-1.0001862789522142,1
-1.5961037273776684,-0.8331629166094124,0
0.4597285172272303,-0.977701491817045,1
0.8949195698670038,-1.0319538345604151,1
-1.9659184472563116,0.3782860169501092,0
-1.0274741731361978,-0.6790021446263742,0
-0.9162831591701778,1.6577534305729476,0
-1.3554171452005899,-0.5281645891446329,0
2.545633941096898,-0.4134157574326475,2
1.008929179462955,-1.4201314140046961,1
1.6916325949811497,2.0358258014962347,4
0.8459486515716231,-1.5876647090037093,1
-1.9436156299016043,-0.5978162138220501,0
-0.3640249754703909,-0.2346490184242687,0
-0.7461804458820988,-0.60872137033148,0
-1.0164122245935807,0.4323327786859059,0
1.2350184334688277,-1.6033773354407748,1
-0.3317647417329619,-1.5941594727456065,1
8.5868537001295,-0.5011464736854928,3
-1.72950279519184,0.0652010889918921,0
0.9450793448374071,-1.6440816396127578,1
-1.41469150814254,3.795098762339936,4
-0.7197532635334929,-0.6330883801140214,0
1.2168914633526382,-2.0012049624798043,1
-0.8828605843418369,-1.4417105955648282,1
-1.705337369192429,1.2617342040525668,0
-1.5077599709180987,-0.7120385736686329,0
-1.0083645307070948,-0.485039643670152,0
0.8467158569521472,-0.48117350002135534,1
-1.750046796236436,-0.12467221338925476,0
-1.8037684154852407,-0.21022154592310469,0
-0.02493266679536235,-1.6203310608445818,1
2.57023994680921,0.0797447903399559,2
-0.3668872411259477,1.5292258034892319,0
-1.626582138625667,3.5773824684116033,4
0.15725232485354013,-0.7471197389295652,1
-1.8256190878336918,4.374647287781753,4
-0.9488417256985525,-0.6891115274132337,0
-0.2609865977646548,-1.6085238594257047,1
-1.6918202155470359,1.4715758938118348,0
-2.28813272316419,2.722754973880575,4
-1.8225581042450112,-0.35790855179834624,0
-1.1394294137308882,-1.039891182368181,0
0.3859419368648157,-1.03048878194465,1
-1.8402808411415454,0.9479210520308236,0
-0.6135161579104812,2.814750307649018,4
-0.36694928949439803,-0.4272817391294919,1
-0.33193801860363475,2.77758410972486,4
-0.04961026978593303,-1.8223554531294923,1
-1.7604912282620786,1.888909138545146,0
-1.0792600432720554,1.37558193198874,0
1.6400417426754532,-0.9730747313998933,1
4.612013082939492,1.841493782390744,2
-0.9611592252824794,-0.011055447910375733,0
3.8510072940412203,-1.8421633234249768,2
-0.6805741129913001,-1.5297220188675502,1
7.703601701202811,-0.10664547524491853,2
2.094116898517482,-0.8915179613833573,2
-1.4894765898723237,1.4661810706318015,0
1.713454736183537,-1.1470528945931133,1
-0.12519527759381635,-2.3399759043181336,1
-0.06259523612018669,2.7677646492311583,4
-0.5822663597250594,-0.4985231691400505,0
4.0611913016954695,-1.7094294605622153,2
-2.754738498462117,-0.5923319289034875,0
-1.9271119982262208,-0.5331443587172348,0
1.6314864348883102,-0.24672572600204243,1
-1.1242940390172091,-0.9685327072407091,0
1.7108706379535452,-1.2317074872959615,1
1.4505204207240943,-1.0678560526534084,1
-1.1363351530490975,-1.5181185192220796,1
5.8905162656188805,1.0438733592793583,2
0.06895612339112658,0.8119535336616154,0
-0.856719041894633,5.054636829747539,4
-0.7252685147589376,-1.8826185874439423,1
-1.2152664286861135,-1.9127194297589611,1
-0.11989217517111803,0.12766126472680925,0
-1.8284775093123222,-0.33845398339353755,0
0.1876379446273608,-0.8287687051656055,1
1.1235840965888633,1.8423495534238443,4
-1.0186899568729897,-0.7287789037684743,0
0.904433572849226,-0.6413945341364915,1
-0.9155856717596675,-1.8880435015509578,1
1.4773561300258848,9.789198778904584,4
-0.6185673150204157,-1.4659951646709373,1
-0.5434867864491177,0.11233281711388919,0
0.7399441831787599,-0.8638082380920322,1
4.970819026473706,3.1029778863944406,2
0.16062919988576108,-1.8594763097586873,1
-0.4102629516068469,-0.129296574769028,0
-2.189955836715789,-0.6044792425929053,0
-1.995588282202306,-1.3347342479781044,0
-1.7245544014282757,-0.12001562091824768,0
-1.6365036343845372,-0.27372743031988117,0
-0.5817363297523572,-0.679724234565659,1
-0.18186132935095048,-1.396734816765508,1
-1.8260845285986302,0.5224739364979637,0
-1.58845054895614,0.1842805155702224,0
0.6474180525211017,-0.1517615039393048,1
-1.945540570469274,-1.2459400173107418,0
-1.0644290015762081,-0.46328617807021893,0
-0.7651122159870405,-0.32239875703022375,0
-1.300800014127644,5.165534165286831,4
-1.7117576855639745,-0.4352768063022271,0
-0.3225247892756219,-0.6780628177737196,1
-1.8217273848860187,1.6931101915964082,0
-1.5836445235147456,-0.0021612546255472083,0
-0.08739231032451258,5.081910868009406,4
2.602402162875814,-1.880885556807481,2
-1.244025389394747,-0.9687705604115581,0
-0.15971166805307804,-1.3528964388474478,1
0.9895233986181334,-1.6947195794481666,1
1.2955811507547241,1.160083220620543,2
-2.0236636637876497,2.7267804872301284,4
-1.2112929904076952,-1.0131994660099386,0
0.44339782521246107,-2.1703967751588795,1
0.28466348163743,3.4331947211079656,4
0.8188224493223432,-1.7640874644354219,1
0.7503142206570552,0.6424161986264579,1
-0.29902944032271755,-1.0714238225315942,1
-0.5709808104424182,0.5713612005989074,0
0.5508811809082064,-2.184616631528237,1
-1.1190531262707404,1.293279851441085,0
1.0313645518618892,-2.095920239978848,1
5.130517854557526,-1.7897230144574505,2
-0.6250064391703332,-0.8941183555244309,1
-1.8415951969416144,0.18238580061022722,0
2.068269499802263,-0.16523241750063697,2
0.593121867793217,-1.6957108547078765,1
-1.9800067668125338,0.9195769275722885,0
-1.507359879212497,-0.44471025699150885,0
-0.03382450102923356,-1.6110016087608359,1
-1.2865832870898195,-0.8656000902612644,0
0.6776639306586971,-0.2700759343223467,1
-2.5094749339419065,-0.9927431802497627,0
0.5015981096703868,-1.8160482449065043,1
1.3994490529151788,-1.4979665781656268,1
-1.709099019833395,-0.18980929287904633,0
-0.5071399948935585,-1.679942922703517,1
0.3170552233238955,-0.613509420318885,1
5.507209438354169,0.2502178197630402,2
-1.2238340915838775,0.7428444533956085,0
-0.6998163727267539,-1.792587466069519,1
-1.7245900583960772,-1.5599008782010682,0
3.325263573452005,2.25960836289196,2
-2.0602626260371193,-0.2889202254288936,0
-0.7286840022809278,-2.187069996694398,1
0.1596038008949711,-0.5521797240898915,1
-0.35514131355534445,-1.1225676594345104,1
-0.0681546726587473,2.608509676506015,4
-0.7015770010901521,-0.23164473965639884,0
0.30514472742033893,-1.3848113911499011,1
-0.45345297024846887,-1.9011775111673275,1
-1.6444585863596601,0.9645743360836351,0
-1.5790375494858573,-1.7124564002852785,0
0.33421477218912216,-2.318208208588494,1
1.052737019202747,-1.3606609910027998,1
0.06097562937534592,-1.719847268627776,1
-2.484790986792438,0.5242912001278419,0
-2.1301223391725097,0.4388400919727394,0
-1.8987949344644235,-0.5012225532460334,0
0.19813284094075362,-1.255010803465176,1
-1.8288914741067126,0.4089208572179828,0
-0.03493996129863458,-2.3212990198595604,1
-0.2788248091563517,-1.6438922296505356,1
-1.371735672921618,-0.52199696018164,0
-1.2714595108298803,6.297227236486518,4
-0.4671160437697483,-1.403003080098382,1
-1.9648828678189456,0.9175957473624101,0
1.456722321852246,-0.9226050086826805,1
-1.8008871980522057,-0.3457673573959268,0
-0.6626747781026936,-2.163010190093253,1
-1.6432544707133323,-1.048815586841655,0
-1.7203185600442061,0.8354371468230634,0
-1.9861162619530122,-0.3637421952903838,0
-0.24097357869238883,-1.7213493659504795,1
-2.179995845024744,-1.3504535138610037,0
-1.2984821011768037,0.7717704719064056,0
-1.0281447065207325,2.303994139540766,4
-1.3969769249297679,0.8630998294430613,0
-1.7843224241892244,0.7632931641368367,0
0.35253053476412505,-0.09173226937223843,1
2.6331188908929914,-1.6130286615680107,2
-0.38416650790671597,-1.1867512105394489,1
1.0060185310845655,-2.0057199241305788,1
-2.1808192265998287,1.7660279008325888,0
-1.4759948965862213,-1.2766628743117923,0
0.004909334604911001,-1.9159915964226517,1
2.5494225792831937,1.0106163694940158,2
-0.94410716645059,0.026710088305181772,0
-1.7499973566572669,0.1809238186904619,0
0.5362188564185532,-0.14282686484428997,1
-1.5137809068752657,5.663820046433094,4
-2.0924528358115846,-0.7781063239119808,0
-1.426994445754239,3.7037103382418888,4
-1.8005410714473558,0.13975943361425464,0
-1.626197847866549,4.911810787030687,4
0.15010114967080657,-2.0261306194407904,1
-0.4777136319053066,-2.0624582519645744,1
-1.866172852324354,-1.211812898585494,0
-2.1444301668115138,-0.44377344333019714,0
-1.3795263095427968,-0.6091165811181217,0
0.7624466177313312,-2.1719914857446994,1
0.5940254801278002,-2.183797607712763,1
-1.3199203494314935,3.410186034275226,4
2.9592290461901674,-0.8928064670956513,2
0.4871153891018219,-2.0906625971826047,1
0.17705373950851755,-0.3633346432525512,1
-1.5163741212073651,-0.7479620626168313,0
2.1407969354678,-1.3532112730756376,2
-0.6572594729429982,-0.5425629275914575,0
0.9455811156183237,-2.401916123940644,1
-1.983768817233152,0.04564532402294293,0
-0.8076097762550006,-1.722805222349533,1
-1.9500314854422776,2.8957171225834943,4
4.368221590906312,-0.4730235291211817,2
1.2182890253997933,-2.0149295421120086,1
-2.036277716902808,1.1234664911349155,0
-2.4025442814856697,-0.7478164757850284,0
-1.5494608820287297,0.657856867170682,0
1.215798615095652,-1.8831864026079426,1
-1.6702723429811228,1.3797401561952556,0
-1.2088515499751624,-0.8626016166739685,0
-1.6853105618616142,-0.05964567889130509,0
-1.7200427708584751,1.2472313542227542,0
-1.5650746760332914,-1.3086515590343093,0
-1.4983001305689365,2.856327059265458,4
-1.8346439082889436,0.8446174182172113,0
2.042456042241861,1.8737215740083997,2
-1.199381167900824,2.3937969167224975,4
0.38125104643170005,-1.3609241938898171,1
1.5102302646529944,0.15475707356572171,1
-2.051847328240112,0.9616400792217664,0
-1.5089149579224952,-0.9770322660547436,0
-1.7203593676929598,-0.09291443742546322,0
-1.3798754213276077,-0.8349102369289105,0
-0.3356974789079703,-1.527465915352921,1
0.31147296304715927,-1.3031204130662357,1
0.9253696440961868,-1.2098814254808368,1
0.36537950844324285,-1.430992646798113,1
-1.6132870565290494,1.2433701240266875,0
0.33010797649522394,0.42223791502761765,1
-1.650721472892235,0.5484135749581079,0
-1.3600758185811328,-0.6652914198123892,0
1.9560178806704587,-1.288702502509371,1
-0.4087120747159881,-1.9957804642080894,1
-0.4670089221447746,-1.0855788611453563,1
-1.762877238001775,-0.1579100277078249,0
-0.26506463027612903,0.5756320849298365,0
-1.6702944733658136,0.7122794552758042,0
-0.405157941471774,2.7826452598642315,4
2.3105088395733313,0.9365561706641691,2
3.8442505267463867,-0.3541919341108029,2
0.8903067146740543,-2.2548261285072226,1
1.6634312341422701,-0.18437064947960993,1
1.9959344201393205,-1.3091424731725088,1
-0.8224983668633294,0.7959669601404834,0
7.250287980786445,3.6682123472940136,3
-0.747146456598259,-1.902328632720751,1
-0.546970829901977,-0.3129768826027539,0
2.0586006611657868,-2.281076311903589,1
0.835001229619335,1.5602636158083807,4
1.3251947997617113,-1.5358346728169279,1
2.7983564654557704,1.5770610575546695,2
0.33388034144430184,-1.6191016592335936,1
-1.7267621853066135,-1.3523020049951915,0
0.8357970712466868,1.1100020257727754,1
-1.7708235414239297,0.2479831924403238,0
8.837647642003036,-0.24569207530621312,3
-1.9066456201125561,0.6765516554603433,0
-1.6414014271311577,-0.19525217632867148,0
-1.682778739623331,-0.1774425648123946,0
-1.1255506339904209,-0.6001805399456263,0
-1.8389263656823862,0.3135091612522838,0
-0.23860678895623116,0.3446525480820103,0
3.447470451136617,-0.8404408070960552,2
0.9236783351601728,-1.2307732114504373,1
-1.3218417784523784,-1.1719352178755644,0
2.0102871831122195,-1.9546320518450866,1
0.05269717319598997,0.2595299937602656,0
-0.6522884946361479,-0.3980499832343719,0
-1.0326989997920757,3.036154792300982,4
-2.051009213142363,2.1595043339555318,4
-0.6904031494773032,-1.856199770654889,1
-0.046842360449036315,-2.1215663631431534,1
-2.0483968979337255,0.1677010945375588,0
-1.8059206402440826,-0.1514631757285636,0
-1.6624306004734248,-0.4614409340198855,0
0.8377176756129592,-0.044148958566270706,1
-0.10029541291686606,-1.2529374332623064,1
-0.42231713386404734,-1.0866258627190888,1
-1.5706797718748244,-0.711455260664962,0
-0.44727529683927364,-1.7241327536422177,1
-1.9375231689009884,-1.313518613013067,0
2.085855443810164,-0.936786509193366,2
-1.9410860386278357,1.7219648033668782,0
-1.4913220609275886,-1.0656200886412464,0
-1.590030304467136,0.8326363241227592,0
1.8340246648411194,1.5690541692288338,2
-1.6711918440905702,-0.10218042542544077,0
-1.4208496796527306,-1.0950386326941979,0
0.14586284859068155,-1.9719223244827189,1
-1.6772924939283935,-0.050098384456251165,0
-0.9386078921220529,-0.6191079250761732,0
-2.3231380517730376,1.438311965487639,0
-0.7762111610858554,0.11102761931376935,0
1.780550445009066,0.014701465741247787,2
-1.7796122906057597,2.761986130334283,4
-1.6940362573403416,-1.5199060282524948,0
-0.608098721319708,2.5030040762780676,4
2.014451978178509,2.61880351587017,4
-2.0612283367453204,1.6406004126780422,0
-1.5489112684910165,-0.995151772453905,0
-1.7314347743036131,-0.0468751401604025,0
4.4227526920559725,-0.5915129504344889,2
1.1132471347218411,-1.2344473425681755,1
1.3242046060835115,-0.7913550005964245,1
3.2243027347605255,-1.2721229978643247,2
-2.3147795323395495,-0.537108593983401,0
0.566147658623196,-1.4360625179797841,1
-1.7115523911509432,-0.35323146730929544,0
3.945783018553347,-0.9337496422994276,2
-1.0702363205162715,-1.5194738667674688,1
-1.6679041342675534,0.030380683052145252,0
0.0920503491410965,2.0182659823981397,4
0.12940089301248625,-1.5915974702908937,1
0.4331571999668452,-1.7260697418645548,1
-1.5460041503408606,-0.9723872227924537,0
-1.5678044112994465,-0.7030575614123865,0
-2.61323935071532,1.1401820986206979,0
-1.2482765707838543,2.1953972721516255,4
-0.6409594306805102,-1.6073327952922283,1
2.8259615895852623,0.8099748768092658,2
0.7438006434590577,-0.9244810302449857,1
0.4453158024020238,-1.8945921991905412,1
-0.6617857304126298,5.616006542013314,4
-0.04877646517063449,-1.3074622858005034,1
2.12601346710558,-1.5517852161965562,1
-0.8295168829016322,-0.7527017764529873,0
-1.4100414883219916,-1.315503324905413,0
-1.6435799150284682,0.16888017757573404,0
2.3651318053119987,-0.10306978704985294,2
-1.244405009270223,0.5342351566192394,0
0.5976102686675445,-2.3184693706661403,1
-1.3512330549127702,2.2615473702831395,4
0.8953878999344198,-2.1885168344460624,1
-1.752133048073064,3.237809111213424,4
-0.7956338723586902,-1.3904286301351605,1
-1.2559925716400653,0.6368836972786251,0
-0.781843015468103,-1.3803171932920093,1
0.9940701634935628,-0.8684932700378764,1
-0.8011145781042116,-1.003259534733344,1
1.243229005118312,-2.294681059698376,1
-2.3527423971007306,-1.4531175210131138,0
-0.2472695648265723,2.9498526972936308,4
-0.566040810932175,-0.4968827817170632,0
-0.3814749092443681,0.7929880157535055,0
-1.9011234626854991,-0.17118461857410214,0
1.6084321167498794,-1.4887423577209782,1
-1.088338789477576,-1.3527677936167757,1
0.9142170951212213,0.38289480179518504,1
-0.15486786131834038,-0.9676589594574299,1
-1.3162107290449738,-0.3861424474507131,0
1.864034887916611,-2.281885518636627,1
-1.5476266713256934,0.3710302459348373,0
0.647150024982365,-1.33069915833265,1
-0.47393867776013143,0.0888736679913093,0
-0.9896125446109063,-0.9471327597844024,0
-0.7250618234862063,-1.5360670013171758,1
-0.9487004395542491,-0.9194669117664886,0
-1.3283226677028794,2.1256117864232342,4
-1.3349971997272794,1.0168629811578387,0
-0.3382384631582639,-1.2020085207088846,1
1.9413830976682676,-1.6701655735795307,1
1.3339064569441337,0.4818901264162984,1
4.219951269995584,0.34248272931512375,2
-1.520065321076925,-1.2909785096189108,0
2.3180088007380064,-0.1781424750769863,2
4.475890872501822,-1.4757864655405977,2
-0.31232722702428456,-1.4986980239978713,1
1.0663321049832835,-1.1411359362656919,1
-0.028205451912168132,-1.8544430721932772,1
-1.4198131101435654,0.24442964328925693,0
-0.17919515721335785,-0.2738454031207924,1
-0.20953487306436222,1.232169708461982,0
0.19386581162237868,-1.5040556821323223,1
-0.8427592331851175,1.7997641681857277,0
-1.830821431026589,3.3121452344069318,4
-1.4419107161176574,-0.41835465640277275,0
-1.1985950472982858,-0.15268365833145567,0
-1.657030723653318,-0.812988208841533,0
0.0324653832652133,-1.9815055370050947,1
-0.22368641034913106,-1.1491511499109852,1
-1.1250714860981321,-0.7183315142048288,0
-0.3214218420621871,-0.42841857752322504,1
-2.125363610629654,1.5491240985326948,0
-1.8760129655767017,-0.4333933679254393,0
0.5680748080732387,-1.8285764810639042,1
-1.8978132657748032,0.38417820590438784,0
-2.052246229980755,-0.45809508169721536,0
-1.7028121866985715,-1.3160874410742778,0
-1.634403731455008,-0.7101611567313914,0
-1.3539720537103703,-0.5751482801950976,0
-1.8361030266780347,-1.0012439812160367,0
-1.8687575793602693,-1.1257738372776829,0
1.0089926895129353,-1.6649997625176056,1
-0.21708968032204323,-1.4745878012304754,1
0.22893732048140122,-1.9471962941506973,1
-1.8736727959975195,-0.09582920744193844,0
1.1674126103589295,1.7862307740203691,4
-0.09446763620040362,-0.7018191548311011,1
-0.506535873407214,-0.9174604352927276,1
-0.2859695564378666,-1.891747279463013,1
-2.311265437489404,1.1532259108836116,0
-1.7912834961628543,2.2099869045294316,4
-1.975473307227455,0.25596983456542083,0
5.879486881141993,2.0749651980791772,2
-1.6921320208759518,-1.118594393892862,0
-0.7411237541025474,-1.6076787912705148,1
-0.24068922348308325,0.5013526678913521,0
-1.672879978037519,2.1279424571009775,4
-0.9354219002378207,-2.0739184264948842,1
-0.8370163797089599,-0.04992933797113321,0
0.7634777996159859,-1.9642027743667096,1
-1.7169902988468242,-1.2547937762118684,0
-0.3827778579996946,-1.6357160443682102,1
2.285423925334602,0.1862632495046852,2
0.6208738759513267,-1.1135722580901803,1
-1.8329784961007154,-0.3051695724095071,0
-0.5775753463264005,-1.9947272447772202,1
-1.7206151918793893,-0.10743555283233654,0
-0.48809951763952475,-0.45309040766214875,0
-0.40364475198516947,-1.1572739641996928,1
-0.10580256743348884,-1.4665675438452261,1
-1.211522713278327,4.661853529691341,4
0.7478421894156083,0.29143528103890126,1
-0.6452602497187387,-0.5358613408551507,0
0.8027042281852331,-0.8822593197074906,1
-0.6225908927566512,-1.5203023857537394,1
-1.439005973500731,-0.8958462656622699,0
-0.7015464140394625,-1.2507818228721799,1
-1.8338068240155434,-1.1165165037448015,0
-0.26473676615856573,-0.534342125622576,1
-1.4598845663208928,-0.7399027490361584,0
-1.064625253499086,-1.6497730801069503,1
-1.9924755255673818,0.4096297785200774,0
2.9671835978282743,-1.9845033527186764,2
-1.8794426981571442,-1.1170818116308951,0
0.7516459337345787,-2.054283870340843,1
0.2834291987530817,-1.670642578742488,1
-1.9075556878474575,3.3646574680102384,4
-0.7260248282303685,-0.5023492675498966,0
-0.4264009030923339,-1.1305716472901803,1
0.28958430457340567,0.14752479147553063,1
-1.044000271053144,2.69010029435113,4
1.6894031327466117,-1.7566705240291567,1
1.4652472090457183,-2.08856755489001,1
-1.099516028240048,1.9378919990352297,4
0.4191599134411241,-1.1091420705136887,1
0.1256680665407582,-1.4720284443184835,1
-1.6766685091446345,0.20143765355764529,0
0.39625880216224635,-0.9209718236841755,1
-1.1915149862106962,-0.5654519188378413,0
2.5875285789919795,-0.5786992710110197,2
-0.7519651396551893,-1.5655311972642358,1
1.3984408831752884,-1.4110803796536682,1
1.006137642138328,3.5127927833914483,4
0.08200322510640191,-0.14158122175250373,1
-1.5283211006717201,-1.3423977152858728,0
-2.239383913891922,0.36439544240304933,0
-2.2775992600052195,0.783071945456119,0
-1.8462754397872083,-0.5430338142829392,0
-0.4356280823792455,0.2731007819579995,0
-1.417642256830446,-2.127873421180012,1
1.6934240179181834,-1.9760562895076468,1
0.10268031305588819,0.6099412276473238,0
-1.8037515301793174,-0.2890480127448147,0
-0.7076553685505155,-1.031897960815016,1
0.6570115419843955,-1.9464094007718884,1
-1.0620924394504354,3.1842086131542544,4
-1.3523316921958108,-2.0322730371873376,1
-1.6681736499739497,-1.5142838666349343,0
-2.0890478377821995,-0.5662383543812209,0
-1.2684691790344467,-0.6617968105191842,0
0.7338970369354678,-1.6728284221913314,1
5.453123483637216,-1.446767704690637,2
-1.7268553794384958,4.303395291555254,4
-0.5431438654380527,-0.9443469031684375,1
0.2071091018036751,-2.172411778292363,1
1.3806494400113156,-0.8304577112424053,1
-1.6901335728156894,-1.1273056096927832,0
-0.5248370409589392,3.7823765835962835,4
-1.8466836282040882,2.9933437898177826,4
0.5354059446191362,-1.25513152547107,1
-1.4931942655151527,-0.14973909870232496,0
-2.1285841405401382,0.5946812067501515,0
-1.8205060596611764,1.422871719141203,0
0.6627348041821003,-1.2421784448607545,1
-1.8821748104179437,-1.104525951005183,0
0.155040655003814,-1.6673884452082566,1
-2.069838897997039,1.9969774449810427,0
-0.1808757421660031,-2.2382320857547042,1
-1.7685610014836162,-0.07439074274328085,0
0.1663334706703028,-0.5142741622262034,1
-1.2832071089346877,-1.5813831360164876,1
-1.7965185458796213,-0.26847585079822595,0
-2.378769632645572,-1.091704011847868,0
0.3912336336551123,-0.6290187137659281,1
-1.3803578666273706,-1.036939954786806,0
-1.6848713759069227,-1.038359959460377,0
-1.6680338258113596,-0.11759572049304347,0
1.3640491565097508,3.1630291951761382,4
-1.9460554323926222,2.516032237913636,4
-0.2982634787223219,-0.2230744060994486,0
-1.7559091243454459,-1.4601678333234256,0
1.379478251922177,-1.9906756332112074,1
-0.3412858711550604,-1.5818692689621852,1
-0.8883396087524505,2.065390950853526,4
1.0046069018889299,-2.339063225086842,1
-1.810069520316658,0.544392594367968,0
-1.9731666806616592,-1.4210761103248222,0
1.1242138223526215,1.3670800046166627,1
-1.6428478770613422,-1.3850046688882813,0
2.3816886625974516,1.0890096134727487,2
0.280334707359442,-1.8057956842911185,1
1.5074098950562473,-1.1693000509083482,1
-1.0788361480750153,1.6163512919505587,0
-0.988282472638552,-0.44959708283447913,0
-1.8999317622620306,2.6225828082613245,4
-1.7530911728799963,0.09438851368980306,0
-0.24583887315260816,-1.4732029495749994,1
0.08261719794683181,0.2782107987923378,0
0.4584179938495232,-2.1248021236314063,1
-0.23992419246925362,3.424295774821639,4
2.055593004125275,-0.5312131465189205,2
-0.5742614184902928,-0.7634828095839156,1
-1.8287048905585084,-0.2740279861549651,0
-0.323413961282091,1.6162754119678182,0
-1.66593955064547,1.936098990776333,0
0.4709810070910332,-1.911094977143221,1
-0.7066946824503735,0.11384219442550393,0
-0.5650251253303902,-1.2400012575596213,1
-2.0643618651893982,1.524019367576595,0
-2.2359748287108245,-0.5385661763667382,0
3.3112890581325307,-0.40009952048576664,2
-1.1458689159287723,-0.15525683083383232,0
0.8658171331518303,-2.1553142484128696,1
-1.8249681892434784,-1.077593831192238,0
-1.4100688255146039,-1.1151597556357575,0
0.14181100861887472,-1.2093172785825002,1
-0.09349725775929321,-2.2872999712878026,1
-0.9368148247130172,-1.288829299952948,1
0.015126712731784661,-0.259277139808487,1
0.11276290094875496,-1.1237128952792914,1
-2.10337404714079,2.9768074642840134,4
-1.855602089296388,-0.39908713380012045,0
0.30738247075029906,-1.627498062137226,1
2.407179305935318,-0.1332695646636874,2
-0.5104186231086076,-1.2825055880961977,1
-1.6081877250056358,-1.1124863507502452,0
-1.2073016743412817,0.6786408870871289,0
0.5438687144014739,-1.3054268704267529,1
-1.9398452168965834,0.259044990265286,0
-0.3523683865477699,-0.05660990302313964,0
-0.9521815465000297,-1.181777762491319,1
1.0462823844480058,0.09942230569187994,1
0.03476844053686978,-2.3185999163040445,1
-1.549871084686211,0.16572695673517265,0
-0.399582540785992,-1.7099317977854593,1
-2.313821953900469,0.9006466014982001,0
-2.0144074933050757,0.030038412123451957,0
-1.3867415239727612,2.531323569378128,4
3.590856235961937,-0.9626741750699697,2
-1.9607678295955155,0.9184756769901764,0
-1.4393415473722404,-0.8314294867756676,0
-0.950395099254609,-1.2398804842169846,1
0.13059516640280155,-2.0182455015125336,1
-1.8754796839695116,2.166304984015523,4
0.3598684396280839,-0.7668029189631161,1
-1.371599343525567,2.2075064058247498,4
-0.15085273440219601,-2.0832448045515477,1
-0.7834372210627085,-0.7171645788307647,0
-0.40525376929859314,-1.4327830451361427,1
-1.890617559648463,-0.028468910917045395,0
-1.0671650974088784,5.822637516386599,4
0.11605860902355548,0.3121631319357688,0
-1.9604534181016298,-0.16356110093734086,0
-0.8941230634327493,1.0139726481038474,0
-1.0589389375791145,-0.8444144509825441,0
0.04238253227337236,-1.9847960259596844,1
-1.596255305295572,-0.7609570769873261,0
-1.0562456973728793,1.3820881955254862,0
-0.8909154674255629,1.4723802377876833,0
-0.2940350597469606,1.2201407890816114,0
-1.6765897100904201,0.9829360272482967,0
0.38662663372722084,-1.9931833255263922,1
-2.4769152522724847,0.6970754473284982,0
-1.6037761584728472,5.406910347466273,4
0.7921850076408159,-1.2655809738976216,1
-1.442613528168545,-0.956541825635137,0
-0.3996157290111682,-2.3608122050591906,1
-0.5119275566180829,0.17384778535818488,0
-1.4331851860754388,-1.2418542485845032,0
0.38324459024527796,-1.3427076074549096,1
-1.6731512116752367,0.3773302620021001,0
-0.17442605036955622,-1.736195048740581,1
1.7196075519008402,0.4025925151371522,2
-1.1206305213732735,-1.690055368901246,1
1.3212803959956954,-1.6837901043038561,1
-0.8105099634274952,-1.4810833435848176,1
0.38078600519808997,-2.3803229020419314,1
0.33147604072053055,-0.957618840222086,1
-0.6841188834290843,-1.6377399663161079,1
-1.964710393627991,-1.2033209292340874,0
1.9533104729119928,2.3706321318685846,4
0.037362089330276634,-1.811313676317084,1
1.5735572768416368,-1.296428844465128,1
-1.441625619471974,-1.4283235318929757,0
2.0004433474577676,0.06560876600734389,2
-2.103494461332427,-1.3723221704674862,0
3.0224018555071326,-0.4180162499590578,2
-0.6330031998074048,0.589844913815478,0
-1.0479299106419322,-0.9215570827643043,0
-1.6806512025755729,1.5317086212980104,0
-1.1498809020940954,-1.240100301488035,0
-2.3485883150298217,2.660173693961697,4
0.5380949741584873,-0.9559846593823074,1
0.7921652807621211,-0.8992828543617686,1
1.4054775771433379,-0.8980160183139545,1
-1.7632021367093895,-0.8406053454987454,0
-1.8808913871036943,-1.3170700824245052,0
-1.6748900426749713,-0.005351244614799573,0
0.703596881232844,-0.8479865467920064,1
-0.48811226460080703,-1.098012359982773,1
-1.5877123214615783,-0.9736200915686621,0
-1.1076495772341304,-0.9114668601733962,0
4.11962919347847,-0.012839180340409838,2
0.39667496201332025,-2.320501365624907,1
-1.531174617435876,0.7340043804458705,0
-1.5468950161946313,2.4354830886008974,4
-1.8203982840178135,0.5530301334595428,0
1.9970159828755443,-1.071691641118541,1
0.6656199497357902,-1.7761814703750114,1
-1.9421590007456804,1.7416280858388524,0
0.1536113887939276,-1.7839493464437368,1
-0.6853949760582069,-1.2747818125502228,1
-0.45536932034373473,-1.413566928941649,1
1.0335533601610545,-0.554985789941236,1
-0.5049456487590227,0.6243152788678364,0
-1.9747940634179528,1.698326214302097,0
0.6301222302820626,-1.9577988143865033,1
-0.023290956123827734,-1.0767910168732395,1
-1.882676784184364,0.8294322746337431,0
1.338945612590696,-1.9660978144541945,1
-1.2343026062735427,-0.6323212316049105,0
-1.6131074637237306,2.825491772147823,4
0.20586269233243748,-1.702500542998746,1
1.5223139769421739,-1.780419853392702,1
1.8130212436055702,-0.3669370868190676,2
0.1477997045942888,-1.6476287048845855,1
-0.2725223180684042,-0.9013171937068525,1
-1.4933880128166024,0.26851148306331535,0
-1.8274378112147407,-0.3394426490842823,0
0.6515915161438243,-1.229508543137473,1
-1.2708258818414184,-1.4377145140908276,0
-0.41658936581519296,-2.0593315435480286,1
1.2080831285527727,-2.0914821008352074,1
0.7069383928148109,-1.5971097425898932,1
-1.4581002695463763,3.097516443250031,4
-1.0334001805612085,1.8550223015028506,0
-2.2671494994666133,0.2248335511256505,0
-1.8495073256151302,0.2621416492651921,0
-0.9534723722988366,-1.0343118761857228,0
-0.6949817396364997,-0.7880797904534004,1
15.603576944320622,5.632534514562025,3
-0.6188421977014603,-2.1065208981449848,1
0.9667705790541402,-1.420523441600725,1
0.28293041644313977,-1.0993951730129747,1
0.8164501779474326,3.8334604955179223,4
-0.032282195142743185,-1.8067591756959598,1
-1.0190987950647235,-2.121006668131729,1
-1.4510897455483318,0.9825257023399229,0
-1.8354797396290983,-0.20250822808791666,0
-0.10866775606723379,-1.538882794009054,1
-1.6629798388800119,0.3001365268977607,0
-1.5119325274275062,0.43759283009672945,0
0.17978439625702547,-1.62697504821288,1
-0.21372504158222708,-1.0898334054015302,1
0.2133655917324541,0.21339475480774048,1
-2.1726416597321956,-0.844940433660225,0
-0.1798416149519584,-0.5221466624971391,1
-1.13263690899321,0.5271263459129971,0
-2.069479327944172,2.2473141208335776,4
-2.0522720636707104,-0.20443843547184695,0
-1.8188618758384092,-1.1476010398283956,0
0.1385778643791608,-2.120868074656611,1
-0.5644204689566811,0.13757169752590492,0
-0.6619561178625913,-1.2252071249727632,1
-1.3573290573532333,0.6502370651070869,0
0.26195507880102054,-1.890404153357734,1
0.3794754156337845,-1.3966461276284179,1
-1.1275430892682048,1.6401327695181893,0
-0.1767059258505156,-0.4400551405302294,1
-2.4691039483859156,-1.1012077213609126,0
-1.8869755256588192,-0.030739552079815543,0
-1.4739264791541475,1.3260812515030413,0
3.290313576799597,-0.6582330688946555,2
1.2731207149233221,-2.012425135005308,1
-2.316110785966387,2.3108189745136922,4
1.1534200755436137,-1.1133869673429353,1
-0.5080143816393065,-2.258895913568952,1
-1.5179270750580678,-1.5140984032604865,0
0.13765961421083608,-2.0327090902328044,1
-0.4305628508938784,-0.8821543034711635,1
-0.3524914960391995,1.5541202194283144,0
-1.0962332655641682,-2.035228987523254,1
-1.0094806774345928,-1.0604083948969285,0
-1.097337472296826,-1.8957729409414155,1
-1.0129817107061354,-0.6530577518012112,0
-0.8090680126500872,-0.9922744347515255,1
-0.03539553414802746,0.29350969790696846,0
-1.2977947468768507,-0.6629504627029148,0
1.109015865762173,-1.1244260120096075,1
-2.5595270168330844,-0.6457067250247038,0
-0.5911030687067439,-1.3534132732954531,1
-1.2993563206917509,-1.8140420663465389,1
3.7774125760779658,-1.8293454021359135,2
-1.0761967144146356,-0.9694187525806379,0
0.2576022242288949,-1.3608555726259353,1
-0.8443919428836978,-1.7697445427211644,1
-0.3522232409323334,-0.30632278070172564,0
0.17687986989684854,-0.5661919036377546,1
-1.7044078287336508,-1.1843577611269045,0
-1.6858223569097204,0.9213113511622567,0
0.4625215306258985,-0.9061792098457773,1
-1.0919074343423185,-1.4406966284485578,1
-1.7343587572916146,-0.22246338126741672,0
-1.7469298733571808,0.5964679367900309,0
-0.4939174906109466,-0.6839254221845867,1
3.506208999554209,-0.27057149833056093,2
-1.790270204341309,0.2531104189963293,0
-0.3201130867308344,-0.2146117706284111,0
0.5179686793843113,-2.0049435983207977,1
0.9166797797263351,-1.5966923688006818,1
-0.6221944855677358,-0.48974599215305087,0
-0.28684366155881,-0.06257819297970729,0
2.729411270955644,-0.7347574067475544,2
-1.4645517237885444,-0.8212689773245749,0
-0.371624760214041,-2.1349567973265398,1
-0.3518315387052528,-1.71986294859069,1
5.310767981426819,0.40253711668640013,2
-0.8029698273445166,-1.1850513753272955,1
2.207932714678507,-1.8913884280218998,1
-0.14978119439307436,-2.340389146381766,1
0.2812742167762712,-1.6906276561774287,1
2.7024980789437376,-0.7135262825198241,2
-0.15847475483715112,-2.316047244927224,1
-1.3544433182711648,0.7584338471067599,0
-1.4767732181939262,-0.9109734436303496,0
-1.901806422756891,-0.43366148731333015,0
0.617534445953759,6.715486449512542,4
-0.7701558900273803,2.666469195645754,4
1.427388868715247,-1.7919799309367206,1
-2.076351383374973,-1.077158736909377,0
-0.042533622112244256,-1.8158625329621034,1
0.5021723885219149,-1.9844294005695013,1
0.5996234499569992,-1.411705553452044,1
-1.443779641445709,-1.2746839103115124,0
-1.23734426465506,-1.0952249385059447,0
-0.4379433899719986,-1.515284020010783,1
-0.7550552490778715,-1.428754523913096,1
-0.07998939813012626,0.19821447129098824,0
-1.811394396923528,-0.17779321496251402,0
0.5134615664083532,-1.1180874164177044,1
-1.6380185819451156,-1.4863834707752803,0
-1.3900680299256774,-1.5452884032887622,0
-0.07085544359948698,-1.8061242631121182,1
0.36214113404058085,-1.0712030591186064,1
2.3308008729758574,-1.787382104566057,2
-0.42966589754495793,-1.5091651973289872,1
4.23940449228412,-1.1828229212869215,2
-1.5640746367278977,-1.145328265366323,0
1.391789346483568,-1.4382241115975476,1
-0.8146605394720576,-1.2153608368608402,1
-1.6320262582528802,3.5620614421663412,4
-1.120938104304519,3.6830937677486437,4
-1.1824862370992868,0.31021547807640093,0
0.5570671901427399,-2.067232692219009,1
-2.2225518749303315,-0.23296178610419946,0
-1.8050419005498044,1.5526263192338599,0
0.3354444602759981,1.179875075036143,0
-0.9301095455444368,-1.1006395625908123,1
-1.6346871606427844,-1.450110952688149,0
-1.823087486197851,1.5384555939544433,0
-0.9312480473732601,-1.5589641813510031,1
-1.8664811405490458,-0.5258423382472094,0
-1.1552091140402576,-0.5679450493084823,0
-1.7922829480544555,0.49462356542043623,0
-1.7835831484482867,-0.29609584552200735,0
-1.159563443074124,-0.7286458606123368,0
-0.2681456414824657,-1.0384105521918325,1
-0.8578234354854584,0.0010511396666115687,0
-0.23043798640465746,-0.5228400735259356,1
3.996571502103177,-1.0135034243587315,2
-0.6843139396199015,-1.9489387348488267,1
0.09207826444462634,-1.1948436829818303,1
-0.2601951524177669,1.6062609452111927,0
-0.49104793739957464,-0.4761303930003061,0
-1.0554728169012237,-1.1346350183526346,0
-2.032769391942208,1.5831083717596737,0
3.0900831104511717,3.572016504497177,4
-1.042916000518904,-1.217936800758747,0
2.6369971553519673,-1.952089447777649,2
-1.5090513857754704,-1.0742587401034145,0
-0.9317420560387734,-2.071923416195841,1
1.3401948010550009,-0.5573587690706975,1
0.7570983662707312,0.4452286656702271,1
-1.0594767501514581,-0.33350345098819656,0
1.1655915444119835,-0.6126230912112891,1
-0.6437790428360528,-1.6497737001193125,1
-2.01258397181082,1.5430834495202124,0
-2.0397792580639935,2.954164791166602,4
-0.7259754369534549,-1.052752345535442,1
2.214029368589911,4.167980289312991,4
0.45534476916641425,-1.5099333494712024,1
-1.6681770403676708,-0.5005344003879741,0
-1.475241391919128,3.360891131001545,4
-0.12020013737544322,1.7563550943331312,4
-1.6930644295270922,3.2482079510026898,4
0.14039094771915647,-1.5804548385087296,1
-1.3370878848045715,5.692561125583213,4
-2.1298107489853915,-0.5487470260366393,0
-1.3959154632095185,2.004397298898643,4
-0.613283078343227,-0.777992435797267,1
0.23653533730300505,-2.1574335684055206,1
-1.709639570835071,-0.9905480174600283,0
0.4673253275120385,-1.1160201346510719,1
0.5875405107295619,-0.845781345419114,1
-2.0821478238509354,1.5377391144531907,0
-1.9698781691368212,1.4412097145179739,0
0.03342930778351171,2.5941220476570743,4
-1.5811650027377746,-0.224499783890835,0
-1.0284271606620103,-0.7128398875271161,0
-1.23675042714265,-0.10597366638918042,0
-0.3002933542100118,0.07919346394359522,0
-1.1761843654269097,1.43894509645911,0
-1.8228067934127932,0.3807492552502442,0
-1.5569646710871925,3.5271525014758107,4
0.30095355796586176,-1.9738761288883533,1
-0.98106578495855,-0.7099807462343063,0
0.7567062524163461,4.43648307917058,4
1.7322579661215576,-1.2470432286802358,1
0.7077698102539145,-1.3139383029900567,1
-1.2174499885242316,1.144119609078634,0
0.31312494718552353,-1.5321939208707922,1
-1.9646874001321823,0.8951842157311183,0
-1.8396573844414983,-0.13702991225264924,0
1.02823352497869,-0.3234905022035286,1
1.0594958694640697,0.3949366748041461,1
-1.4160990634411912,4.103487990659543,4
1.354216926103826,-1.3864602041652632,1
-1.8071798772790908,1.3590419722696676,0
0.8574219595370719,4.69592752450602,4
0.5110387918563426,-1.3045515602544022,1
-1.4855598968987935,1.6947478145362314,0
-0.9984624311595167,-1.4315267592568366,1
-2.3012329299001335,0.9480114615612779,0
-1.4371413653842506,2.6549441214493537,4
-1.8865650650348316,-0.019930105840717315,0
-0.9852923047690194,-0.6699924092574355,0
1.1165675731237326,-1.8261581011315735,1
-1.504149820045615,-0.1962808761651336,0
-0.28632571631113557,-0.278562110554608,1
1.3108759358529816,2.73065373113488,4
-0.18897700751728796,-1.1072414400204824,1
-1.7617657131886122,-0.2425095234846417,0
-0.5204909463351453,-1.929412847590999,1
-0.5430989107195668,-0.7902230700551004,1
-2.2621753569039473,0.3608011822530596,0
-0.257448420825883,-1.1185260120539464,1
2.4582112416665343,-2.0854460473495067,2
-1.4102174140211918,-1.7844187909101865,1
3.8914863744645585,9.089502306709168,4
-1.4251881453311304,-0.023003987899417124,0
-1.6744512583306708,0.8061353093868301,0
-1.1970875516464676,-1.8689136120401189,1
-1.7797194225899668,1.0810367419874476,0
-0.4154093697294358,-0.22445961815709567,0
-1.0405320984429793,-1.7661266643742057,1
-1.9653050696685237,-1.2317068691026458,0
0.7824308320445348,-1.9947759486065073,1
1.5252166571290207,-1.0574742673330773,1
-0.9493494789556601,-0.28412013018266424,0
2.3922610112113984,-1.2523935151337644,2
-0.21476449445545037,-0.9175009944292998,1
-0.6791949648924427,-1.2114841077377307,1
-0.7009931669696997,-2.0075704618625774,1
1.3823357363415096,-1.8154766812312546,1
1.9067745702618986,-1.2631791209984051,1
1.0276313991775081,-0.9108305645396528,1
-1.0501513846132686,1.3834215813953523,0
0.5429247082438137,3.5086598483559617,4
-1.759293807424066,-0.5461077621342512,0
-0.8492637543942799,-1.7994878009222341,1
-1.368328423510133,3.172461800139138,4
8.060613291982747,1.0382689552635274,3
-0.508214181194288,0.1691404303683826,0
1.6073793405268944,2.462538051013506,4
-1.8994260401670948,0.6400511781593349,0
1.1783694088491323,-1.6636134762967028,1
1.2045577351312855,-1.2971054497999068,1
-0.6817699143164309,0.9090254006156607,0
0.4277516634362956,-2.00417669624223,1
-0.7665227822317936,-1.5877743564433617,1
1.9149808851842245,-1.3593338495076508,1
-0.7364925710270825,-1.0519272088279104,1
-1.7732453305340674,-0.22244767841441684,0
-0.2789285611951239,-2.282154714841854,1
-1.7729598513931581,2.2430137759082704,4
-1.5718153675401598,1.6191537908547653,0
-0.8803525681170632,-0.8415864044291542,0
-1.4174931773745385,-0.40937948146225606,0
0.47640040187848126,-2.1671539785013523,1
-1.6503471352854608,-0.9865006067685428,0
-1.8015399517511672,0.19213560995988113,0
-2.063386858048702,2.2509466253805264,4
0.27041889665622787,-1.0593047543482286,1
-1.6728426212839993,-0.8437163872943316,0
-1.2881160434222942,-1.4293447894948903,0
-0.22876345528193293,-1.4980226775772785,1
-2.139887651950295,-0.026306541772267544,0
0.19279947571492587,2.3190277282789835,4
-1.035721990851134,-1.0009093540245972,0
-0.7472384824243743,-1.0660987686771466,1
-0.4591024754388148,-1.8206712108282743,1
-0.9087435432300487,-0.2701148511683806,0
1.2854118779401515,-0.8679012708717759,1
0.16734546752310706,-1.6540399132209436,1
-0.6964300325068321,-1.9377781837258887,1
1.2498064051614386,-1.4712949236682924,1
0.4864790575066553,-0.9721045579080527,1
-1.091346524625568,-0.6839010258514484,0
-2.0894963529569686,-0.5570279844173086,0
-0.42946074438636234,0.03482474919502105,0
0.456434858171425,-1.7604163319846267,1
-0.3902505198700651,-2.1710309563406955,1
-1.2462535307043274,-0.8855499276776737,0
1.8898200609226763,-0.3549025016232988,2
0.9674720701751017,-1.5968768685783785,1
1.580139510314376,-1.712114728039785,1
-0.18963938807568842,-1.821324642186771,1
-1.7688589125954375,0.988127356288952,0
-1.7801656076684058,-0.12254376324547604,0
-0.39872144665187015,-0.7611320349087484,1
-1.9210254392337174,0.3434241111088677,0
-2.0569601995682048,-1.1721937449550854,0
0.03063645864097909,-2.179596531797417,1
-1.8260333966159756,-0.2698899707259148,0
3.7865223240635015,0.7628067354933414,2
0.6018174963451951,-1.6094243511452613,1
-1.3127887715585589,-1.889676391055934,1
-1.8278406250070918,3.0399490505590814,4
0.3840811826993904,-0.5501430727585169,1
-1.4362732298708503,1.432057674581715,0
4.781370624140919,-0.7236580870887285,2
4.171703811619644,-0.12531603180160614,2
-2.559548473907936,1.474182974219359,0
-1.7081892107749141,1.7355213791304893,0
0.21757828733680323,-1.6900192916830472,1
1.5327869576604582,-2.085181084835496,1
3.297429434988564,-1.3182223344371145,2
-2.266578569942221,-0.5549633667674833,0
-2.3454662665979678,2.101054716894235,0
0.4082591078055749,-1.253796210635618,1
0.738723869889958,-1.4415655972430508,1
0.16229890513021333,-2.334050979856249,1
0.1456802468228572,-1.6060635173423583,1
0.6875230872872583,-0.3702571433830132,1
3.75762688914523,-1.4335297773151732,2
0.9958298836496671,-0.5083059300717786,1
0.1370560381527616,0.07687581253379709,1
0.9601388315522593,-1.6319514437685494,1
0.5081714682978051,-2.3030310160854572,1
-0.13677757292585027,-1.4984800633187763,1
0.38072370321545285,-1.6116646231936465,1
-0.345385548160465,-2.2267696388510143,1
-0.30165315478007876,-1.1190949863399076,1
-0.7933563326359471,0.7788767325998243,0
-1.1746624201235019,-0.4283266037119347,0
2.8261380684847066,-0.9087911769117619,2
-0.36786184144843825,-1.9932690870534622,1
-1.8222202946687718,1.4363638476534089,0
-1.6384747635611894,-1.252512990187168,0
1.4351320833401424,-0.9559045170815336,1
0.20360050641021313,-1.5527582843481258,1
-1.7326761570203402,3.4681745490499587,4
-0.32736650446328885,-1.4263732058558352,1
0.8424588588391341,-1.4748396603237302,1
0.9213131668969253,-1.5019182021966826,1
-0.31240562313800835,-1.7153550023220963,1
2.201018401804337,-1.1251977065990373,2
1.1025675301914286,-1.4066901330023345,1
-1.8598779193891468,-1.3353861044076103,0
-1.375001606091056,7.490140935633644,4
-0.015623712051944495,-1.4961909164566596,1
0.05247557018459285,-1.3724448148612995,1
4.463236815252571,1.8551698844277051,2
-0.6297869117472132,-1.141679963679532,1
-1.5385562671385646,-0.9874034877472648,0
-2.13078309911948,-1.183491627854074,0
1.2783016747380673,-0.9146688133750533,1
-1.4724201379540511,-0.9295659029803203,0
-0.19557640915118793,2.9781972302877873,4
0.1448261111068121,-1.4693422805779983,1
-1.802359423906007,0.23481902504276198,0
0.5544231777088534,-1.6979066390354585,1
0.5179849376767204,-1.728610588766428,1
-0.9743747434637675,1.4227708283498584,0
-1.0910609546665957,-0.7956565449237746,0
-1.3258419181424508,-1.3053036953984183,0
-0.8063281520023995,-1.122052309626,1
-1.8769967211782472,-0.11136258905326864,0
-1.5411088907663535,0.8898020959001534,0
-1.9055760819429417,-1.1328429657133143,0
-2.0158062446416936,2.5754608132624597,4
-1.4028140209488058,-0.08912791107670869,0
-1.7363651518138914,-0.10368221233638618,0
-0.6615086506404443,-2.1326804381542144,1
-1.0243220427426911,-0.5480764261358961,0
-0.9829369754056996,-0.9241334524165161,0
-1.1009602041508004,-0.288643088727256,0
-2.10989419481934,1.1488005045543632,0
-0.3618800019678989,-1.9857243766404966,1
-1.846608634211563,0.38238594673318094,0
-0.3764852902616011,-0.6793127600403247,1
-1.7393124667798578,-0.15485213523808947,0
0.9941594514332984,-1.9210428900314123,1
-0.10630917015145024,-2.12102512847686,1
-1.9627894188111428,0.5491184989043847,0
0.3372588098177373,-1.6717794481891861,1
-1.1235897876611487,1.950325617000657,4
-2.4873278016234597,-0.5139069123247861,0
-1.3272609622579938,-1.0009082608096536,0
-1.9496620791195876,-1.017637217464198,0
0.27394225410260525,-1.2172955409011672,1
2.5458978406015684,-0.9778467731080266,2
-1.5824892112229099,-0.8027276872412353,0
1.7245866165642398,-1.4345100792459213,1
-1.6524962320558492,1.3373895141082928,0
-0.07076140335564225,-0.361758979213506,1
-0.05080545346809919,-1.0652045935794103,1
-0.8858539763297141,-1.58655467307558,1
-1.231261374873148,-0.2837204374027785,0
-1.731429223805084,-0.3288926453397245,0
-0.3140422675039911,2.112186024347462,4
2.690763660429765,7.054438953989441,4
-1.0831006033177693,3.7034053947337644,4
2.0010242334767536,-1.5148023589813535,1
-2.2438229241242698,-0.8119558321746773,0
0.39387938887869633,-2.0336340557602846,1
-0.22469318616511935,2.572954300368363,4
0.761413937498992,1.2230560835042614,0
-1.3001561204936134,-0.9045810945923776,0
-1.174862836617208,-1.8006145350984406,1
0.3474921519025314,-1.2771308076882602,1
-2.2054671906573566,0.03249436179074447,0
-0.35406288618775716,-2.11129049953284,1
-1.920252585085613,-1.1857937412837707,0
-1.4327068409230426,-0.8559848081783274,0
-1.0894447036119108,0.20120524838722584,0
-0.6405928208721006,-0.7798857415046885,1
-0.5762746773968598,2.68969756679687,4
1.1545322112102652,-1.640023218652105,1
-2.0508538669649874,-0.30543006998142486,0
1.7463799894903143,-1.6979448203462675,1
0.07335381431867578,-1.043101725593774,1
-0.33285976155564695,-0.6319194673165112,1
-1.2672219287901736,-0.9535710962250159,0
-2.2073372051900573,-0.39368949413128457,0
-1.8942252805033712,1.0618524153258484,0
-2.090822339477312,-1.349972802682758,0
-1.3037700168150266,-0.9365884013265753,0
-1.6135428293423502,-0.7021200485072961,0
2.266253329474715,-1.26052087215892,2
-0.686196103199997,-1.6765068904697542,1
-1.5464043924780781,0.35448922660076404,0
1.6266117824497024,1.1306664331775307,2
-1.8029506891047384,-1.0865603937455046,0
-1.8134026764730464,0.6086913298041465,0
-0.7426971464426738,2.1493027894591994,4
0.08070678861638922,-2.020408192739338,1
-0.43499768004898814,-0.45251283702371864,1
-1.7945190063604781,0.5296968329346893,0
-1.3626350084776195,0.3083669516281353,0
2.363325276642,-1.2269106231355666,2
-2.176613575517716,2.9854090136264873,4
-2.0929620001976383,0.4153705798357956,0
-1.6855442958688895,-0.04611282700233695,0
0.32568561917457844,-1.8803905664831138,1
-1.2174133963904035,-0.8980768341158224,0
-0.41538215356922087,-0.7276906689409212,1
1.3757704083589828,-1.6363132451127869,1
-1.8909724999163189,2.5552361259157226,4
-0.10867708262314835,-1.1945192463420642,1
-1.9199988396229943,-0.31814474858197206,0
1.2017260572850916,-1.1807926110478086,1
-1.6261850177264678,0.36910600093046525,0
0.27923859966179904,-2.0179925952690523,1
-0.6576049983709087,-0.9784667338360009,1
0.18845182522171303,-0.8754451635402779,1
-1.8718224706608424,-0.7925156853840021,0
-0.3758932901350671,1.6314364786237092,0
2.999346376711074,-2.074740262182343,2
1.0697593457806507,-2.1419762670171623,1
-0.3894193441885798,0.7154435810010993,0
-1.3700448268281915,3.9813812442231766,4
-2.015348090163931,0.6109649011594825,0
-0.842126268320488,-0.9957031320694841,1
2.96668339738012,-1.3071856813484057,2
1.5089308200912799,0.03939228434493068,1
0.21796024074915868,-1.6470829610645035,1
-1.6093457116505214,-0.7965504285424698,0
-0.11859148981836132,-1.8122532696700488,1
-1.940801363043511,0.5121638328030379,0
-1.5247607079033842,-0.4578653642914921,0
0.37577593694309563,-1.276101254394807,1
1.4734741176569766,-1.2672793060546559,1
-1.428373490998638,-0.6218072473831138,0
-1.7878362091269517,0.3033972541448674,0
-0.9438727185422551,-1.6499248881056692,1
-0.7464263378663886,0.2145176591476548,0
-0.7585016739065624,5.001688906940193,4
0.465428301193233,-1.5440570208776259,1
0.14651760903322555,-2.0258257077209527,1
-0.4705435416773709,-0.6721483003815447,1
0.5376394365455166,-1.7577358223774204,1
2.5444155117457283,-1.6210197281398657,2
-1.9963030174635943,-1.2386124578582234,0
0.2246993086582358,-1.2343824604879998,1
2.2174532548758967,-1.3749643687450357,2
0.21499276089279415,-1.1073862599002076,1
5.996304126595416,0.6413247838369421,2
3.2224385568588634,-1.5133296497378974,2
-0.8221803340461274,-1.508444243697097,1
0.8297831379797276,-1.5658900634369897,1
-0.0711771612188746,-1.0296108102112966,1
-1.0426981263567132,-0.8368964133501436,0
-1.4793242710091572,-0.7122369086447807,0
-1.773967646072683,-0.30671583157873855,0
3.209188959834861,-0.4839345034001073,2
0.5865107330963777,-1.5327263428118636,1
0.5514264421046698,-1.0868325628455873,1
-1.3042665603358934,-2.0895499429859763,1
-1.6524264307379133,-0.26652885338348337,0
0.6942973099030219,-1.5138034940382459,1
2.6854627557357498,-1.648396829203547,2
-1.7252896944035891,0.7590435692488027,0
-0.5228596008305679,-1.5827948041448106,1
0.18974709103855666,-1.5646373935240352,1
-1.8146371374258266,0.2195580165079156,0
-0.34387006794391317,-1.58421775977466,1
-0.5634216094212657,-0.998429783920048,1
-1.8233145460175166,1.987690474801857,0
0.2438322031838502,-0.1650023751314321,1
0.548086612423622,-1.054046366982843,1
-2.299867621111348,-1.1394615584206775,0
-2.012589643380657,3.1095587179002844,4
-1.3976347369307545,0.2655617447464582,0
-1.8866183553548097,-1.1145023960218,0
-2.0025395155609464,0.11058064742583609,0
-1.4096798536613617,-0.756354489703336,0
-1.57595581383875,-0.6529599385613235,0
0.3425665833955748,-1.3527712693523877,1
-1.2208391008074073,-0.7429502718332567,0
-1.8990937137175614,0.6582400793796355,0
-0.2705741283449169,-2.296664720854759,1
-2.690993787521798,-0.2804631688584864,0
-0.07778377663685017,0.2461460748228933,0
-1.611672254921667,2.1034520052436334,4
0.43567605098971385,1.0668314824818814,0
-2.2953148614386203,-0.7995806853366977,0
9.019180924068367,0.5612640314828496,3
0.3041572632598083,-1.8374017945375778,1
-1.4035725661227947,1.4682823969223286,0
0.20817977133144325,-1.8045758432676597,1
-1.8590317928182705,-1.1256222820711739,0
-0.7684084393945739,0.04737160142445508,0
-1.5896119728954858,-1.385539059456308,0
-1.7388908814165354,1.382200783610784,0
0.29723136272571027,0.5732766903476633,0
-2.042593400607034,-0.26904605336970316,0
0.315237676051064,-0.40195422824157884,1
-0.2812005047746729,-2.0422498423587037,1
1.4794865785588716,1.0854153323802513,2
-0.5754183069733236,-0.7886529294458289,1
1.1152681306268883,-0.16302383934250328,1
3.5497747051612003,-1.1868973635451705,2
1.4522980542157253,-0.29701095972258557,1
0.16360471670384238,-1.6929188898754186,1
1.2167916073150902,-0.9692096983430696,1
-1.4309565972105094,0.09421746213656042,0
-1.847782216324242,-1.0889650412626866,0
-2.0151864825510017,-1.4937186907580207,0
0.4244704457404757,-2.3792460220200873,1
0.034246629919021325,-0.8290070977898006,1
0.16879128361702334,-1.8069141629533232,1
-0.3684623860157659,1.0030711537377102,0
0.282142993704314,-1.2856977273339834,1
1.4009008010505257,-1.4273480197057429,1
0.26247053172783,-1.2337508879929173,1
-1.4104036904348731,0.9149055596120534,0
-1.642741662606135,1.5317901213071623,0
-1.5683461191012238,0.954670558948306,0
-1.6898711503100408,0.46710120257396637,0
1.7650201247235988,-1.7371460006194575,1
2.907763018077545,-1.8533176332456403,2
-1.5601396035689665,-0.7727885561764176,0
0.3957645683934542,1.9283690513548428,4
0.8808008724539034,-2.185566044195896,1
-2.073950007218663,1.0027112975848236,0
-2.2158444767371366,-0.057952310034711116,0
-1.939626583816351,0.5495218715140818,0
0.10249930745673888,-1.9466383675598828,1
0.6751144128832367,-2.01911610522097,1
0.6352538471774415,2.2942228266194413,4
0.44940728586427736,-0.6567186966022842,1
0.7812042676928865,0.35859997053246784,1
-2.451329872497663,0.7181045584283463,0
-1.950034465063547,-0.37816767291445247,0
-1.837985045459959,1.5283455841617541,0
1.340124345764362,-2.238936595344599,1
-1.8279583873296417,0.6577637141344266,0
0.03547528469505989,-2.1608264025638193,1
-1.6742024035268774,-1.7402020289949813,0
0.27591811861857596,-1.594273700267792,1
-0.6951192403182559,-1.603658440260246,1
-1.420821529092851,0.1437857434657509,0
1.7802963263976805,-2.1422128690586772,1
0.6201457038515734,-1.4958653425890762,1
0.7564756819621345,1.2169414551837792,0
-1.84087661255835,-0.4431749072102545,0
1.9336529531658673,-1.8870156703351673,1
-0.3295633692314834,-0.6213538098656863,1
0.8940519301938626,0.4502000771108606,1
-0.43275669100679515,-1.0663643044984168,1
-1.3401092070989828,0.6938825220694188,0
-2.129555885085319,1.1570088967873977,0
0.2074417628391895,-1.9202407467606382,1
-0.20446597888215542,2.2192735176982783,4
-1.7052228740118265,4.37902948166706,4
-1.9784695277672033,0.08771452338272491,0
-2.0213147447249944,0.5447092360374933,0
-2.043915598523566,0.5874233105905895,0
-0.4900673321804393,-1.7014582816194148,1
-1.9393317218470467,0.13213942437590379,0
-0.06804719006341023,-0.7751728152670383,1
0.36230217843410095,-1.8595398608440554,1
3.0594115319074446,-1.5315952294049575,2
0.6448945416805609,-2.167950642915653,1
-1.4439507417752195,0.7357401932161758,0
1.2169939034129789,-2.2618562760179763,1
-1.763225304322107,-0.49704877211479725,0
-1.1369068716506425,1.702146241898276,0
-1.7685453337273866,0.8254467180072816,0
-0.6186571838916063,-1.7049026131419622,1
-1.5142932603092203,0.4770208938876805,0
0.5484596019566822,-1.7348809099513662,1
-1.7335958367438602,-1.5130118319068837,0
-0.8739129711000957,-1.023871068798403,1
-1.7631989002715005,-1.2479392823889337,0
-1.7634890065693645,0.0007738650914381379,0
-2.044891142555827,-1.2820596666402426,0
0.47362613072873216,-1.9256574424692254,1
-0.30332986315489513,14.496505395877033,4
0.300282219890792,-1.5690943562364765,1
-0.5536184985348984,-2.0370834530527437,1
-2.0740730494742916,1.299428054862649,0
-0.8895528293005353,4.492158143306733,4
-0.5290686438525889,0.8701560671735324,0
1.6787311467688322,-1.4571054915488975,1
-1.0416015870052688,-1.114773523767239,0
0.023703115283019903,-1.9706570053978973,1
1.3466655275219013,0.3885404696165839,1
2.9211208901128494,-1.682251017124084,2
-1.67671454863212,1.50980633342873,0
0.26414763832183114,-0.2916388249047264,1
-2.0408239355324986,-1.4706276391203417,0
1.0564144612882072,-1.9433311388622763,1
0.5695136769957566,-1.8269762927542323,1
3.6726291074199944,-0.7815385923706506,2
0.15503986307559717,-1.7826941109030592,1
-1.0065009719808675,-0.8261204990713056,0
-2.0526503945362795,-1.287555245245062,0
-0.10706035389947618,-1.4642427747582327,1
-0.7320956450981707,-0.024292630034281695,0
-2.014683866864983,1.25659903265286,0
-0.4930432740800005,3.6649670173161093,4
-1.6738070420319981,-0.4613801143180577,0
0.44294088336370485,-1.3544550108494633,1
-0.26847081229583236,0.7814542844597815,0
-0.9172810611255288,4.651657660389624,4
-1.8810527144361768,-1.4552997893813433,0
-1.8503844656138515,0.4462315199942748,0
-1.7314826465654423,0.14580372174780426,0
1.6166537912572565,0.6830178400783586,2
-0.9654981639925001,1.0085649517119162,0
0.13065656088097713,-2.085661615595469,1
-0.9834605296155043,-0.3843333101951221,0
3.138397803405089,-1.7516656233806367,2
-2.51154851445441,1.721011145097645,0
-1.5637222955808652,0.233126573221332,0
-1.9362137581651073,1.7321564380857635,0
-0.7626362163034404,1.8335316754294377,4
-1.541287177308032,2.8412809218182473,4
-1.6277527685928257,0.754468616678272,0
0.6156484253091872,-2.233501491556761,1
0.39470355334795915,6.88608296091922,4
0.9665320279432373,-1.6260671597954197,1
-0.8242026482000047,-1.3203183711744753,1
-0.5374229491055268,-1.8305624809488035,1
2.462610425169639,-1.2609795453988197,2
0.11109451069235642,0.3142622796707764,0
0.32938023953497925,-1.5249440805984298,1
-1.58462103261942,-0.19527624206274788,0
-2.050737304455061,0.3708529206845332,0
0.011364128719593622,-1.9742515673009733,1
0.05167694488467394,-1.6494280086839792,1
-2.2118693725752223,1.6738401452921732,0
0.8496906791243609,-1.3031835350931427,1
-1.268346742244567,-1.701770982582977,1
-0.8068858883100313,-1.5398855286656707,1
-1.3129212883489636,-0.539377355757451,0
0.2973528244141196,-1.663571799374372,1
-1.2192799996691495,2.3499187272817235,4
2.9701756206244205,-0.3333248128935267,2
0.7256247075158206,-0.8608901268349674,1
-1.695264597262147,-0.9988069308735301,0
-1.8811660006819737,0.4339384168575845,0
-1.7369703054955592,1.7476309936830756,0
0.7836502707284791,-1.136403654940437,1
-1.7900476349671464,1.0157962701645982,0
-0.7888651954746005,-2.0272780399412174,1
-1.878290413955319,0.03393780922049929,0
0.6841373190552235,-1.853925691404103,1
-1.1810088541539228,-2.00194396665095,1
-1.4974987195758298,-0.4527779861690097,0
0.18145058241199477,-1.0306080222219192,1
-1.7254350794435396,0.21063236283978182,0
0.7180458676469085,-0.9280995818002394,1
0.8931548141225626,-1.1845350496544318,1
-0.6257782042140276,-1.1107136414837606,1
-2.4641725397789163,5.371819111915224,4
-1.8867190306753172,0.7044726140559596,0
-0.6584012335323361,-1.1133792565750755,1
-1.7263314880935912,0.1305981184339554,0
-0.005752534605988145,-2.0692859422917786,1
-2.0551208754274324,0.4140104354237004,0
2.3256253312113553,-0.8196044707870264,2
1.3404968990351265,-2.0781945504103727,1
-1.7274175753701524,-0.20208833943346846,0
-0.8265901667508293,2.542922476017441,4
-0.5410858942094902,-1.7879258885000147,1
-1.7542735456227616,0.8196707806133902,0
0.2523792134506434,-2.247145272529357,1
1.0544993612863072,-0.747855463336715,1
-1.8310170842455111,0.008963379661619492,0
-1.157384958250231,-0.9864897832889418,0
1.3477220831561627,-1.563607463308433,1
-2.0983937475446224,-1.3449747612620078,0
-1.8127941131259921,-0.08217178526225098,0
2.220298242549784,-2.2544512850605574,1
-1.2131744052644386,0.5807087852320216,0
2.780853574161515,-0.8032500057061049,2
-1.9850663454899198,-1.443139723938266,0
-1.600800092947768,1.3451436255447518,0
-1.4851140635250912,-1.3032583151478898,0
-0.8761583062382988,0.25363168463340485,0
-1.2643616145295073,-1.1246010375137725,0
-1.922045621478853,-0.5503445872450572,0
0.44280097758721804,1.5927305155111817,4
0.19115391556069358,-1.5078962663916358,1
-1.1146489146060092,-0.11140898322397304,0
-1.4082261893852388,-1.05890274885341,0
-1.8352696824630228,-0.04251244902491857,0
-1.7589316661170484,0.5975563338888218,0
-1.5770735801874538,-1.3953976881188035,0
0.7180861732544117,-2.1043611471965566,1
4.049132799516532,-0.5138911366039739,2
-0.6703663140171294,-0.7734048172940772,1
4.680966918533473,-0.20054762208922014,2
0.3864139444875226,-2.269269998408937,1
-1.680845300911778,-0.779995073958928,0
-0.26828778817616367,4.422861475451267,4
-0.007774519782855496,-1.3564416621796274,1
0.262330165172411,-1.6606470121182448,1
-1.7716617835346662,0.8243214920432018,0
0.47380148255258747,-1.2901853470419722,1
-1.8646640402275867,-1.2222523533074097,0
0.6997608048252167,-2.0931379543668083,1
1.765462540482829,2.3840036887359535,4
-2.2808163467382068,0.75997361012692,0
-1.7800424336171756,0.4375768039522365,0
-2.1606485308034036,0.6412490231182523,0
-1.2701985078011584,0.8161126904382606,0
-1.8013758075653898,0.06406451584619116,0
-1.2784542963259868,-1.5549254601241458,0
-0.5279146634834708,-2.2452588178374135,1
-1.7958161259808705,0.09718486995454943,0
0.21572380126184829,-1.6933609709411428,1
-1.206590966816642,-2.0119342887643854,1
-1.656611938981669,0.9897124026191646,0
-1.9135735395827702,0.3930961963800672,0
0.7310998929795501,-1.7431956865400509,1
-0.15498846090655716,5.14794146398206,4
3.376264142704553,-1.0451616025282668,2
-0.6681204038088568,-1.884084058053371,1
-1.2926131271135919,-1.2719468998823722,0
-0.7936459168346948,-1.0363224661573287,1
-1.3686288803092619,-1.2694881264155107,0
-0.9009426757840254,0.455489458487294,0
0.7549938105554846,-1.2126020356685747,1
0.03224324358328703,-1.7236182289614985,1
4.641126144604735,-1.8670128238143726,2
0.6629795428941356,0.3735945771513859,1
0.37123093558538256,-2.113156639181135,1
0.5872094852866901,-1.9964887866908734,1
-1.8538232458933612,0.04928782878721568,0
-1.2192478612527073,-1.063089272266397,0
0.050251916823333805,-1.709799897194495,1
0.1452835611232257,-1.4943682424974503,1
-0.7064312814514506,-0.770017470472586,0
-1.1330609124840547,-0.8511876398240267,0
1.1507539396745698,-1.3026662928542176,1
-1.9762107723010587,1.3307862923565021,0
-0.7932997538160501,-1.6574409283679736,1
0.10920920036601117,0.8442789556601783,0
-1.0315110778981842,2.0407098423908807,4
1.2740892216136195,-0.8796056863773232,1
-0.9134354084845565,-1.614487601223561,1
-0.6657704297547818,1.0043933051104499,0
-1.085842049868798,0.5187029386635625,0
1.637950050983632,-0.9227933681358618,1
-1.047880882187722,1.3856111670012723,0
-0.7242996983352359,-0.6408909557859577,0
6.1836644266150715,-1.5914054263092652,2
0.10185511195123874,-1.5099547389979602,1
2.610478600545268,-1.266939441371455,2
3.442167314262962,-1.2036595935643124,2
1.23270414765298,-1.9766387655623752,1
-1.4370654747529115,-0.2665506912983012,0
1.260428996412425,-1.2668293792578007,1
-1.2399897008695655,-1.7394880945231548,1
-0.49841450702554846,-0.4239122562940349,0
0.6621473865436142,-2.173491714883597,1
-0.6893899297349294,1.3241373879444873,0
2.640771957029769,-1.1961571575967043,2
-2.0199597055962792,0.4398446546174513,0
1.2369256355305838,-2.226253582207387,1
-2.354815033806462,2.213320598831867,0
-0.649962497514903,-2.3567878075335336,1
1.666606797366806,-2.1330270125311706,1
-1.1708432798612516,-1.0678389152814427,0
0.04238959104266448,-2.1913989312204705,1
-1.3501439987818789,-0.8805290014336612,0
-2.1799443617064878,1.3504242087098237,0
0.8330541256640545,0.08454489644837233,1
0.7146934929930492,2.5192622218807292,4
-1.5789222935954526,1.652223044303198,0
0.4232132830742221,1.2315785645255588,0
-0.07159527672810165,1.4458540837429712,0
-1.0613056790659912,-0.20259956043128488,0
3.4477134529331956,-0.8361447114311431,2
-0.7219032136578022,-2.027915389367434,1
-0.6380045991173993,-0.5812488365283918,0
-1.3454732413782573,-1.3840636019415864,0
4.650696768542318,-0.969549699731598,2
-1.500710583167762,-0.8574939297105505,0
-1.833615139262237,-0.34459979607059155,0
0.5697846379553319,-2.1795743145718753,1
-1.5668411908728876,-0.6296326229559331,0
2.4659296512107254,-0.1883929483615314,2
-0.5091847883953889,-1.5351446675653224,1
0.1286287104975202,-0.4878810730152093,1
-0.29215475499845434,-2.18973375855348,1
-1.9079405261960987,-0.16975943225307913,0
-1.5174232398381566,-0.6662440401093639,0
-1.9422895890186993,-0.488779616445348,0
-2.3949228786303287,0.016116987590723244,0
-1.7850347323034212,0.5669787837888572,0
-1.7679417903444954,2.0827054686334443,4
-2.3986523560488315,-0.5369616041021029,0
-1.616012470422517,4.662257813139733,4
0.05555576909880957,-1.8196445402866153,1
-1.0702736858858164,-1.702802414610227,1
-0.8248109381953325,-1.5756300358495288,1
-1.5323194064570813,-0.6410749255487903,0
0.19274044379997984,-1.7837454780537434,1
-1.6942946337425093,-0.6051506304164804,0
-1.5930925420675401,3.7350679447817865,4
1.0192126644963238,-0.8984744487581228,1
-0.7654788072978145,0.20760571246872545,0
-0.4648025318014115,-0.3663127189222927,0
-1.5991824924012423,0.5372854140313745,0
-1.3113381129247976,-0.4548322822729211,0
-0.3812610020362855,-2.2582401172337496,1
2.3055087660697358,1.2546627972062991,2
-1.4682007672827553,-0.6819258122764005,0
-0.12258983359437603,-0.2522533988273442,1
-0.3309803432196446,-1.2642275593520287,1
-1.6160722261427176,-0.7858412099584161,0
0.6083338778536576,-0.6435637051662325,1
-1.507289302312088,-0.40457130450135953,0
1.4052178346873656,-1.3819353058772483,1
-0.5407502648082773,-1.0109858607102398,1
0.5274041920181155,-1.7397024962452852,1
-1.4779042190991207,-0.7959163556862926,0
0.7028936871004996,-0.5081216652302282,1
1.6597350568406715,-2.1295916942430315,1
0.9052680777929978,-1.6623565367574806,1
-1.806889124357862,-0.27528211765591404,0
0.5118387589232545,-2.1301940417210043,1
-0.3222199553705751,-2.092863936958341,1
-1.328169876728854,1.511073100773852,0
0.16683960268629236,-1.674159553547191,1
2.364578088248704,-2.083423031074221,2
-2.0544176920722763,2.0904192227832814,0
0.15861108372989224,-1.4143144265820484,1
2.8014597391706038,-1.491536993930954,2
1.401601169917441,-1.1258703730824842,1
-2.087406703926428,2.721317661700837,4
1.3411528907565586,0.24171161156114612,1
0.730040379476436,-0.7350030892503377,1
-0.7540525622598861,1.5546857170221227,0
0.29558028363824684,-1.7553871959598708,1
-2.196342129245581,-0.1625253615174268,0
0.5018780869025221,-1.6848726577278026,1
-1.2574322877459962,-1.3755641361453532,0
-1.7072069378063042,-0.3766584740383044,0
0.3294382162815724,-1.866288417488584,1
6.130592830221088,-1.595056719487544,2
0.7903309255551049,-2.2319415374911133,1
-1.021177920774929,0.9565413447000585,0
0.10208468776640554,-1.4036974277938972,1
0.22320242431373272,-2.260245635005706,1
0.1715625587924874,-2.1251663879810865,1
-0.1834383188702687,-1.6493556813340489,1
-1.8727039939948493,-0.3582489671431695,0
-2.0711242579018108,-1.302216249165502,0
-0.7772913085356496,-0.7825936269475252,0
2.5970753217221128,-1.4897592201056462,2
-0.7669710531036958,-0.6088299067928762,0
2.8180057971542105,-1.8726136281761583,2
-1.5871694309510307,2.3997298566698695,4
-1.0218270367066713,-1.2515048321475062,1
0.042875633961680974,-1.421093785521118,1
-1.0301434496207644,-1.396838537864007,1
-0.7148845155344362,-0.9899652296136581,1
0.5573279872200709,-1.827766774036381,1
2.5473111558782437,-1.027962089756219,2
-1.3666913035137975,-0.6985077172668189,0
1.9923592766123999,-0.9747958209220631,2
-0.5242489185525678,-2.23428779439907,1
-0.7614490030805033,-1.2319534935852463,1
0.5491739456813031,-2.3883324577946694,1
-1.84161226191057,0.9407551030636088,0
0.5592845214160694,-1.266774294990156,1
-1.3194146266428106,-1.3659835997025853,0
-2.102180257505999,-1.294607267657265,0
-0.8800925947835194,-1.3377824707877095,1
1.5191962263262202,-1.324392176237284,1
0.9596188557142611,-1.3095492287813064,1
0.2990908503165815,-1.5909135721785683,1
-0.6213321978442584,-1.3343775786836019,1
-1.7312493959594277,-0.5122361299820667,0
-1.7594769456416892,-1.4394697310785036,0
-1.1039743559504518,-1.2171117083869443,0
1.6547797914573823,-1.3292608125981482,1
-0.9694132621574186,-1.1557671272641283,1
0.599297929825922,-2.2241243023509023,1
-1.7268020334575431,-0.25569164294443913,0
-2.1613268553457954,-1.4475131273336417,0
-0.617003487048054,-1.136333228039818,1
-0.8274957203243741,-1.9980960946754287,1
0.19613901388008798,-1.7493147592291283,1
-2.4080710227449957,0.4608128887816799,0
-1.5950471357111586,1.6270787669643567,0
-1.7831523618464649,0.7622733318423033,0
-0.22279887212916655,-0.9567934662190877,1
-1.3353664844807076,1.0751163357862632,0
-0.5141948478092114,-2.2962737541034994,1
2.844826624447833,3.9154346858062734,4
-1.1428421005417648,2.635534211860263,4
-1.9905196377887813,0.26953756519283734,0
1.2536932877435296,-2.0518458282509564,1
-2.023817359583995,1.0391723122150525,0
-2.122715629981902,-0.6488996122532135,0
0.524923499863527,-2.097771004638391,1
0.1494363155542516,-1.6419571152548647,1
-0.8072376703085092,-0.9849935555100648,1
-0.6718336677148417,-1.4656734429347535,1
0.27978812055865954,-1.841933279277905,1
-0.6988318164617217,-1.5929447570844322,1
-1.6446621777816532,-1.3667292018495425,0
1.2140835991454935,-1.6856472395668667,1
-0.013625353791669716,-1.6729008233945675,1
0.21098317617205634,-1.9577075726113247,1
-0.6357011922910846,-1.78103527023714,1
-1.59694445898421,-0.6675520140763129,0
1.0959908039825659,-1.3801694882061415,1
0.3382654087536721,-1.8017293809799062,1
-1.6904876011686416,0.5761102404758067,0
-1.0209590617748814,-1.6886294498997096,1
0.16595179690547238,-1.651893058099427,1
-2.4748566607630327,1.1098860609746402,0
0.35795636662487307,-2.133115441877883,1
0.05829297022312446,1.7220668471196223,4
-0.2766430384112327,-1.7340592234814067,1
-0.10163475213633505,-2.0853953970912826,1
-1.548854400091639,-1.1943879773697754,0
-1.1899779563986348,0.8641565204673867,0
-0.6178032756505667,-1.531157483824684,1
-0.8558598278120372,-1.403682701344284,1
-1.1071909289932553,-0.8635069820684032,0
-2.2003813118433038,2.696658791844502,4
-0.5191605725990113,-1.3093976918019588,1
-1.9285207190451426,0.47846716284108326,0
0.3321739648988816,-0.49050563019555277,1
-1.3172959300749876,2.0551649064574935,4
-1.9271257975089,-1.1881742956752812,0
-1.1457902830837585,-2.1317776011997522,1
-2.093863251775728,-0.30141759662390005,0
-0.25471444925105463,-1.923269797452484,1
0.38208625697327664,-2.0186722455979753,1
2.794798362663411,-1.779429105528987,2
0.9785377560308063,-1.2489704708065872,1
-1.5098902490525585,0.5790615884314214,0
0.31138385777674166,0.3130529065940622,1
-0.8937959553215709,-0.7353010837497647,0
-0.3970343720244148,-1.5758981562166003,1
-0.9600534184168915,-0.9270901947844921,0
-1.3391912147556204,0.38811096656214344,0
-1.465777782858726,-1.1526281878430376,0
-1.5543419996831513,-1.2410060631147615,0
0.06016940085302206,-1.255747507421489,1
1.6638349064424516,-2.0277316461188444,1
-0.01845544994018833,-1.813123693562722,1
-1.1702162512814727,-0.700702341788347,0
-1.9397756196046758,0.5870082548575756,0
-1.5740919886565141,-1.0259737318867708,0
1.1202750425966106,-0.3386738938686887,1
0.05100217148734131,-1.8207472335613912,1
-0.551613129779485,-2.267273272335129,1
0.6712339052092828,-1.718967600727256,1
-0.6108842294958943,-0.6964967507679295,1
3.067568664443417,1.517498092059807,2
-0.07895847549605128,-0.9681798796838874,1
-0.09514628893137332,0.5280518999592386,0
-1.3735992215479063,0.073012226084788,0
-0.6964995009533497,-0.20572061278405643,0
-1.921673393432089,-1.6218453871318137,0
-1.915665427290721,-0.8754009751545887,0
-0.36777389232793667,-1.6333295664004768,1
-1.4811197278851675,-0.008535607394775123,0
0.07177901709632739,-2.3058844596028982,1
-1.922726417029577,-0.4791351886406366,0
-0.5843072641113956,1.0680521347264078,0
-1.592355419423393,-0.5967504329887156,0
0.7740303108715881,-1.4806377783609823,1
0.4913065304452538,-2.229004197756003,1
-1.6923987509737246,1.503324109703416,0
-0.2160307582101718,-1.8145914769969471,1
-0.6541745275577493,-1.6727108115588767,1
-0.030156337854505978,-1.7468265609129192,1
-0.14658902524053255,-1.5941764282473871,1
-1.9693329729763247,2.283852733335645,4
0.034101979535333136,-1.3030131082076173,1
-1.9139857816413037,-0.5882060634447486,0
-1.7635142987253198,0.010153694308770216,0
-0.4746343400065811,-2.2666962774364237,1
-0.8553832228453617,0.4940416521818631,0
0.25843020942427103,1.5858665722998875,4
-1.7990894684297343,-0.2704747052755728,0
0.019747805767217394,-0.8819290679356784,1
-1.0909550235473409,5.340248017151997,4
-0.49429765666468006,-1.2961146344522974,1
-0.5691271439902065,-1.4216058412162136,1
-0.41465163711856573,-1.6737720237461635,1
0.26217510485669415,-2.2897881424844724,1
-1.130514559266309,0.09929022971626678,0
0.8474750710601671,-1.7701885400187085,1
0.1730812233645325,-1.6325319327442847,1
0.1521440204760451,-2.059419870444794,1
-2.1306938136987705,1.9815675816598668,0
1.8670907456241521,-0.8487984607607045,1
-0.2952780637493906,-2.060486668577651,1
-1.8219883642475807,-1.3290132802336347,0
-0.053104936151024275,-1.9275041033881846,1
-2.213267485459288,0.15794244460917442,0
-0.8694263897836855,-0.8139458689953473,0
-0.3822490493115449,-1.3347199751197658,1
-2.244606675342109,1.474221446052374,0
2.144726341946698,-1.4041016814869625,2
1.732178977317439,0.021165619860593527,2
-2.085583173317739,1.8944612464469446,0
-1.725092058816227,0.6588936941276144,0
-0.8805930912512122,-0.3073844373690356,0
-0.021184415542319,-1.7278765023147253,1
0.40526671317316515,-1.2374469957887075,1
0.7834256956815222,-0.7744744557540725,1
-0.7982089598533803,-1.5436898444390679,1
-1.7640936500961013,0.6304466244460161,0
-0.8786081360481298,-1.9175272366499232,1
-0.39651125537497495,-1.4256119766815076,1
-1.7132542411094154,-0.08032978909389414,0
-1.75617593819694,1.0617531328437997,0
-1.2435238686035648,-1.4039694280042694,0
-1.8443251114760677,0.549507232223375,0
1.2783590513105383,2.346432628700172,4
-0.06475853585792653,-2.033133502451136,1
-1.3673428880889917,-1.3448661842446534,0
-0.45156769714970163,-2.1606300523304816,1
-1.4697491371650306,-1.5548866547444815,0
1.9322537923106857,-1.731310627509372,1
0.08907112389708384,-0.102212335644275,1
0.8530491116590015,-1.4321816920253228,1
-1.6533068456659639,-1.4278240791419117,0
0.14427065081034154,-0.8234074896478619,1
-0.3961712950315558,-1.3287944394492959,1
-0.38215707053610193,-1.9524313517639158,1
-2.033824906546648,1.075919012207987,0
-1.2049912967482848,0.48449724232565067,0
0.0119375613231739,-1.8929896392739474,1
-0.20598817446695503,-2.1964237889830285,1
-0.30137481552718587,-0.20343923813433987,0
1.2319448129319859,-1.4937438837671735,1
-0.5810411568842326,-1.7870940799092312,1
0.357734149875215,-1.5713179287984471,1
-1.72657091114556,-1.4560925941029688,0
1.3040043052999302,-1.2056233910848864,1
-1.7914409869274808,1.0358842288892038,0
-0.0038703170967077233,-1.9051666454188256,1
-1.1112352907003396,-0.6156454380691655,0
-1.4537109428877057,-1.9641751429336778,1
-1.1304132239057825,-1.7055429840126581,1
-0.4389973563171074,-2.0588646076234696,1
-0.35246060376943084,-1.3603104217153428,1
-0.031194153389440052,-0.7756399571004815,1
-1.2868078953125994,2.0020140557667223,4
-2.1909833759019044,2.885222169410872,4
-1.8016314614610263,-0.2803697384383164,0
-1.9151815430670203,1.3875774037252262,0
-0.4645226643336811,-1.4716593935638709,1
0.04300812309993394,-0.38419574370460585,1
-0.1747807266560588,-1.1878427444976463,1
-1.035822110754882,-2.0124012738857284,1
-0.3123284103412078,2.7917571950373317,4
1.694114230093407,-0.7902130853057481,1
0.6730122556876318,-2.3410578703746685,1
0.20813718793835592,-1.5158516804346358,1
-1.8768316874162547,0.8529442125334052,0
0.3447619517550433,-0.7064345518143638,1
-1.06106189680913,-0.43917290581130647,0
-1.1398729171575328,-0.9661029895591469,0
-0.3492230754881691,-1.3283385213663694,1
-0.7689101890118729,-1.9647249834003944,1
-2.695853364020542,-0.7913601587217873,0
-2.0599037641556697,1.7868475815994522,0
-2.3320155517069256,0.9575851313796815,0
-1.4827518047491086,1.868942968571181,0
-0.23877932868144164,-0.30823435441250013,1
-2.2733932801027814,-0.44126394850422607,0
-1.827170455636869,-0.3373288441584613,0
-0.16609189959324205,-1.7582839687562184,1
-2.1733107709981234,1.4278452149925687,0
-0.23742147587209822,0.6397579852450508,0
-1.8203411796438331,0.7084720591304878,0
0.3161545705881735,2.698491895594881,4
-0.7660106283530143,-0.3761392812385029,0
-1.6104158257063814,2.624505262295637,4
-1.5651358063289325,3.092341611931191,4
-0.3183103225330596,-1.8220804831567972,1
-0.9661729530134288,-1.465834571888642,1
-1.808274378114455,2.0234518244770685,0
0.061225955164061506,-1.7463763861413917,1
-1.9114880172323105,-1.1927267735308675,0
-1.8261125666933373,-1.1395783852861778,0
-1.9866733051876742,-1.4728392726441462,0
1.3151091815091802,-1.978260593537334,1
-1.8390996719797394,1.7825659273393342,0
-0.2881969174025884,-1.2687747559125577,1
-1.245898602893215,0.7433034769198467,0
-1.2894992607383746,-0.5382948582588968,0
-0.3822741281226822,0.5831139670149988,0
-0.4207118343059305,-0.9946732534325846,1
-0.47876265501505777,-1.4511134277553734,1
-0.5696189652818999,0.45618484159908906,0
0.6897241461505528,-1.7150823064687901,1
-1.8896142059804355,-1.418315312363192,0
-1.7024221932495733,0.37132640977992304,0
-0.37159841873698446,-0.4805905031819087,1
-0.4806862427715384,-1.7377689535784684,1
-1.478942646623173,-1.7301953791910576,0
1.5455416546676544,-1.2076856442292008,1
-0.15754786885607047,-1.71261719895768,1
0.6671649949633999,-1.8461312681926612,1
1.4409959664508596,-1.599092543460495,1
-1.6882272353727554,-1.181359488432208,0
0.1984337105423426,-1.6427450812471385,1
-2.4198575618495815,3.7140478779213115,4
0.810610466429802,-0.6987239594952396,1
2.430506672831976,2.640413041951426,2
0.359214597482338,-0.613180705161693,1
-1.7230725192238658,-1.2434161620337902,0
-0.19455250235372928,-1.3437462808809442,1
-0.3232999063953775,-1.1781234193391557,1
-1.9714938160584363,0.9336013067725915,0
-2.1283139188294458,-0.1350569138243476,0
0.6915189374032029,-1.8539405222955918,1
-1.61010182338965,-1.4501295501963833,0
-1.540683783650217,-1.6746637983452934,0
0.05791871050448188,-0.9321675888393934,1
-1.967713165765638,1.285332539936074,0
-1.703130655670149,-0.8960877378940867,0
-1.9511041217046696,1.7525980869634354,0
0.35967443480244604,-1.5582100984503826,1
-0.012249689815805147,-0.7427119747364371,1
-1.63739351003733,-0.8827121166605367,0
0.223623200855204,-0.8376144769755685,1
-0.12153602065970934,0.8799582705451829,0
0.16439256951483583,-2.1085774027622075,1
0.04310991279814416,-1.9527337783454397,1
-1.9670010632246524,0.5668687287132329,0
-1.5154600458980394,2.0294135298002884,4
0.765770715478294,-1.6140420395698336,1
-1.938193610241164,0.8673382815787477,0
-1.7022936918645262,-0.13881732159313903,0
-2.2268750311672285,3.4402622068562847,4
0.6957762148657759,-1.1713798735175054,1
-0.8119515295215185,-1.1383803606765859,1
-2.2342715483297884,-0.15815892401207235,0
-2.2380045168466833,-1.3315182271122752,0
-1.2694879591775237,-1.2078185724321864,0
-0.25753375609155904,-1.7144636003397822,1
4.414593553001345,0.5306576603906327,2
-1.3694748016772673,0.5932924862599859,0
0.3790509197751015,2.1994643807530485,4
-1.5331530697795654,-0.6156678874300319,0
-0.9617468696805291,-1.6161572155006487,1
-1.7032810779585097,-0.8507572617747127,0
0.36398338002392655,-2.1097158663394113,1
-2.0091431309721486,-0.09030490491453338,0
-1.3623527387923944,4.193538587847704,4
0.6357315315519982,-2.105584578687502,1
-1.736811941285402,-1.207379509312769,0
-2.2518572284519895,-0.6716098862154823,0
-0.09681779679279522,2.889249400013363,4
-1.1138973382995838,-1.39400967497158,1
-0.46349295609977836,-0.4438873644067305,0
-1.828206000087487,-1.0771725536598078,0
-1.6231505117835456,-0.686583785633535,0
-1.0530066731654804,-1.1726697210061336,0
-1.3372908541471764,-1.3415629303324417,0
0.03957161416913746,-2.102552354892373,1
-1.8845478533643787,-0.09386583036905559,0
0.0940861186591909,-1.6534320244066316,1
-0.8350287071183636,5.924758095276353,4
-0.8023083161501001,-1.1045796970286832,1
2.102250093172433,-1.1304469331191795,2
-0.10430498889383755,1.0894819561317743,0
-0.7879074927993513,-2.1259020184279147,1
-1.7816972949890924,0.1482550142471203,0
-2.482652867206574,1.273261338095515,0
-1.8794787568641331,-0.6998329653876157,0
0.8831798219079386,-1.9676095291513622,1
-0.2683202449511272,-1.5244909391581027,1
-0.14544086261408315,-2.1574927364141456,1
0.5967771951088807,-1.9082214388727277,1
-0.889097180109245,-1.6947279375315183,1
-2.002185798547035,0.38346489764311864,0
-1.2406885083191057,1.5731287828662732,0
0.36312101371890765,-1.958938706829794,1
0.4147887310572606,-1.7442457647880547,1
-1.8927848549673056,0.5702326027318174,0
0.3568549579144884,-1.7596849983206475,1
3.1786057447750706,-0.8489117049134842,2
-1.2780698053146644,-0.15441382472080464,0
-0.3280219351610986,2.721104601087553,4
2.476992667463139,-1.4829690941196827,2
-1.5821372012328387,-1.0112797223305392,0
0.7080612461562197,-2.0486214170111023,1
0.3814124852073561,-2.003114519388793,1
0.35375867891233065,-2.0281617764397177,1
-2.572971984177354,0.25567508948357914,0
-1.2523184155494649,2.5357585976300894,4
-0.41096138170966634,1.2581408315954108,0
-1.7223626794205498,0.379097336161541,0
-2.7235920823195303,1.1632501067715482,0
-0.5932443316163714,-0.06833915056683292,0
0.019275526910294133,-0.536811100427733,1
0.21177211036592175,-0.5209607224848982,1
0.25182705466714456,0.6796281893587521,0
-0.25022007849620737,-1.7999806868141535,1
0.4876046637787459,0.32034296225259823,1
-0.2425865480733143,-1.6853873008710136,1
-1.7425722951877989,0.38753482729019345,0
-1.8816796597652743,-1.0961971459435753,0
-0.8038016330962298,-1.4978603139701412,1
0.6119016761642874,-1.0916235898404871,1
-1.7154173474852084,0.994295117612503,0
-2.415620225145276,0.41977612334171377,0
-1.9559012921038583,0.4841429782040882,0
-1.8328830854237508,2.792153290037548,4
-1.8396264249286087,2.2339561640632257,4
0.056210615603341625,-1.67358972460901,1
0.5462302154631805,-1.889936384631783,1
-1.7709297424716979,2.241765333422932,4
-1.84332081669115,-0.09571717268281967,0
1.0843567974478387,-2.198012164148981,1
-0.6207518133357653,-1.6613887472478261,1
0.4085112152301035,-2.1978241536766685,1
2.2810744118254696,-0.27189704286949695,2
-1.4467460799721779,-1.3398123507649584,0
-0.5432516828856665,-1.9874696269641468,1
0.18569885353927587,-1.7436261369439385,1
-0.08233099120331426,2.4046675925040124,4
-2.2350941792065493,-0.7603800152989941,0
-1.8376975669918354,1.590168788687877,0
0.10273712606583107,-1.8012474152641862,1
0.7509226734968361,-2.30515485089684,1
-1.8864860725272183,1.8979680673693362,0
-2.235328871440701,1.8684376724864227,0
-0.20764898458342382,-1.7973177348963452,1
-1.2438554827091552,-0.6500517873077253,0
-0.8010707852253895,-0.7595417924971161,0
-1.5274439260207655,0.6679207830234543,0
-0.07577238246810701,1.5220417376232969,0
-1.621069409549285,2.5133808912838496,4
-1.5724650806271905,3.9172784829957354,4
0.916683985862304,-0.1301221322544992,1
0.687746498268452,-0.08044399502478884,1
0.347672458790125,-2.1345808942952935,1
2.866450653104636,-1.8336380283149907,2
-1.643675435133605,0.6687231382240206,0
-2.0897894764328733,12.663040597663663,4
-2.4563490561232886,0.1889609492026947,0
-1.6922772759783415,0.3600983865044629,0
-2.075200528081583,1.1704128501095759,0
-1.9222262750379993,-0.2084516681894145,0
-1.9920065730459524,0.6986915369192966,0
-2.06247060413149,-1.2692483539635138,0
-1.786230238125305,-0.2670931833533431,0
-1.9214367299533806,-0.9752787394589221,0
-0.36651148139454376,0.4524138231070111,0
2.069531883136382,-1.7517643489109236,1
1.0683761729578793,-1.9846803715120185,1
-1.9540763588528012,-1.070197179962285,0
-0.7062306171355989,-0.8088849143897818,1
-1.9565462897052266,-1.4296618116358688,0
-0.12077286275561151,0.11643910042965994,0
0.4266871087605811,-2.4330696214067915,1
-2.2584981497832466,-0.7613723329429536,0
-2.145852027090345,-0.44341725419525096,0
0.18036666347305638,-2.1638462042040874,1
0.06187390442588637,-1.6107130507370455,1
-1.7654410948203139,-0.909073013399706,0
-0.03231891468040265,-2.152575707682552,1
-1.8950059726471515,-0.06630005335016566,0
0.34333123565761214,-2.0955903586913425,1
-1.2507968247123744,-1.1257558177378677,0
0.20266575767154765,-1.763457330882122,1
-0.029466449768158612,-0.5076527024804516,1
-1.99810349328888,-1.487885143135323,0
-0.7270416564115376,-0.16554890566624378,0
-0.5758832461164616,-1.9305640777672526,1
-1.975248179479805,0.41368334419956276,0
-1.4774725362296892,0.9493134685537822,0
0.5432911295039189,-2.2299910580790328,1
0.32171279094792576,-0.9246074888782234,1
-1.1624844438535056,2.061474978657056,4
-2.093000275820311,-0.8005073045125242,0
0.8973236461862424,-1.4799375257917617,1
-0.40028453830809724,-0.7517562259173569,1
-1.6591146167653201,-0.4685578877520124,0
1.5356861281897318,-1.527985881834852,1
1.252136403091092,-1.4833003235644853,1
0.13212109605969202,-1.9618364712148124,1
0.12187655406915889,-0.04159864805130014,1
0.2750149605687554,-0.5817044503151598,1
-1.2829030172004952,-0.5960348027264373,0
-0.2337771563449722,-2.177226917779796,1
-0.03673696199786207,-0.09309562974635185,1
1.042182759453261,-1.9663541886744476,1
-0.6443011335096206,-1.51235655567583,1
-2.41423489148395,4.7546227275878765,4
-2.1631527605804366,-0.010907091746610692,0
1.2027206711843395,-2.242486623455376,1
-0.23628991318346437,-0.9508646030782857,1
0.5421059813975484,-2.271163927496779,1
-2.005546716106831,-0.146144959122629,0
-1.6404931903394138,1.640245083065542,0
-0.07268207088920393,-1.9198262508071111,1
1.588226686084565,-1.5338604980775001,1
-1.9235954748546957,-0.029473751837758435,0
0.43222445604493714,-0.6832544591071075,1
-1.3212388876605885,-1.5674759612038334,0
-2.153158633499343,1.4412632328013537,0
1.0665343320712852,-2.096877850990739,1
0.47547829722277507,-1.8007631598466198,1
0.8265663475920286,-1.025354349949198,1
0.5222090902663727,-1.8447749463247103,1
0.06975758748067848,-2.071251804109754,1
0.959360181089483,-1.6638858837775572,1
-1.6105787613726394,-1.3114049373092573,0
0.7599304658395657,-1.9050996106704847,1
-0.8148173431505435,-0.94047582379851,0
-1.5714934006541388,-0.9693714735813487,0
1.4519381739667525,-1.5729415218355298,1
0.28405232978629547,-1.648219399279529,1
-0.5124823770950134,-1.7461174212319988,1
-2.3414867576098515,2.4479419126582513,4
0.5719423133304563,-1.1625442546446985,1
-1.9208688023546678,-1.3132177395301488,0
0.5348525652147901,-1.3185391162276474,1
-0.09027705809922598,0.703809815738899,0
2.6951755416177074,-1.185986399213212,2
-1.973247487703781,-0.3292292331777532,0
-0.7032549654914978,-0.007817997404525583,0
0.2712379432774858,-1.5732243061809692,1
-1.7804135065432367,-1.462513929631881,0
-1.686044200584498,-0.5152963786554863,0
-1.8835259403611666,0.4906436032394054,0
-1.4051956008045194,-1.483357976597142,0
-1.9355561800409706,-1.654622249246336,0
-1.330668496427457,-2.1439628366618897,1
-0.27936277963787837,-1.099953388845887,1
-0.11123287201070764,-2.133505722060083,1
-0.7613443335483064,-1.091212572492843,1
-2.187554562447431,0.7778309525628051,0
-1.4013332570273012,2.1313957585616183,4
-1.2966920341133543,1.771092924224608,0
-2.031180542143257,-1.264770891437532,0
0.09312653026873813,-1.9134018686096224,1
0.8130538540029004,-1.835619068444387,1
0.39189822034438937,-1.1081489235343032,1
-0.6744469189024953,-1.8299924979417503,1
0.5868849173295092,0.033616797534347855,1
-0.611214462444558,-0.7726146275569326,1
-0.9691510118662082,0.019361241173513757,0
0.22711577289215495,-1.8500160727184622,1
-1.6282639533521654,0.6812490437359027,0
-1.4619495790148265,6.9123714434763945,4
-1.5709100772728022,-0.053111768535248106,0
-1.9103973841278161,-0.4248416111235594,0
-1.8550206338937312,-0.30046042411000096,0
-1.473815615348882,-1.4276269050669794,0
-1.5142657900468632,-1.990769269534551,1
-1.108427203213829,-0.26539806038475905,0
0.4239577342517686,-2.203807731635129,1
-2.586535448667553,-0.575941932875806,0
-1.6322849546257239,-1.7474036002862978,0
-0.8096078649124537,-1.1466494654999504,1
-1.8254601781643247,-1.3628050699044585,0
-1.2261522621778749,-1.0221046732869903,0
-1.7435078657706065,0.3396091907885919,0
1.8161346190665002,2.9396692210049467,4
0.03740501778347729,-0.9759089697945513,1
-1.427404099507589,3.4467291420407644,4
-0.1539680630875234,-1.0127619624248754,1
-1.0601586169644313,-0.767282137947189,0
-1.8744080730364399,-0.6193356665075153,0
-1.9317531791923128,-1.3064290192416668,0
-0.20851689830772652,-1.5971425931268355,1
-1.6750961708787413,-1.686685216508882,0
-2.222047303615708,-0.3071325930160969,0
1.323635101881428,0.8426346770928902,1
-0.9712114247598467,-1.0332094191034893,0
-1.0893606498860253,-1.2269822138907032,0
-1.3060240735588622,-1.6814595157881465,1
-1.3257217556019094,-0.5548363112084725,0
-1.8930896010269653,1.5796905217471084,0
2.066943865016098,-1.6728226587165589,1
-1.072550083572386,2.1209087799984423,4
1.9847070953567298,-1.8648882963810733,1
-0.020464199029511153,-1.2660020102245186,1
0.1366689037878703,-1.3199702226685712,1
-1.5808260490760786,2.7198455725154362,4
-1.8911776471543864,-0.648932847917066,0
-1.1513261818263878,-1.6180448996647174,1
-0.2504187099193884,-1.8525788609662568,1
0.5603678787990123,0.08765639531005096,1
-0.21287032568535622,-2.27263051402335,1
-1.484738630594274,0.9327486448967138,0
-2.2180599610899914,-0.5151490833785762,0
1.7827273520460816,-1.1439415351081128,1
0.28602281231743837,-1.945889752870567,1
-0.908495008764538,-0.8051058947152403,0
-1.4028965823486168,-1.4033882427255038,0
2.706347133004191,-0.3798488862098767,2
0.591881348999174,0.6329617757882132,1
-1.8585657314860646,0.7652230147437162,0
-0.9233702849463891,-1.7664510093329495,1
-0.9273693056224557,-0.7674616587987214,0
-1.0784489755881193,-1.4614720198256121,1
0.5320840706520934,-2.0284686522347775,1
-1.5070270692239291,0.8171874109109962,0
-1.9645666413041154,-0.8993869573128004,0
-2.2613493664143363,-0.3104374026455711,0
-0.9179060457032946,1.6298612226044762,0
-2.1696183004366385,-1.4349930328217575,0
-1.3017677999177208,-2.0654323793334064,1
0.79334439918337,-2.324801724775837,1
-2.7810026178620686,-0.9100521063374242,0
-1.4585752934935805,-1.8643893852623428,1
-0.8689237361093048,-2.0606231675603413,1
1.7561212796371977,-1.7978342569001111,1
-0.6905598255917931,-1.8261047134427641,1
0.16016125238648932,-1.2914193180938265,1
3.3072684125089786,-1.861045680963059,2
-2.0285913224953465,-1.2681450984233673,0
-1.678238026747211,-1.0450985927698484,0
1.137357202654739,-1.1768189454435378,1
1.4314333540514255,-1.9418433652215974,1
-1.9735006777243802,-1.2250201384113784,0
2.348117354628729,-1.0395492530361679,2
0.39595233023903237,-1.8028262114859348,1
-2.137089770252775,-1.3957577656413722,0
0.6729167439250526,-1.870928659971167,1
-1.0542283064622306,-1.4044404419721837,1
-1.5530873135200738,-1.5134853840586482,0
-1.9257164598754968,0.5769385205168835,0
-2.5486819955714144,2.638037099811492,4
-1.3735204815580082,1.435280851881986,0
-2.4650771718945275,-0.6130373118826847,0
-2.0082531215146013,-1.2662591813196986,0
-2.2027390525706823,0.6450144678828453,0
-0.04826716048908828,-0.2395378097603175,1
-2.0880413934601205,0.7525910909634713,0
0.005479745313197292,-1.9414529001419536,1
-0.8270557197904017,-2.1057826347343016,1
0.0699428755673374,-1.9411289562955787,1
-1.1501512509632388,-1.7392157626853655,1
0.8079706977798838,-2.013548553320026,1
-0.12647953405074222,-0.38334548846908356,1
-0.5506527697978987,-0.3093046569493264,0
-1.171110679534665,-1.613706138852084,1
0.26564560686560595,-1.6236049483753852,1
-1.6016102965262689,0.9266825237048951,0
-2.0436001346790653,-1.2930960586183644,0
-0.27685608799585365,-1.75263062694818,1
-1.8107268793161486,0.6175063492372617,0
0.5161784602678863,-1.6312855377349835,1
-0.9826627698505142,-1.4987953002452463,1
-0.8801726664495727,-1.7984641950400404,1
-0.4495960404646669,-0.05321270168609534,0
0.09096083954972713,-1.895089704648444,1
0.0724740854451991,-1.62387230763852,1
-0.7729252906744372,-1.3906835256617704,1
-0.25617907689634195,3.225511933948961,4
-0.6824796221291822,-1.8817067038951183,1
-1.6965637322489269,-0.8448122747642447,0
-1.6538407132910624,-0.024054830480668987,0
0.8294672388467994,-0.851579424184869,1
1.5845841285512547,-2.3038837346811385,1
0.4894667002767916,-0.7039324961657379,1
-0.8852617121683473,-1.625355592627131,1
0.906767735074953,-1.7687913666387294,1
0.30136465880032204,-1.594467534864262,1
-0.5113993247895544,-0.11819373788667685,0
-2.02647544394185,-0.1852197486501487,0
7.251198011894249,-0.4337289638170918,2
-1.305287680545833,-1.095340421408793,0
-0.01346062604759344,-1.9712518522367422,1
-1.8715266789372085,-0.14907865598449158,0
-1.5488929605915027,2.6860330771425365,4
-0.5230843834391964,0.5663792339426892,0
1.2909267632568628,-2.064551418689253,1
0.8461440489057226,-0.3032115572490456,1
-1.9460973277648996,3.799445163910389,4
-2.005877862045207,-0.3931410228313508,0
-0.8201061879770791,-1.3211725374519252,1
1.7253256448156344,-1.4710048741775836,1
0.11640347452554227,-1.4630647784368438,1
-0.6491160432577111,0.09692971823661513,0
0.4148914467679884,-2.1255003885521573,1
-2.2729441171805442,0.4209170208823329,0
-0.45576760135756855,-2.090341790169353,1
1.9903620404856344,-1.863286807514056,1
-1.6509039410231954,-0.5005960442226781,0
-1.8892090410609323,0.30660356229320623,0
-0.8883500021280369,-1.6454483808959284,1
-0.2353592887208722,-1.8912992682204426,1
1.5401154924101872,-1.6172963730772465,1
-1.4556358177744235,0.515675537209715,0
-1.91248118193977,-1.053009981880586,0
-1.9587898116434208,-1.2695974890381305,0
-2.235382131611746,1.649449892801949,0
-1.767851882307869,-1.3416883944157174,0
-2.0689107958202775,0.05681037437452145,0
0.45231853142419354,-1.224343539868594,1
-0.13864542461899532,-1.8001139347243493,1
0.18499114528716923,-1.8799092511362625,1
-0.6903373998939625,-1.7050330689909872,1
-1.574827711707821,0.2797760581081262,0
-1.5606066896918183,0.5132331881761599,0
0.3361283117106471,-2.2166638146335194,1
-1.8377191179002588,-0.34558235004549576,0
-1.9641492943797607,-1.0765260778563341,0
-0.7872686740921074,0.2296518939865655,0
-2.3022231172551884,-0.666133158566616,0
-2.591763118342278,0.3526552602562407,0
-1.3380083320162697,2.4477104752555983,4
-1.9815633262014418,0.13362654667803509,0
-0.5373215191396198,2.85196557002587,4
-1.333918217538281,-0.5010913141055465,0
-1.6856559979758197,0.127353564881,0
-0.6033200850781825,-2.1905429839450674,1
-0.060786707810501245,-1.5970253755694395,1
0.05226924019450241,-0.08076555627137184,1
1.3715167822115941,-0.7379291444462239,1
-0.8219127609035813,-0.30729183094143825,0
-1.8742088023391859,0.8447112571990858,0
-0.9064113646325662,-0.9325044091175088,0
-1.7264314805623822,-1.7683476192863563,0
-1.3228423973594916,-0.629815517454756,0
-0.9067522264534966,-1.624171982801675,1
-1.3920403192538287,0.5194083641219832,0
-2.048691107994572,0.3943532275250346,0
-2.1002679150359125,1.3672224209965453,0
0.22643454088237566,-2.2491391411361064,1
-0.4718061313608215,-1.4316887407744432,1
0.14443167989061675,0.10771786435935256,1
0.05354401526382352,-1.9167517453458605,1
-0.41210841911643387,-2.0038849201466262,1
-1.5464236770858666,-2.145636158310191,1
-0.06335320513469847,-1.7862326579971664,1
-2.322917540011057,-1.0607692985461834,0
-0.35753198003779785,-2.06951648019392,1
-2.6286102459563843,1.8186414490047018,0
-0.8680481222730478,-0.07703786877682005,0
2.5362295060034565,-1.4089667310994851,2
-1.7312248489101532,-1.5108350433178734,0
1.2717102153074653,-0.7363924577919337,1
-0.4075539427721267,0.0779104817971711,0
-2.029776654442222,-0.09174745098033045,0
-1.5960731746931143,0.9884453899693274,0
1.114757888147286,-1.4061993634588965,1
0.2709819451061602,-1.6885135716223953,1
-2.1537066204341033,-1.1321637531462958,0
-0.09587751180697812,-2.283048437286618,1
-1.6199466331537866,-1.5029185243933005,0
-2.097791690020404,-1.3886700447305442,0
-0.6581784330020685,-1.410042261886628,1
0.06031231753252015,-1.5561802397719295,1
-1.8795815778130462,0.009055968211368812,0
-1.8569862806285509,2.5361510781359544,4
-0.49418562653698206,-0.9392685685814349,1
-0.6697804906542356,-1.8624666934556235,1
0.03855929046017268,-1.7652392642538643,1
1.1578016430560096,-1.7373152338317388,1
0.09561654684588526,-1.685717055413498,1
-0.4053671765361331,-2.0590153106231517,1
-1.7372483452619274,-0.06746831277907661,0
-1.4961619786262275,-0.6109576244408129,0
-2.0728105092539097,-1.4736468804683265,0
-0.13177874063059652,-2.1189623517893934,1
-1.8646175116393087,-0.7741726354171662,0
-0.7586131368770631,-1.0735583476797974,1
-2.2273022811114025,1.9704201547214801,0
-0.11716113460695246,-1.845811274460032,1
-1.626753117007694,-1.608586494289161,0
-1.8345409075950916,-1.2296888798146202,0
1.265638009624404,-2.315694091503172,1
-0.08665164982738505,-1.8883771499786697,1
-1.710358211216857,0.3515101486712658,0
-2.21977718105489,0.27077271556368865,0
-2.6822294696540827,-0.9060331495019084,0
-1.8760485219298733,-0.4417677809001343,0
-2.4858250832917785,1.7683464862919842,0
1.1991470800996928,-1.895154011677891,1
-2.4372344537980704,2.602812338710081,4
-0.06298009102732656,-1.6706951930207872,1
-1.9731327499789293,-0.08631091934038186,0
-0.03980083592540295,-2.0799639229363525,1
-0.9242663223283472,-0.5502949158771645,0
-1.2384032326686687,-1.3528250274789084,0
0.39414558393292654,-1.7304707369873635,1
-1.572908058453961,-0.8346287243839348,0
-0.16866332346892396,-0.7458415991578283,1
-2.128627421035594,-0.2403967339263857,0
2.3240685580673013,-1.9613480868583886,2
4.607497248092693,-1.0724070209050396,2
-2.441455611832882,0.6091894673508875,0
0.24558884723972335,-1.8576199788710508,1
-1.7423124483403452,0.2761196290451662,0
-0.34701982655963,-1.6661088237514825,1
-0.12937960639856075,-1.714234956860683,1
-1.7281494154421086,-0.5069240923459837,0
0.30688167490663426,-1.7326439113122725,1
-0.931893417306464,-1.2190271002969022,1
-1.7225186812134043,-1.4238545988869942,0
-2.035322011547116,1.193346482850446,0
-0.8756922794372611,-2.0657225551620813,1
-1.1225395987960163,-2.167693996936866,1
-1.874842871639531,-0.1543147910160135,0
-1.836945794837279,-0.3666149699952903,0
-0.31595432853817224,-2.3281202424268517,1
-2.300727377704144,2.0904759130025954,0
-1.9700652558012588,0.6084381591260137,0
-1.92255030503278,0.31802168240815737,0
0.3305348457706644,-2.2421731472268314,1
0.38486620382119585,-1.6367882895837123,1
-0.7018720501693129,-2.0550050073821273,1
-0.9186113633368497,4.547732192530025,4
-1.7770289202769487,0.9751346802383996,0
-1.8928364369557114,-0.7128119644659068,0
-1.3998588934732357,-1.9919876508475574,1
-1.4844137793955183,2.3684004055476224,4
4.67254647997013,-0.6199250014373026,2
-1.9439128998694815,0.6578553973907667,0
-1.2905716874263675,-0.541017401208808,0
-2.118076219754944,-0.163131665358885,0
0.15041151681692244,-1.2836845107344668,1
-1.8682329999062106,2.096338890846719,0
-0.49732643126570153,-1.8495146878482305,1
1.009683276791368,-2.1058985310456344,1
-1.987511969675039,-1.4693024980509815,0
1.5771054688839352,0.9949155272328787,2
-1.9211808705606852,0.27958656667909426,0
-2.1712811935599294,0.8163941002103436,0
-1.698300096962777,-1.3220385253598628,0
0.2535233526964576,-2.0674819195249627,1
-1.0161398429249933,-1.7309755924443877,1
0.3948613481543655,-2.002458470055245,1
-1.2399148063938892,6.599814924967856,4
-0.035941312897283965,-1.8051028531517221,1
3.1128524033993537,-2.3021742294604186,2
-1.4759324603243853,0.9203118172979349,0
-1.6716652592469914,0.35636504348437387,0
-1.2170122573623807,-1.6018008414569171,1
-0.2268548163635301,-1.7076309271672543,1
1.1724086216625935,-2.2607614096111264,1
-2.473619677854045,-0.8295438716555602,0
0.5111760326736233,-2.0932384304218314,1
-0.18038976201795442,-1.7425484276186733,1
0.48032983583412836,-1.2309462153478694,1
1.2202743665999227,-2.0806650719840674,1
-2.151525087780144,-1.2283608198745903,0
-2.376135321438513,-0.4193915408562318,0
-0.1479777795784441,0.09375196233490297,0
-0.37931861910660536,-2.2435874276047416,1
-1.7661360883427233,0.5831020620336754,0
-1.5601441280009163,-0.27180525556219104,0
0.09231768672730557,1.8277809743487623,4
0.8238081800114461,-0.44051031662963763,1
-0.23733620856386406,0.6319078432997134,0
-1.0418379652317458,-1.147447294316358,0
-0.149973172415715,-1.6999352040328335,1
-1.7558214893296846,1.3811321549176772,0
-2.0564232235963265,-1.0388669907720267,0
0.04325640634109129,-1.9127370385503895,1
-2.503479220367743,1.1829546872124643,0
-1.1376422862381474,-1.6499763177218256,1
-1.9302392423306869,0.018600921490089257,0
0.08328214779533907,-1.9839109062700973,1
-0.7854462426151645,2.177377974326457,4
4.861960037034414,2.3540282076411576,2
-1.038933161246749,-0.5553534887850601,0
-1.1181190308599884,0.28475145315819367,0
-1.9458996330411495,1.7341937851769411,0
0.8605633756247564,-2.2641353008110356,1
0.15762288603796554,-1.6810435918769588,1
-0.9648773844666618,-0.6438945297039167,0
-1.3228503813973311,0.352631321530615,0
-2.327033983842241,0.7111045481838176,0
-1.1080653905057711,0.5794574988438401,0
0.3069704323003011,-2.007402068505764,1
0.516274358195701,-0.07811463453606073,1
-0.037594320405845476,-1.9309468518878903,1
-0.39737290201247955,-2.1688362299159185,1
-0.5808665535784212,-2.269364369165704,1
-1.7663433783703695,-1.5459828103562683,0
-0.48051492258469863,-2.218063093513164,1
0.15526760497344977,-1.0099056993513693,1
-2.419541323274443,-1.1428084453493763,0
0.22358751785188527,-2.0592730256287552,1
-2.1129944680504824,1.6055906989848163,0
0.23951361898491944,-0.5742043881302701,1
-0.7772060580351483,-1.4678692012714438,1
-0.2775878233616353,-0.5764297167937038,1
0.04423246823417152,-1.3188230552031137,1
-0.19645968754075552,-1.7923525715439845,1
-1.4633340000876425,-0.1061968823136625,0
1.1425824497206192,-1.2257072562266047,1
-1.8098086474892934,-0.8652591931167729,0
-0.044265086088430654,-1.9290850684757874,1
0.3888496910471568,-2.2222569572002344,1
-0.24017453708361935,0.11611514128241654,0
0.6555651995880928,-1.1411195776616674,1
0.34324523914852484,-2.3027937652126327,1
-2.1505778472688055,-0.603437656358383,0
-0.7500322314703919,-2.178306917268574,1
-0.023061259084616533,-2.2210809965309712,1
-0.26974567424484636,-0.2478883765529112,1
0.3930030696316571,-2.3788436117732608,1
-0.05994978739700959,-1.9552742773441674,1
-2.0232843960531643,1.2119931262400032,0
-1.3544018527897395,-0.6575212893260961,0
-2.4560124192602775,-0.19875194856444833,0
-2.0607907086568256,1.8197189319573466,0
0.22066656835298237,-2.1505028908239496,1
-2.0567982352027685,-0.41543772002461454,0
-0.2836489434160983,-2.0076678213795027,1
-2.1556875810870304,-1.3791501544664033,0
-1.6126750194791246,1.141722673449411,0
-0.06968894450219101,-1.841517705652954,1
-0.8204962386556439,-2.0550106001627415,1
0.5682426588231984,-1.9327386330897725,1
-2.0141941243891845,-0.2245985447200908,0
-0.7844561604068268,-0.7827619528654635,0
-2.3908136528094253,-0.08660665683651714,0
-0.11132319146338018,1.3813702204956784,0
-1.9059192955881878,-1.5109300250688995,0
0.5603668134468609,-2.3442721136455105,1
-1.8128059373997911,3.272808847643425,4
-1.3807264204044756,0.1372850993620048,0
-0.18759071156239515,-2.243739105552894,1
-0.18446167536500227,-1.8766535625847651,1
-0.784008006334291,-1.728995971082735,1
-0.11202698566513479,-2.1274845302527554,1
0.35164686950497975,-1.3063161856115653,1
-2.2010580036373937,0.4331803228135348,0
-0.31195366056823115,-1.0154368555369828,1
-2.0025406152097904,2.08418694960092,0
-1.416832508524684,0.3644695640781705,0
0.052852999363053314,-2.338317446755751,1
-1.9460452544233728,-1.1049171192997977,0
-0.27922569151505633,0.001542686981281645,0
-0.39425728168740976,-1.93017988846173,1
0.38468294341885784,-2.3798357833468393,1
-1.4461485680966393,-1.2082795070171481,0
-2.1170229557933626,-1.216522515060402,0
-1.7573716417234837,2.201001147630553,4
-0.23746498247527925,-2.222715073668936,1
-2.3251385401289952,0.19362307489181171,0
-1.9053075025533104,1.7602596999537732,0
-0.4295301184944058,-1.7427779175681863,1
-0.1133566168200989,-1.9045458537709197,1
-2.242322099076843,0.8095602369095486,0
-0.734054393599455,-2.0246530588471146,1
-1.2345073455392421,-1.2530415223851343,0
-0.15958900461767703,-1.7136283656148281,1
-0.30798390606894205,-1.9517889468487999,1
-0.22449744914774789,-1.7062863084590163,1
1.1915050653715333,-2.155585620715413,1
0.18671582150920613,-2.3695801592933883,1
0.05153448485893249,-2.2572236538518715,1
-2.3685447268593878,1.5166539220001038,0
-0.8373944624022858,-1.9859753404261542,1
-1.9740716389466997,-0.8761289329422837,0
-2.3209767130748142,0.38423928580376165,0
-2.0050820964225617,-1.4273893886866313,0
-2.294009104267722,-0.6045535491190113,0
-0.7681433304312866,-1.2692389277634732,1
0.22329212785756095,2.908858517129307,4
0.6340235047651102,-2.297303874983801,1
0.21226792254532495,-1.5128896584812546,1
-1.7935360580567734,1.4344412921120047,0
0.30751842682946673,1.143577206651937,0
-0.24136439026347253,1.8964565238944802,4
-1.2080851159670973,-1.1592898159663745,0
-2.5247142354625858,-0.46886548489612,0
-1.210208868077183,-0.8752775575600387,0
-1.52785614976208,0.20946051083130765,0
-2.4473940427306777,1.1028922259129772,0
-0.45280522428296915,-0.7682580480454176,1
0.5654270835316065,-1.585427126648078,1
-0.4530396980817097,0.5472594886840261,0
-0.6606157064260716,-1.671128505193684,1
-0.45574901023393677,-1.84974987670638,1
-2.2571671928261265,0.34578781777817447,0
-1.7802374056333843,-1.4567240844327267,0
-2.322644848009017,-0.35597943917633734,0
-2.3424782162211373,-1.4359866060788151,0
-2.418325774391924,-0.5488276101568942,0
2.1145458428044095,-1.4202858555850062,1
0.13958371038820092,5.423305387167669,4
-2.256339108580388,3.025437418210338,4
-0.8979331238054276,-1.790410010494759,1
-0.4706383563579231,-1.7232478395701663,1
-0.06597128528479396,-2.1417529547381284,1
-1.4456703120018537,-0.886877715545866,0
-0.21472750968521193,-0.06575430957487553,0
-0.5565282652562695,-1.4050578248561993,1
-0.8091096610626586,-2.0586387887579356,1
-0.44566773747560035,-1.7190704873475253,1
-1.6091486265113755,-0.7958441383388004,0
-2.534067391447994,1.003225221054861,0
-1.0405841777756681,1.5850471953173901,0
0.36582924608122425,-2.3160759786125755,1
-1.6098415350654,-0.787849248206638,0
-0.7209736212577817,0.4506357283467072,0
0.012669312911726544,-0.7511669993995991,1
-0.1850062914264315,-0.9294973761367143,1
-0.14449626432531745,-2.1894875592302356,1
-1.192356356293241,-0.7689153996671475,0
-0.7657040694416901,-1.6813922394026954,1
-2.2731981112420976,-0.09768305744585908,0
-0.7330558290499322,-1.469597070592807,1
-2.1508257729929867,0.03923370749036826,0
0.2171887145113163,0.23336234716753354,1
-2.708789435660312,-0.2932921664557504,0
0.06575462681659901,-0.36861851008268814,1
-2.3903138795373025,-1.0708131979131383,0
-1.2017159355159635,-1.791302415061049,1
-2.3516329050882203,0.15865651549457183,0
-0.3248690225687646,-1.6862626568628285,1
-0.33408607214535635,-2.159852144831372,1
0.579825890501679,-0.7054816220509308,1
0.08088137868070867,-2.3315370232667756,1
-0.2726219318766162,-2.1502967059805345,1
-2.606397839312202,-0.8458724921111548,0
-0.579586034458486,-1.2295264753285369,1
-0.16619390852582144,-1.8365344065698794,1
-0.4723421345737154,-0.38800582610556417,0
-0.49224129992475707,-0.6574180947370296,1
1.2727129129254182,-1.2500916771117658,1
-0.9809987644739244,-0.9337638636199898,0
-2.652539482767437,-0.9153483632105585,0
-1.1448428258177408,-1.5711691040205606,1
-2.355015354959671,-0.29612872202678797,0
-0.5020409227756986,-1.9389724404631554,1
0.05337863502851248,-1.5385299069930547,1
0.06127018316571416,-2.2240470998102797,1
-0.8441956955129298,-2.1790998792252245,1
-1.5840486975139827,-0.6136869174240532,0
-0.7934438412534193,-2.1093625246480117,1
-0.10188703428351002,-2.3641250827256837,1
-1.5734451878842737,-0.7527219426683655,0
-1.7057868191959107,-0.83687556908917,0
-0.9816860852327048,-1.7640470807223108,1
-0.7846138930281131,0.7016420717422932,0
-0.4617292610198465,-2.000174082806827,1
-1.8813230734346478,0.8054474658263635,0
-1.125064483735596,0.992777040054624,0
-1.3630305495303539,-1.5094206663358103,0
-2.253750353344775,1.1598880789131505,0
-1.154670552475926,-1.9068632175090343,1
-1.8678686940967062,-1.3536213124456493,0
-2.4851798657717943,0.4646831200620698,0
-0.9708431297470757,-1.9621658863846698,1
-0.5520321008828377,-1.8386334895307606,1
1.0732610986792919,-1.8032647761008813,1
-2.1132816876191183,-1.1710696100706297,0
-0.6565076712696436,-1.7584107712286214,1
-0.14951015199741138,-2.1491262014101653,1
-0.1299454562964921,-1.8581503824531218,1
-0.004775017289176948,-2.318867605452405,1
-2.663680503550237,-0.1359362017531744,0
-0.8916449050099505,-0.6309339388226146,0
-0.633435852488071,-2.0325226216322925,1
-0.21567728896042468,-2.3498201853385314,1
-0.21532996088006895,-0.7706898164509307,1
-1.0637756366120068,-1.7772035590120274,1
-0.47529508351151367,-1.635885249758902,1
0.018957881433214755,-2.1337280275747514,1
-2.502373256017344,-0.4043969511572596,0
-2.3499310211493194,-0.18441158191577156,0
-1.3785785054531996,-0.31895796134763477,0
0.05209859197451655,-2.3034877928490234,1
-0.6228123885439331,4.20258915151219,4
-0.5953985369986727,-1.865928903373166,1
-2.20990559140319,-1.259386914056907,0
-1.1137864801028616,-0.8298743633754384,0
-0.3625715994691851,-2.013436593444922,1
-0.5808099428182222,-1.6756633454987915,1
-0.9289851221654448,-1.8080483470638298,1
-2.337844749324759,-0.6536113315533688,0
-0.5580265333490142,-0.40064609776206683,0
